hierarchy_code,channel,year,week_num,expected_sales_units,oo_placed
70001,Ecom,2026,26,,0
70001,Ecom,2026,27,,0
70001,Ecom,2026,28,,0
70001,Ecom,2026,29,,0
70001,Ecom,2026,30,,0
70001,Ecom,2026,31,,0
70001,Ecom,2026,32,,0
70001,Ecom,2026,33,,0
70001,Ecom,2026,34,,0
70001,Ecom,2026,35,,0
70001,Ecom,2026,36,,0
70001,Ecom,2026,37,,0
70001,Ecom,2026,38,,0
70001,Ecom,2026,39,,0
70001,Ecom,2026,40,,0
70001,Ecom,2026,41,,0
70001,Ecom,2026,42,,0
70001,Ecom,2026,43,,0
70001,Ecom,2026,44,,0
70001,Ecom,2026,45,,0
70001,Ecom,2026,46,,0
70001,Ecom,2026,47,,0
70001,Ecom,2026,48,,0
70001,Ecom,2026,49,,0
70001,Ecom,2026,50,,0
70001,Ecom,2026,51,,0
70001,Ecom,2026,52,,0
70001,Indirect,2026,26,,0
70001,Indirect,2026,27,,0
70001,Indirect,2026,28,,0
70001,Indirect,2026,29,,0
70001,Indirect,2026,30,,0
70001,Indirect,2026,31,,0
70001,Indirect,2026,32,,0
70001,Indirect,2026,33,,0
70001,Indirect,2026,34,,0
70001,Indirect,2026,35,,0
70001,Indirect,2026,36,,0
70001,Indirect,2026,37,,0
70001,Indirect,2026,38,,0
70001,Indirect,2026,39,,0
70001,Indirect,2026,40,,0
70001,Indirect,2026,41,,0
70001,Indirect,2026,42,,0
70001,Indirect,2026,43,,0
70001,Indirect,2026,44,,0
70001,Indirect,2026,45,,0
70001,Indirect,2026,46,,0
70001,Indirect,2026,47,,0
70001,Indirect,2026,48,,0
70001,Indirect,2026,49,,0
70001,Indirect,2026,50,,0
70001,Indirect,2026,51,,0
70001,Indirect,2026,52,,0
70001,Store,2026,26,,0
70001,Store,2026,27,,0
70001,Store,2026,28,,0
70001,Store,2026,29,,0
70001,Store,2026,30,,0
70001,Store,2026,31,,0
70001,Store,2026,32,,0
70001,Store,2026,33,,0
70001,Store,2026,34,,0
70001,Store,2026,35,,0
70001,Store,2026,36,,0
70001,Store,2026,37,,0
70001,Store,2026,38,,0
70001,Store,2026,39,,0
70001,Store,2026,40,,0
70001,Store,2026,41,,0
70001,Store,2026,42,,0
70001,Store,2026,43,,0
70001,Store,2026,44,,0
70001,Store,2026,45,,0
70001,Store,2026,46,,0
70001,Store,2026,47,,0
70001,Store,2026,48,,0
70001,Store,2026,49,,0
70001,Store,2026,50,,0
70001,Store,2026,51,,0
70001,Store,2026,52,,0
70002,Ecom,2026,26,,0
70002,Ecom,2026,27,,0
70002,Ecom,2026,28,,0
70002,Ecom,2026,29,,0
70002,Ecom,2026,30,,0
70002,Ecom,2026,31,,0
70002,Ecom,2026,32,,0
70002,Ecom,2026,33,,0
70002,Ecom,2026,34,,0
70002,Ecom,2026,35,,0
70002,Ecom,2026,36,,0
70002,Ecom,2026,37,,0
70002,Ecom,2026,38,,0
70002,Ecom,2026,39,,0
70002,Ecom,2026,40,,0
70002,Ecom,2026,41,,0
70002,Ecom,2026,42,,0
70002,Ecom,2026,43,,0
70002,Ecom,2026,44,,0
70002,Ecom,2026,45,,0
70002,Ecom,2026,46,,0
70002,Ecom,2026,47,,0
70002,Ecom,2026,48,,0
70002,Ecom,2026,49,,0
70002,Ecom,2026,50,,0
70002,Ecom,2026,51,,0
70002,Ecom,2026,52,,0
70002,Indirect,2026,26,,0
70002,Indirect,2026,27,,0
70002,Indirect,2026,28,,0
70002,Indirect,2026,29,,0
70002,Indirect,2026,30,,0
70002,Indirect,2026,31,,0
70002,Indirect,2026,32,,0
70002,Indirect,2026,33,,0
70002,Indirect,2026,34,,0
70002,Indirect,2026,35,,0
70002,Indirect,2026,36,,0
70002,Indirect,2026,37,,0
70002,Indirect,2026,38,,0
70002,Indirect,2026,39,,0
70002,Indirect,2026,40,,0
70002,Indirect,2026,41,,0
70002,Indirect,2026,42,,0
70002,Indirect,2026,43,,0
70002,Indirect,2026,44,,0
70002,Indirect,2026,45,,0
70002,Indirect,2026,46,,0
70002,Indirect,2026,47,,0
70002,Indirect,2026,48,,0
70002,Indirect,2026,49,,0
70002,Indirect,2026,50,,0
70002,Indirect,2026,51,,0
70002,Indirect,2026,52,,0
70002,Store,2026,26,,0
70002,Store,2026,27,,0
70002,Store,2026,28,,0
70002,Store,2026,29,,0
70002,Store,2026,30,,0
70002,Store,2026,31,,0
70002,Store,2026,32,,0
70002,Store,2026,33,,0
70002,Store,2026,34,,0
70002,Store,2026,35,,0
70002,Store,2026,36,,0
70002,Store,2026,37,,0
70002,Store,2026,38,,0
70002,Store,2026,39,,0
70002,Store,2026,40,,0
70002,Store,2026,41,,0
70002,Store,2026,42,,0
70002,Store,2026,43,,0
70002,Store,2026,44,,0
70002,Store,2026,45,,0
70002,Store,2026,46,,0
70002,Store,2026,47,,0
70002,Store,2026,48,,0
70002,Store,2026,49,,0
70002,Store,2026,50,,0
70002,Store,2026,51,,0
70002,Store,2026,52,,0
70003,Ecom,2026,26,,0
70003,Ecom,2026,27,,0
70003,Ecom,2026,28,,0
70003,Ecom,2026,29,,0
70003,Ecom,2026,30,,0
70003,Ecom,2026,31,,0
70003,Ecom,2026,32,,0
70003,Ecom,2026,33,,0
70003,Ecom,2026,34,,0
70003,Ecom,2026,35,,0
70003,Ecom,2026,36,,0
70003,Ecom,2026,37,,0
70003,Ecom,2026,38,,0
70003,Ecom,2026,39,,0
70003,Ecom,2026,40,,0
70003,Ecom,2026,41,,0
70003,Ecom,2026,42,,0
70003,Ecom,2026,43,,0
70003,Ecom,2026,44,,0
70003,Ecom,2026,45,,0
70003,Ecom,2026,46,,0
70003,Ecom,2026,47,,0
70003,Ecom,2026,48,,0
70003,Ecom,2026,49,,0
70003,Ecom,2026,50,,0
70003,Ecom,2026,51,,0
70003,Ecom,2026,52,,0
70003,Indirect,2026,26,,0
70003,Indirect,2026,27,,0
70003,Indirect,2026,28,,0
70003,Indirect,2026,29,,0
70003,Indirect,2026,30,,0
70003,Indirect,2026,31,,0
70003,Indirect,2026,32,,0
70003,Indirect,2026,33,,0
70003,Indirect,2026,34,,0
70003,Indirect,2026,35,,0
70003,Indirect,2026,36,,0
70003,Indirect,2026,37,,0
70003,Indirect,2026,38,,0
70003,Indirect,2026,39,,0
70003,Indirect,2026,40,,0
70003,Indirect,2026,41,,0
70003,Indirect,2026,42,,0
70003,Indirect,2026,43,,0
70003,Indirect,2026,44,,0
70003,Indirect,2026,45,,0
70003,Indirect,2026,46,,0
70003,Indirect,2026,47,,0
70003,Indirect,2026,48,,0
70003,Indirect,2026,49,,0
70003,Indirect,2026,50,,0
70003,Indirect,2026,51,,0
70003,Indirect,2026,52,,0
70003,Store,2026,26,,0
70003,Store,2026,27,,0
70003,Store,2026,28,,0
70003,Store,2026,29,,0
70003,Store,2026,30,,0
70003,Store,2026,31,,0
70003,Store,2026,32,,0
70003,Store,2026,33,,0
70003,Store,2026,34,,0
70003,Store,2026,35,,0
70003,Store,2026,36,,0
70003,Store,2026,37,,0
70003,Store,2026,38,,0
70003,Store,2026,39,,0
70003,Store,2026,40,,0
70003,Store,2026,41,,0
70003,Store,2026,42,,0
70003,Store,2026,43,,0
70003,Store,2026,44,,0
70003,Store,2026,45,,0
70003,Store,2026,46,,0
70003,Store,2026,47,,0
70003,Store,2026,48,,0
70003,Store,2026,49,,0
70003,Store,2026,50,,0
70003,Store,2026,51,,0
70003,Store,2026,52,,0
70004,Ecom,2026,26,,0
70004,Ecom,2026,27,,0
70004,Ecom,2026,28,,0
70004,Ecom,2026,29,,0
70004,Ecom,2026,30,,0
70004,Ecom,2026,31,,0
70004,Ecom,2026,32,,0
70004,Ecom,2026,33,,0
70004,Ecom,2026,34,,0
70004,Ecom,2026,35,,0
70004,Ecom,2026,36,,0
70004,Ecom,2026,37,,0
70004,Ecom,2026,38,,0
70004,Ecom,2026,39,,0
70004,Ecom,2026,40,,0
70004,Ecom,2026,41,,0
70004,Ecom,2026,42,,0
70004,Ecom,2026,43,,0
70004,Ecom,2026,44,,0
70004,Ecom,2026,45,,0
70004,Ecom,2026,46,,0
70004,Ecom,2026,47,,0
70004,Ecom,2026,48,,0
70004,Ecom,2026,49,,0
70004,Ecom,2026,50,,0
70004,Ecom,2026,51,,0
70004,Ecom,2026,52,,0
70004,Indirect,2026,26,,0
70004,Indirect,2026,27,,0
70004,Indirect,2026,28,,0
70004,Indirect,2026,29,,0
70004,Indirect,2026,30,,0
70004,Indirect,2026,31,,0
70004,Indirect,2026,32,,0
70004,Indirect,2026,33,,0
70004,Indirect,2026,34,,0
70004,Indirect,2026,35,,0
70004,Indirect,2026,36,,0
70004,Indirect,2026,37,,0
70004,Indirect,2026,38,,0
70004,Indirect,2026,39,,0
70004,Indirect,2026,40,,0
70004,Indirect,2026,41,,0
70004,Indirect,2026,42,,0
70004,Indirect,2026,43,,0
70004,Indirect,2026,44,,0
70004,Indirect,2026,45,,0
70004,Indirect,2026,46,,0
70004,Indirect,2026,47,,0
70004,Indirect,2026,48,,0
70004,Indirect,2026,49,,0
70004,Indirect,2026,50,,0
70004,Indirect,2026,51,,0
70004,Indirect,2026,52,,0
70004,Store,2026,26,,0
70004,Store,2026,27,,0
70004,Store,2026,28,,0
70004,Store,2026,29,,0
70004,Store,2026,30,,0
70004,Store,2026,31,,0
70004,Store,2026,32,,0
70004,Store,2026,33,,0
70004,Store,2026,34,,0
70004,Store,2026,35,,0
70004,Store,2026,36,,0
70004,Store,2026,37,,0
70004,Store,2026,38,,0
70004,Store,2026,39,,0
70004,Store,2026,40,,0
70004,Store,2026,41,,0
70004,Store,2026,42,,0
70004,Store,2026,43,,0
70004,Store,2026,44,,0
70004,Store,2026,45,,0
70004,Store,2026,46,,0
70004,Store,2026,47,,0
70004,Store,2026,48,,0
70004,Store,2026,49,,0
70004,Store,2026,50,,0
70004,Store,2026,51,,0
70004,Store,2026,52,,0
70005,Ecom,2026,26,,0
70005,Ecom,2026,27,,0
70005,Ecom,2026,28,,0
70005,Ecom,2026,29,,0
70005,Ecom,2026,30,,0
70005,Ecom,2026,31,,0
70005,Ecom,2026,32,,0
70005,Ecom,2026,33,,0
70005,Ecom,2026,34,,0
70005,Ecom,2026,35,,0
70005,Ecom,2026,36,,0
70005,Ecom,2026,37,,0
70005,Ecom,2026,38,,0
70005,Ecom,2026,39,,0
70005,Ecom,2026,40,,0
70005,Ecom,2026,41,,0
70005,Ecom,2026,42,,0
70005,Ecom,2026,43,,0
70005,Ecom,2026,44,,0
70005,Ecom,2026,45,,0
70005,Ecom,2026,46,,0
70005,Ecom,2026,47,,0
70005,Ecom,2026,48,,0
70005,Ecom,2026,49,,0
70005,Ecom,2026,50,,0
70005,Ecom,2026,51,,0
70005,Ecom,2026,52,,0
70005,Indirect,2026,26,,0
70005,Indirect,2026,27,,0
70005,Indirect,2026,28,,0
70005,Indirect,2026,29,,0
70005,Indirect,2026,30,,0
70005,Indirect,2026,31,,0
70005,Indirect,2026,32,,0
70005,Indirect,2026,33,,0
70005,Indirect,2026,34,,0
70005,Indirect,2026,35,,0
70005,Indirect,2026,36,,0
70005,Indirect,2026,37,,0
70005,Indirect,2026,38,,0
70005,Indirect,2026,39,,0
70005,Indirect,2026,40,,0
70005,Indirect,2026,41,,0
70005,Indirect,2026,42,,0
70005,Indirect,2026,43,,0
70005,Indirect,2026,44,,0
70005,Indirect,2026,45,,0
70005,Indirect,2026,46,,0
70005,Indirect,2026,47,,0
70005,Indirect,2026,48,,0
70005,Indirect,2026,49,,0
70005,Indirect,2026,50,,0
70005,Indirect,2026,51,,0
70005,Indirect,2026,52,,0
70005,Store,2026,26,,0
70005,Store,2026,27,,0
70005,Store,2026,28,,0
70005,Store,2026,29,,0
70005,Store,2026,30,,0
70005,Store,2026,31,,0
70005,Store,2026,32,,0
70005,Store,2026,33,,0
70005,Store,2026,34,,0
70005,Store,2026,35,,0
70005,Store,2026,36,,0
70005,Store,2026,37,,0
70005,Store,2026,38,,0
70005,Store,2026,39,,0
70005,Store,2026,40,,0
70005,Store,2026,41,,0
70005,Store,2026,42,,0
70005,Store,2026,43,,0
70005,Store,2026,44,,0
70005,Store,2026,45,,0
70005,Store,2026,46,,0
70005,Store,2026,47,,0
70005,Store,2026,48,,0
70005,Store,2026,49,,0
70005,Store,2026,50,,0
70005,Store,2026,51,,0
70005,Store,2026,52,,0
70006,Ecom,2026,26,,0
70006,Ecom,2026,27,,0
70006,Ecom,2026,28,,0
70006,Ecom,2026,29,,0
70006,Ecom,2026,30,,0
70006,Ecom,2026,31,,0
70006,Ecom,2026,32,,0
70006,Ecom,2026,33,,0
70006,Ecom,2026,34,,0
70006,Ecom,2026,35,,0
70006,Ecom,2026,36,,0
70006,Ecom,2026,37,,0
70006,Ecom,2026,38,,0
70006,Ecom,2026,39,,0
70006,Ecom,2026,40,,0
70006,Ecom,2026,41,,0
70006,Ecom,2026,42,,0
70006,Ecom,2026,43,,0
70006,Ecom,2026,44,,0
70006,Ecom,2026,45,,0
70006,Ecom,2026,46,,0
70006,Ecom,2026,47,,0
70006,Ecom,2026,48,,0
70006,Ecom,2026,49,,0
70006,Ecom,2026,50,,0
70006,Ecom,2026,51,,0
70006,Ecom,2026,52,,0
70006,Indirect,2026,26,,0
70006,Indirect,2026,27,,0
70006,Indirect,2026,28,,0
70006,Indirect,2026,29,,0
70006,Indirect,2026,30,,0
70006,Indirect,2026,31,,0
70006,Indirect,2026,32,,0
70006,Indirect,2026,33,,0
70006,Indirect,2026,34,,0
70006,Indirect,2026,35,,0
70006,Indirect,2026,36,,0
70006,Indirect,2026,37,,0
70006,Indirect,2026,38,,0
70006,Indirect,2026,39,,0
70006,Indirect,2026,40,,0
70006,Indirect,2026,41,,0
70006,Indirect,2026,42,,0
70006,Indirect,2026,43,,0
70006,Indirect,2026,44,,0
70006,Indirect,2026,45,,0
70006,Indirect,2026,46,,0
70006,Indirect,2026,47,,0
70006,Indirect,2026,48,,0
70006,Indirect,2026,49,,0
70006,Indirect,2026,50,,0
70006,Indirect,2026,51,,0
70006,Indirect,2026,52,,0
70006,Store,2026,26,,0
70006,Store,2026,27,,0
70006,Store,2026,28,,0
70006,Store,2026,29,,0
70006,Store,2026,30,,0
70006,Store,2026,31,,0
70006,Store,2026,32,,0
70006,Store,2026,33,,0
70006,Store,2026,34,,0
70006,Store,2026,35,,0
70006,Store,2026,36,,0
70006,Store,2026,37,,0
70006,Store,2026,38,,0
70006,Store,2026,39,,0
70006,Store,2026,40,,0
70006,Store,2026,41,,0
70006,Store,2026,42,,0
70006,Store,2026,43,,0
70006,Store,2026,44,,0
70006,Store,2026,45,,0
70006,Store,2026,46,,0
70006,Store,2026,47,,0
70006,Store,2026,48,,0
70006,Store,2026,49,,0
70006,Store,2026,50,,0
70006,Store,2026,51,,0
70006,Store,2026,52,,0
70007,Ecom,2026,26,,0
70007,Ecom,2026,27,,0
70007,Ecom,2026,28,,0
70007,Ecom,2026,29,,0
70007,Ecom,2026,30,,0
70007,Ecom,2026,31,,0
70007,Ecom,2026,32,,0
70007,Ecom,2026,33,,0
70007,Ecom,2026,34,,0
70007,Ecom,2026,35,,0
70007,Ecom,2026,36,,0
70007,Ecom,2026,37,,0
70007,Ecom,2026,38,,0
70007,Ecom,2026,39,,0
70007,Ecom,2026,40,,0
70007,Ecom,2026,41,,0
70007,Ecom,2026,42,,0
70007,Ecom,2026,43,,0
70007,Ecom,2026,44,,0
70007,Ecom,2026,45,,0
70007,Ecom,2026,46,,0
70007,Ecom,2026,47,,0
70007,Ecom,2026,48,,0
70007,Ecom,2026,49,,0
70007,Ecom,2026,50,,0
70007,Ecom,2026,51,,0
70007,Ecom,2026,52,,0
70007,Indirect,2026,26,,0
70007,Indirect,2026,27,,0
70007,Indirect,2026,28,,0
70007,Indirect,2026,29,,0
70007,Indirect,2026,30,,0
70007,Indirect,2026,31,,0
70007,Indirect,2026,32,,0
70007,Indirect,2026,33,,0
70007,Indirect,2026,34,,0
70007,Indirect,2026,35,,0
70007,Indirect,2026,36,,0
70007,Indirect,2026,37,,0
70007,Indirect,2026,38,,0
70007,Indirect,2026,39,,0
70007,Indirect,2026,40,,0
70007,Indirect,2026,41,,0
70007,Indirect,2026,42,,0
70007,Indirect,2026,43,,0
70007,Indirect,2026,44,,0
70007,Indirect,2026,45,,0
70007,Indirect,2026,46,,0
70007,Indirect,2026,47,,0
70007,Indirect,2026,48,,0
70007,Indirect,2026,49,,0
70007,Indirect,2026,50,,0
70007,Indirect,2026,51,,0
70007,Indirect,2026,52,,0
70007,Store,2026,26,,0
70007,Store,2026,27,,0
70007,Store,2026,28,,0
70007,Store,2026,29,,0
70007,Store,2026,30,,0
70007,Store,2026,31,,0
70007,Store,2026,32,,0
70007,Store,2026,33,,0
70007,Store,2026,34,,0
70007,Store,2026,35,,0
70007,Store,2026,36,,0
70007,Store,2026,37,,0
70007,Store,2026,38,,0
70007,Store,2026,39,,0
70007,Store,2026,40,,0
70007,Store,2026,41,,0
70007,Store,2026,42,,0
70007,Store,2026,43,,0
70007,Store,2026,44,,0
70007,Store,2026,45,,0
70007,Store,2026,46,,0
70007,Store,2026,47,,0
70007,Store,2026,48,,0
70007,Store,2026,49,,0
70007,Store,2026,50,,0
70007,Store,2026,51,,0
70007,Store,2026,52,,0
70008,Ecom,2026,26,,0
70008,Ecom,2026,27,,0
70008,Ecom,2026,28,,0
70008,Ecom,2026,29,,0
70008,Ecom,2026,30,,0
70008,Ecom,2026,31,,0
70008,Ecom,2026,32,,0
70008,Ecom,2026,33,,0
70008,Ecom,2026,34,,0
70008,Ecom,2026,35,,0
70008,Ecom,2026,36,,0
70008,Ecom,2026,37,,0
70008,Ecom,2026,38,,0
70008,Ecom,2026,39,,0
70008,Ecom,2026,40,,0
70008,Ecom,2026,41,,0
70008,Ecom,2026,42,,0
70008,Ecom,2026,43,,0
70008,Ecom,2026,44,,0
70008,Ecom,2026,45,,0
70008,Ecom,2026,46,,0
70008,Ecom,2026,47,,0
70008,Ecom,2026,48,,0
70008,Ecom,2026,49,,0
70008,Ecom,2026,50,,0
70008,Ecom,2026,51,,0
70008,Ecom,2026,52,,0
70008,Indirect,2026,26,,0
70008,Indirect,2026,27,,0
70008,Indirect,2026,28,,0
70008,Indirect,2026,29,,0
70008,Indirect,2026,30,,0
70008,Indirect,2026,31,,0
70008,Indirect,2026,32,,0
70008,Indirect,2026,33,,0
70008,Indirect,2026,34,,0
70008,Indirect,2026,35,,0
70008,Indirect,2026,36,,0
70008,Indirect,2026,37,,0
70008,Indirect,2026,38,,0
70008,Indirect,2026,39,,0
70008,Indirect,2026,40,,0
70008,Indirect,2026,41,,0
70008,Indirect,2026,42,,0
70008,Indirect,2026,43,,0
70008,Indirect,2026,44,,0
70008,Indirect,2026,45,,0
70008,Indirect,2026,46,,0
70008,Indirect,2026,47,,0
70008,Indirect,2026,48,,0
70008,Indirect,2026,49,,0
70008,Indirect,2026,50,,0
70008,Indirect,2026,51,,0
70008,Indirect,2026,52,,0
70008,Store,2026,26,,0
70008,Store,2026,27,,0
70008,Store,2026,28,,0
70008,Store,2026,29,,0
70008,Store,2026,30,,0
70008,Store,2026,31,,0
70008,Store,2026,32,,0
70008,Store,2026,33,,0
70008,Store,2026,34,,0
70008,Store,2026,35,,0
70008,Store,2026,36,,0
70008,Store,2026,37,,0
70008,Store,2026,38,,0
70008,Store,2026,39,,0
70008,Store,2026,40,,0
70008,Store,2026,41,,0
70008,Store,2026,42,,0
70008,Store,2026,43,,0
70008,Store,2026,44,,0
70008,Store,2026,45,,0
70008,Store,2026,46,,0
70008,Store,2026,47,,0
70008,Store,2026,48,,0
70008,Store,2026,49,,0
70008,Store,2026,50,,0
70008,Store,2026,51,,0
70008,Store,2026,52,,0
70009,Ecom,2026,26,,0
70009,Ecom,2026,27,,0
70009,Ecom,2026,28,,0
70009,Ecom,2026,29,,0
70009,Ecom,2026,30,,0
70009,Ecom,2026,31,,0
70009,Ecom,2026,32,,0
70009,Ecom,2026,33,,0
70009,Ecom,2026,34,,0
70009,Ecom,2026,35,,0
70009,Ecom,2026,36,,0
70009,Ecom,2026,37,,0
70009,Ecom,2026,38,,0
70009,Ecom,2026,39,,0
70009,Ecom,2026,40,,0
70009,Ecom,2026,41,,0
70009,Ecom,2026,42,,0
70009,Ecom,2026,43,,0
70009,Ecom,2026,44,,0
70009,Ecom,2026,45,,0
70009,Ecom,2026,46,,0
70009,Ecom,2026,47,,0
70009,Ecom,2026,48,,0
70009,Ecom,2026,49,,0
70009,Ecom,2026,50,,0
70009,Ecom,2026,51,,0
70009,Ecom,2026,52,,0
70009,Indirect,2026,26,,0
70009,Indirect,2026,27,,0
70009,Indirect,2026,28,,0
70009,Indirect,2026,29,,0
70009,Indirect,2026,30,,0
70009,Indirect,2026,31,,0
70009,Indirect,2026,32,,0
70009,Indirect,2026,33,,0
70009,Indirect,2026,34,,0
70009,Indirect,2026,35,,0
70009,Indirect,2026,36,,0
70009,Indirect,2026,37,,0
70009,Indirect,2026,38,,0
70009,Indirect,2026,39,,0
70009,Indirect,2026,40,,0
70009,Indirect,2026,41,,0
70009,Indirect,2026,42,,0
70009,Indirect,2026,43,,0
70009,Indirect,2026,44,,0
70009,Indirect,2026,45,,0
70009,Indirect,2026,46,,0
70009,Indirect,2026,47,,0
70009,Indirect,2026,48,,0
70009,Indirect,2026,49,,0
70009,Indirect,2026,50,,0
70009,Indirect,2026,51,,0
70009,Indirect,2026,52,,0
70009,Store,2026,26,,0
70009,Store,2026,27,,0
70009,Store,2026,28,,0
70009,Store,2026,29,,0
70009,Store,2026,30,,0
70009,Store,2026,31,,0
70009,Store,2026,32,,0
70009,Store,2026,33,,0
70009,Store,2026,34,,0
70009,Store,2026,35,,0
70009,Store,2026,36,,0
70009,Store,2026,37,,0
70009,Store,2026,38,,0
70009,Store,2026,39,,0
70009,Store,2026,40,,0
70009,Store,2026,41,,0
70009,Store,2026,42,,0
70009,Store,2026,43,,0
70009,Store,2026,44,,0
70009,Store,2026,45,,0
70009,Store,2026,46,,0
70009,Store,2026,47,,0
70009,Store,2026,48,,0
70009,Store,2026,49,,0
70009,Store,2026,50,,0
70009,Store,2026,51,,0
70009,Store,2026,52,,0
70010,Ecom,2026,26,,0
70010,Ecom,2026,27,,0
70010,Ecom,2026,28,,0
70010,Ecom,2026,29,,0
70010,Ecom,2026,30,,0
70010,Ecom,2026,31,,0
70010,Ecom,2026,32,,0
70010,Ecom,2026,33,,0
70010,Ecom,2026,34,,0
70010,Ecom,2026,35,,0
70010,Ecom,2026,36,,0
70010,Ecom,2026,37,,0
70010,Ecom,2026,38,,0
70010,Ecom,2026,39,,0
70010,Ecom,2026,40,,0
70010,Ecom,2026,41,,0
70010,Ecom,2026,42,,0
70010,Ecom,2026,43,,0
70010,Ecom,2026,44,,0
70010,Ecom,2026,45,,0
70010,Ecom,2026,46,,0
70010,Ecom,2026,47,,0
70010,Ecom,2026,48,,0
70010,Ecom,2026,49,,0
70010,Ecom,2026,50,,0
70010,Ecom,2026,51,,0
70010,Ecom,2026,52,,0
70010,Indirect,2026,26,,0
70010,Indirect,2026,27,,0
70010,Indirect,2026,28,,0
70010,Indirect,2026,29,,0
70010,Indirect,2026,30,,0
70010,Indirect,2026,31,,0
70010,Indirect,2026,32,,0
70010,Indirect,2026,33,,0
70010,Indirect,2026,34,,0
70010,Indirect,2026,35,,0
70010,Indirect,2026,36,,0
70010,Indirect,2026,37,,0
70010,Indirect,2026,38,,0
70010,Indirect,2026,39,,0
70010,Indirect,2026,40,,0
70010,Indirect,2026,41,,0
70010,Indirect,2026,42,,0
70010,Indirect,2026,43,,0
70010,Indirect,2026,44,,0
70010,Indirect,2026,45,,0
70010,Indirect,2026,46,,0
70010,Indirect,2026,47,,0
70010,Indirect,2026,48,,0
70010,Indirect,2026,49,,0
70010,Indirect,2026,50,,0
70010,Indirect,2026,51,,0
70010,Indirect,2026,52,,0
70010,Store,2026,26,,0
70010,Store,2026,27,,0
70010,Store,2026,28,,0
70010,Store,2026,29,,0
70010,Store,2026,30,,0
70010,Store,2026,31,,0
70010,Store,2026,32,,0
70010,Store,2026,33,,0
70010,Store,2026,34,,0
70010,Store,2026,35,,0
70010,Store,2026,36,,0
70010,Store,2026,37,,0
70010,Store,2026,38,,0
70010,Store,2026,39,,0
70010,Store,2026,40,,0
70010,Store,2026,41,,0
70010,Store,2026,42,,0
70010,Store,2026,43,,0
70010,Store,2026,44,,0
70010,Store,2026,45,,0
70010,Store,2026,46,,0
70010,Store,2026,47,,0
70010,Store,2026,48,,0
70010,Store,2026,49,,0
70010,Store,2026,50,,0
70010,Store,2026,51,,0
70010,Store,2026,52,,0
70011,Ecom,2026,26,,0
70011,Ecom,2026,27,,0
70011,Ecom,2026,28,,0
70011,Ecom,2026,29,,0
70011,Ecom,2026,30,,0
70011,Ecom,2026,31,,0
70011,Ecom,2026,32,,0
70011,Ecom,2026,33,,0
70011,Ecom,2026,34,,0
70011,Ecom,2026,35,,0
70011,Ecom,2026,36,,0
70011,Ecom,2026,37,,0
70011,Ecom,2026,38,,0
70011,Ecom,2026,39,,0
70011,Ecom,2026,40,,0
70011,Ecom,2026,41,,0
70011,Ecom,2026,42,,0
70011,Ecom,2026,43,,0
70011,Ecom,2026,44,,0
70011,Ecom,2026,45,,0
70011,Ecom,2026,46,,0
70011,Ecom,2026,47,,0
70011,Ecom,2026,48,,0
70011,Ecom,2026,49,,0
70011,Ecom,2026,50,,0
70011,Ecom,2026,51,,0
70011,Ecom,2026,52,,0
70011,Indirect,2026,26,,0
70011,Indirect,2026,27,,0
70011,Indirect,2026,28,,0
70011,Indirect,2026,29,,0
70011,Indirect,2026,30,,0
70011,Indirect,2026,31,,0
70011,Indirect,2026,32,,0
70011,Indirect,2026,33,,0
70011,Indirect,2026,34,,0
70011,Indirect,2026,35,,0
70011,Indirect,2026,36,,0
70011,Indirect,2026,37,,0
70011,Indirect,2026,38,,0
70011,Indirect,2026,39,,0
70011,Indirect,2026,40,,0
70011,Indirect,2026,41,,0
70011,Indirect,2026,42,,0
70011,Indirect,2026,43,,0
70011,Indirect,2026,44,,0
70011,Indirect,2026,45,,0
70011,Indirect,2026,46,,0
70011,Indirect,2026,47,,0
70011,Indirect,2026,48,,0
70011,Indirect,2026,49,,0
70011,Indirect,2026,50,,0
70011,Indirect,2026,51,,0
70011,Indirect,2026,52,,0
70011,Store,2026,26,,0
70011,Store,2026,27,,0
70011,Store,2026,28,,0
70011,Store,2026,29,,0
70011,Store,2026,30,,0
70011,Store,2026,31,,0
70011,Store,2026,32,,0
70011,Store,2026,33,,0
70011,Store,2026,34,,0
70011,Store,2026,35,,0
70011,Store,2026,36,,0
70011,Store,2026,37,,0
70011,Store,2026,38,,0
70011,Store,2026,39,,0
70011,Store,2026,40,,0
70011,Store,2026,41,,0
70011,Store,2026,42,,0
70011,Store,2026,43,,0
70011,Store,2026,44,,0
70011,Store,2026,45,,0
70011,Store,2026,46,,0
70011,Store,2026,47,,0
70011,Store,2026,48,,0
70011,Store,2026,49,,0
70011,Store,2026,50,,0
70011,Store,2026,51,,0
70011,Store,2026,52,,0
70012,Ecom,2026,26,,0
70012,Ecom,2026,27,,0
70012,Ecom,2026,28,,0
70012,Ecom,2026,29,,0
70012,Ecom,2026,30,,0
70012,Ecom,2026,31,,0
70012,Ecom,2026,32,,0
70012,Ecom,2026,33,,0
70012,Ecom,2026,34,,0
70012,Ecom,2026,35,,0
70012,Ecom,2026,36,,0
70012,Ecom,2026,37,,0
70012,Ecom,2026,38,,0
70012,Ecom,2026,39,,0
70012,Ecom,2026,40,,0
70012,Ecom,2026,41,,0
70012,Ecom,2026,42,,0
70012,Ecom,2026,43,,0
70012,Ecom,2026,44,,0
70012,Ecom,2026,45,,0
70012,Ecom,2026,46,,0
70012,Ecom,2026,47,,0
70012,Ecom,2026,48,,0
70012,Ecom,2026,49,,0
70012,Ecom,2026,50,,0
70012,Ecom,2026,51,,0
70012,Ecom,2026,52,,0
70012,Indirect,2026,26,,0
70012,Indirect,2026,27,,0
70012,Indirect,2026,28,,0
70012,Indirect,2026,29,,0
70012,Indirect,2026,30,,0
70012,Indirect,2026,31,,0
70012,Indirect,2026,32,,0
70012,Indirect,2026,33,,0
70012,Indirect,2026,34,,0
70012,Indirect,2026,35,,0
70012,Indirect,2026,36,,0
70012,Indirect,2026,37,,0
70012,Indirect,2026,38,,0
70012,Indirect,2026,39,,0
70012,Indirect,2026,40,,0
70012,Indirect,2026,41,,0
70012,Indirect,2026,42,,0
70012,Indirect,2026,43,,0
70012,Indirect,2026,44,,0
70012,Indirect,2026,45,,0
70012,Indirect,2026,46,,0
70012,Indirect,2026,47,,0
70012,Indirect,2026,48,,0
70012,Indirect,2026,49,,0
70012,Indirect,2026,50,,0
70012,Indirect,2026,51,,0
70012,Indirect,2026,52,,0
70012,Store,2026,26,,0
70012,Store,2026,27,,0
70012,Store,2026,28,,0
70012,Store,2026,29,,0
70012,Store,2026,30,,0
70012,Store,2026,31,,0
70012,Store,2026,32,,0
70012,Store,2026,33,,0
70012,Store,2026,34,,0
70012,Store,2026,35,,0
70012,Store,2026,36,,0
70012,Store,2026,37,,0
70012,Store,2026,38,,0
70012,Store,2026,39,,0
70012,Store,2026,40,,0
70012,Store,2026,41,,0
70012,Store,2026,42,,0
70012,Store,2026,43,,0
70012,Store,2026,44,,0
70012,Store,2026,45,,0
70012,Store,2026,46,,0
70012,Store,2026,47,,0
70012,Store,2026,48,,0
70012,Store,2026,49,,0
70012,Store,2026,50,,0
70012,Store,2026,51,,0
70012,Store,2026,52,,0
70013,Ecom,2026,26,,0
70013,Ecom,2026,27,,0
70013,Ecom,2026,28,,0
70013,Ecom,2026,29,,0
70013,Ecom,2026,30,,0
70013,Ecom,2026,31,,0
70013,Ecom,2026,32,,0
70013,Ecom,2026,33,,0
70013,Ecom,2026,34,,0
70013,Ecom,2026,35,,0
70013,Ecom,2026,36,,0
70013,Ecom,2026,37,,0
70013,Ecom,2026,38,,0
70013,Ecom,2026,39,,0
70013,Ecom,2026,40,,0
70013,Ecom,2026,41,,0
70013,Ecom,2026,42,,0
70013,Ecom,2026,43,,0
70013,Ecom,2026,44,,0
70013,Ecom,2026,45,,0
70013,Ecom,2026,46,,0
70013,Ecom,2026,47,,0
70013,Ecom,2026,48,,0
70013,Ecom,2026,49,,0
70013,Ecom,2026,50,,0
70013,Ecom,2026,51,,0
70013,Ecom,2026,52,,0
70013,Indirect,2026,26,,0
70013,Indirect,2026,27,,0
70013,Indirect,2026,28,,0
70013,Indirect,2026,29,,0
70013,Indirect,2026,30,,0
70013,Indirect,2026,31,,0
70013,Indirect,2026,32,,0
70013,Indirect,2026,33,,0
70013,Indirect,2026,34,,0
70013,Indirect,2026,35,,0
70013,Indirect,2026,36,,0
70013,Indirect,2026,37,,0
70013,Indirect,2026,38,,0
70013,Indirect,2026,39,,0
70013,Indirect,2026,40,,0
70013,Indirect,2026,41,,0
70013,Indirect,2026,42,,0
70013,Indirect,2026,43,,0
70013,Indirect,2026,44,,0
70013,Indirect,2026,45,,0
70013,Indirect,2026,46,,0
70013,Indirect,2026,47,,0
70013,Indirect,2026,48,,0
70013,Indirect,2026,49,,0
70013,Indirect,2026,50,,0
70013,Indirect,2026,51,,0
70013,Indirect,2026,52,,0
70013,Store,2026,26,,0
70013,Store,2026,27,,0
70013,Store,2026,28,,0
70013,Store,2026,29,,0
70013,Store,2026,30,,0
70013,Store,2026,31,,0
70013,Store,2026,32,,0
70013,Store,2026,33,,0
70013,Store,2026,34,,0
70013,Store,2026,35,,0
70013,Store,2026,36,,0
70013,Store,2026,37,,0
70013,Store,2026,38,,0
70013,Store,2026,39,,0
70013,Store,2026,40,,0
70013,Store,2026,41,,0
70013,Store,2026,42,,0
70013,Store,2026,43,,0
70013,Store,2026,44,,0
70013,Store,2026,45,,0
70013,Store,2026,46,,0
70013,Store,2026,47,,0
70013,Store,2026,48,,0
70013,Store,2026,49,,0
70013,Store,2026,50,,0
70013,Store,2026,51,,0
70013,Store,2026,52,,0
70014,Ecom,2026,26,,0
70014,Ecom,2026,27,,0
70014,Ecom,2026,28,,0
70014,Ecom,2026,29,,0
70014,Ecom,2026,30,,0
70014,Ecom,2026,31,,0
70014,Ecom,2026,32,,0
70014,Ecom,2026,33,,0
70014,Ecom,2026,34,,0
70014,Ecom,2026,35,,0
70014,Ecom,2026,36,,0
70014,Ecom,2026,37,,0
70014,Ecom,2026,38,,0
70014,Ecom,2026,39,,0
70014,Ecom,2026,40,,0
70014,Ecom,2026,41,,0
70014,Ecom,2026,42,,0
70014,Ecom,2026,43,,0
70014,Ecom,2026,44,,0
70014,Ecom,2026,45,,0
70014,Ecom,2026,46,,0
70014,Ecom,2026,47,,0
70014,Ecom,2026,48,,0
70014,Ecom,2026,49,,0
70014,Ecom,2026,50,,0
70014,Ecom,2026,51,,0
70014,Ecom,2026,52,,0
70014,Indirect,2026,26,,0
70014,Indirect,2026,27,,0
70014,Indirect,2026,28,,0
70014,Indirect,2026,29,,0
70014,Indirect,2026,30,,0
70014,Indirect,2026,31,,0
70014,Indirect,2026,32,,0
70014,Indirect,2026,33,,0
70014,Indirect,2026,34,,0
70014,Indirect,2026,35,,0
70014,Indirect,2026,36,,0
70014,Indirect,2026,37,,0
70014,Indirect,2026,38,,0
70014,Indirect,2026,39,,0
70014,Indirect,2026,40,,0
70014,Indirect,2026,41,,0
70014,Indirect,2026,42,,0
70014,Indirect,2026,43,,0
70014,Indirect,2026,44,,0
70014,Indirect,2026,45,,0
70014,Indirect,2026,46,,0
70014,Indirect,2026,47,,0
70014,Indirect,2026,48,,0
70014,Indirect,2026,49,,0
70014,Indirect,2026,50,,0
70014,Indirect,2026,51,,0
70014,Indirect,2026,52,,0
70014,Store,2026,26,,0
70014,Store,2026,27,,0
70014,Store,2026,28,,0
70014,Store,2026,29,,0
70014,Store,2026,30,,0
70014,Store,2026,31,,0
70014,Store,2026,32,,0
70014,Store,2026,33,,0
70014,Store,2026,34,,0
70014,Store,2026,35,,0
70014,Store,2026,36,,0
70014,Store,2026,37,,0
70014,Store,2026,38,,0
70014,Store,2026,39,,0
70014,Store,2026,40,,0
70014,Store,2026,41,,0
70014,Store,2026,42,,0
70014,Store,2026,43,,0
70014,Store,2026,44,,0
70014,Store,2026,45,,0
70014,Store,2026,46,,0
70014,Store,2026,47,,0
70014,Store,2026,48,,0
70014,Store,2026,49,,0
70014,Store,2026,50,,0
70014,Store,2026,51,,0
70014,Store,2026,52,,0
70015,Ecom,2026,26,,0
70015,Ecom,2026,27,,0
70015,Ecom,2026,28,,0
70015,Ecom,2026,29,,0
70015,Ecom,2026,30,,0
70015,Ecom,2026,31,,0
70015,Ecom,2026,32,,0
70015,Ecom,2026,33,,0
70015,Ecom,2026,34,,0
70015,Ecom,2026,35,,0
70015,Ecom,2026,36,,0
70015,Ecom,2026,37,,0
70015,Ecom,2026,38,,0
70015,Ecom,2026,39,,0
70015,Ecom,2026,40,,0
70015,Ecom,2026,41,,0
70015,Ecom,2026,42,,0
70015,Ecom,2026,43,,0
70015,Ecom,2026,44,,0
70015,Ecom,2026,45,,0
70015,Ecom,2026,46,,0
70015,Ecom,2026,47,,0
70015,Ecom,2026,48,,0
70015,Ecom,2026,49,,0
70015,Ecom,2026,50,,0
70015,Ecom,2026,51,,0
70015,Ecom,2026,52,,0
70015,Indirect,2026,26,,0
70015,Indirect,2026,27,,0
70015,Indirect,2026,28,,0
70015,Indirect,2026,29,,0
70015,Indirect,2026,30,,0
70015,Indirect,2026,31,,0
70015,Indirect,2026,32,,0
70015,Indirect,2026,33,,0
70015,Indirect,2026,34,,0
70015,Indirect,2026,35,,0
70015,Indirect,2026,36,,0
70015,Indirect,2026,37,,0
70015,Indirect,2026,38,,0
70015,Indirect,2026,39,,0
70015,Indirect,2026,40,,0
70015,Indirect,2026,41,,0
70015,Indirect,2026,42,,0
70015,Indirect,2026,43,,0
70015,Indirect,2026,44,,0
70015,Indirect,2026,45,,0
70015,Indirect,2026,46,,0
70015,Indirect,2026,47,,0
70015,Indirect,2026,48,,0
70015,Indirect,2026,49,,0
70015,Indirect,2026,50,,0
70015,Indirect,2026,51,,0
70015,Indirect,2026,52,,0
70015,Store,2026,26,,0
70015,Store,2026,27,,0
70015,Store,2026,28,,0
70015,Store,2026,29,,0
70015,Store,2026,30,,0
70015,Store,2026,31,,0
70015,Store,2026,32,,0
70015,Store,2026,33,,0
70015,Store,2026,34,,0
70015,Store,2026,35,,0
70015,Store,2026,36,,0
70015,Store,2026,37,,0
70015,Store,2026,38,,0
70015,Store,2026,39,,0
70015,Store,2026,40,,0
70015,Store,2026,41,,0
70015,Store,2026,42,,0
70015,Store,2026,43,,0
70015,Store,2026,44,,0
70015,Store,2026,45,,0
70015,Store,2026,46,,0
70015,Store,2026,47,,0
70015,Store,2026,48,,0
70015,Store,2026,49,,0
70015,Store,2026,50,,0
70015,Store,2026,51,,0
70015,Store,2026,52,,0
70016,Ecom,2026,26,,0
70016,Ecom,2026,27,,0
70016,Ecom,2026,28,,0
70016,Ecom,2026,29,,0
70016,Ecom,2026,30,,0
70016,Ecom,2026,31,,0
70016,Ecom,2026,32,,0
70016,Ecom,2026,33,,0
70016,Ecom,2026,34,,0
70016,Ecom,2026,35,,0
70016,Ecom,2026,36,,0
70016,Ecom,2026,37,,0
70016,Ecom,2026,38,,0
70016,Ecom,2026,39,,0
70016,Ecom,2026,40,,0
70016,Ecom,2026,41,,0
70016,Ecom,2026,42,,0
70016,Ecom,2026,43,,0
70016,Ecom,2026,44,,0
70016,Ecom,2026,45,,0
70016,Ecom,2026,46,,0
70016,Ecom,2026,47,,0
70016,Ecom,2026,48,,0
70016,Ecom,2026,49,,0
70016,Ecom,2026,50,,0
70016,Ecom,2026,51,,0
70016,Ecom,2026,52,,0
70016,Indirect,2026,26,,0
70016,Indirect,2026,27,,0
70016,Indirect,2026,28,,0
70016,Indirect,2026,29,,0
70016,Indirect,2026,30,,0
70016,Indirect,2026,31,,0
70016,Indirect,2026,32,,0
70016,Indirect,2026,33,,0
70016,Indirect,2026,34,,0
70016,Indirect,2026,35,,0
70016,Indirect,2026,36,,0
70016,Indirect,2026,37,,0
70016,Indirect,2026,38,,0
70016,Indirect,2026,39,,0
70016,Indirect,2026,40,,0
70016,Indirect,2026,41,,0
70016,Indirect,2026,42,,0
70016,Indirect,2026,43,,0
70016,Indirect,2026,44,,0
70016,Indirect,2026,45,,0
70016,Indirect,2026,46,,0
70016,Indirect,2026,47,,0
70016,Indirect,2026,48,,0
70016,Indirect,2026,49,,0
70016,Indirect,2026,50,,0
70016,Indirect,2026,51,,0
70016,Indirect,2026,52,,0
70016,Store,2026,26,,0
70016,Store,2026,27,,0
70016,Store,2026,28,,0
70016,Store,2026,29,,0
70016,Store,2026,30,,0
70016,Store,2026,31,,0
70016,Store,2026,32,,0
70016,Store,2026,33,,0
70016,Store,2026,34,,0
70016,Store,2026,35,,0
70016,Store,2026,36,,0
70016,Store,2026,37,,0
70016,Store,2026,38,,0
70016,Store,2026,39,,0
70016,Store,2026,40,,0
70016,Store,2026,41,,0
70016,Store,2026,42,,0
70016,Store,2026,43,,0
70016,Store,2026,44,,0
70016,Store,2026,45,,0
70016,Store,2026,46,,0
70016,Store,2026,47,,0
70016,Store,2026,48,,0
70016,Store,2026,49,,0
70016,Store,2026,50,,0
70016,Store,2026,51,,0
70016,Store,2026,52,,0
70017,Ecom,2026,26,,0
70017,Ecom,2026,27,,0
70017,Ecom,2026,28,,0
70017,Ecom,2026,29,,0
70017,Ecom,2026,30,,0
70017,Ecom,2026,31,,0
70017,Ecom,2026,32,,0
70017,Ecom,2026,33,,0
70017,Ecom,2026,34,,0
70017,Ecom,2026,35,,0
70017,Ecom,2026,36,,0
70017,Ecom,2026,37,,0
70017,Ecom,2026,38,,0
70017,Ecom,2026,39,,0
70017,Ecom,2026,40,,0
70017,Ecom,2026,41,,0
70017,Ecom,2026,42,,0
70017,Ecom,2026,43,,0
70017,Ecom,2026,44,,0
70017,Ecom,2026,45,,0
70017,Ecom,2026,46,,0
70017,Ecom,2026,47,,0
70017,Ecom,2026,48,,0
70017,Ecom,2026,49,,0
70017,Ecom,2026,50,,0
70017,Ecom,2026,51,,0
70017,Ecom,2026,52,,0
70017,Indirect,2026,26,,0
70017,Indirect,2026,27,,0
70017,Indirect,2026,28,,0
70017,Indirect,2026,29,,0
70017,Indirect,2026,30,,0
70017,Indirect,2026,31,,0
70017,Indirect,2026,32,,0
70017,Indirect,2026,33,,0
70017,Indirect,2026,34,,0
70017,Indirect,2026,35,,0
70017,Indirect,2026,36,,0
70017,Indirect,2026,37,,0
70017,Indirect,2026,38,,0
70017,Indirect,2026,39,,0
70017,Indirect,2026,40,,0
70017,Indirect,2026,41,,0
70017,Indirect,2026,42,,0
70017,Indirect,2026,43,,0
70017,Indirect,2026,44,,0
70017,Indirect,2026,45,,0
70017,Indirect,2026,46,,0
70017,Indirect,2026,47,,0
70017,Indirect,2026,48,,0
70017,Indirect,2026,49,,0
70017,Indirect,2026,50,,0
70017,Indirect,2026,51,,0
70017,Indirect,2026,52,,0
70017,Store,2026,26,,0
70017,Store,2026,27,,0
70017,Store,2026,28,,0
70017,Store,2026,29,,0
70017,Store,2026,30,,0
70017,Store,2026,31,,0
70017,Store,2026,32,,0
70017,Store,2026,33,,0
70017,Store,2026,34,,0
70017,Store,2026,35,,0
70017,Store,2026,36,,0
70017,Store,2026,37,,0
70017,Store,2026,38,,0
70017,Store,2026,39,,0
70017,Store,2026,40,,0
70017,Store,2026,41,,0
70017,Store,2026,42,,0
70017,Store,2026,43,,0
70017,Store,2026,44,,0
70017,Store,2026,45,,0
70017,Store,2026,46,,0
70017,Store,2026,47,,0
70017,Store,2026,48,,0
70017,Store,2026,49,,0
70017,Store,2026,50,,0
70017,Store,2026,51,,0
70017,Store,2026,52,,0
70018,Ecom,2026,26,,0
70018,Ecom,2026,27,,0
70018,Ecom,2026,28,,0
70018,Ecom,2026,29,,0
70018,Ecom,2026,30,,0
70018,Ecom,2026,31,,0
70018,Ecom,2026,32,,0
70018,Ecom,2026,33,,0
70018,Ecom,2026,34,,0
70018,Ecom,2026,35,,0
70018,Ecom,2026,36,,0
70018,Ecom,2026,37,,0
70018,Ecom,2026,38,,0
70018,Ecom,2026,39,,0
70018,Ecom,2026,40,,0
70018,Ecom,2026,41,,0
70018,Ecom,2026,42,,0
70018,Ecom,2026,43,,0
70018,Ecom,2026,44,,0
70018,Ecom,2026,45,,0
70018,Ecom,2026,46,,0
70018,Ecom,2026,47,,0
70018,Ecom,2026,48,,0
70018,Ecom,2026,49,,0
70018,Ecom,2026,50,,0
70018,Ecom,2026,51,,0
70018,Ecom,2026,52,,0
70018,Indirect,2026,26,,0
70018,Indirect,2026,27,,0
70018,Indirect,2026,28,,0
70018,Indirect,2026,29,,0
70018,Indirect,2026,30,,0
70018,Indirect,2026,31,,0
70018,Indirect,2026,32,,0
70018,Indirect,2026,33,,0
70018,Indirect,2026,34,,0
70018,Indirect,2026,35,,0
70018,Indirect,2026,36,,0
70018,Indirect,2026,37,,0
70018,Indirect,2026,38,,0
70018,Indirect,2026,39,,0
70018,Indirect,2026,40,,0
70018,Indirect,2026,41,,0
70018,Indirect,2026,42,,0
70018,Indirect,2026,43,,0
70018,Indirect,2026,44,,0
70018,Indirect,2026,45,,0
70018,Indirect,2026,46,,0
70018,Indirect,2026,47,,0
70018,Indirect,2026,48,,0
70018,Indirect,2026,49,,0
70018,Indirect,2026,50,,0
70018,Indirect,2026,51,,0
70018,Indirect,2026,52,,0
70018,Store,2026,26,,0
70018,Store,2026,27,,0
70018,Store,2026,28,,0
70018,Store,2026,29,,0
70018,Store,2026,30,,0
70018,Store,2026,31,,0
70018,Store,2026,32,,0
70018,Store,2026,33,,0
70018,Store,2026,34,,0
70018,Store,2026,35,,0
70018,Store,2026,36,,0
70018,Store,2026,37,,0
70018,Store,2026,38,,0
70018,Store,2026,39,,0
70018,Store,2026,40,,0
70018,Store,2026,41,,0
70018,Store,2026,42,,0
70018,Store,2026,43,,0
70018,Store,2026,44,,0
70018,Store,2026,45,,0
70018,Store,2026,46,,0
70018,Store,2026,47,,0
70018,Store,2026,48,,0
70018,Store,2026,49,,0
70018,Store,2026,50,,0
70018,Store,2026,51,,0
70018,Store,2026,52,,0
70019,Ecom,2026,26,,0
70019,Ecom,2026,27,,0
70019,Ecom,2026,28,,0
70019,Ecom,2026,29,,0
70019,Ecom,2026,30,,0
70019,Ecom,2026,31,,0
70019,Ecom,2026,32,,0
70019,Ecom,2026,33,,0
70019,Ecom,2026,34,,0
70019,Ecom,2026,35,,0
70019,Ecom,2026,36,,0
70019,Ecom,2026,37,,0
70019,Ecom,2026,38,,0
70019,Ecom,2026,39,,0
70019,Ecom,2026,40,,0
70019,Ecom,2026,41,,0
70019,Ecom,2026,42,,0
70019,Ecom,2026,43,,0
70019,Ecom,2026,44,,0
70019,Ecom,2026,45,,0
70019,Ecom,2026,46,,0
70019,Ecom,2026,47,,0
70019,Ecom,2026,48,,0
70019,Ecom,2026,49,,0
70019,Ecom,2026,50,,0
70019,Ecom,2026,51,,0
70019,Ecom,2026,52,,0
70019,Indirect,2026,26,,0
70019,Indirect,2026,27,,0
70019,Indirect,2026,28,,0
70019,Indirect,2026,29,,0
70019,Indirect,2026,30,,0
70019,Indirect,2026,31,,0
70019,Indirect,2026,32,,0
70019,Indirect,2026,33,,0
70019,Indirect,2026,34,,0
70019,Indirect,2026,35,,0
70019,Indirect,2026,36,,0
70019,Indirect,2026,37,,0
70019,Indirect,2026,38,,0
70019,Indirect,2026,39,,0
70019,Indirect,2026,40,,0
70019,Indirect,2026,41,,0
70019,Indirect,2026,42,,0
70019,Indirect,2026,43,,0
70019,Indirect,2026,44,,0
70019,Indirect,2026,45,,0
70019,Indirect,2026,46,,0
70019,Indirect,2026,47,,0
70019,Indirect,2026,48,,0
70019,Indirect,2026,49,,0
70019,Indirect,2026,50,,0
70019,Indirect,2026,51,,0
70019,Indirect,2026,52,,0
70019,Store,2026,26,,0
70019,Store,2026,27,,0
70019,Store,2026,28,,0
70019,Store,2026,29,,0
70019,Store,2026,30,,0
70019,Store,2026,31,,0
70019,Store,2026,32,,0
70019,Store,2026,33,,0
70019,Store,2026,34,,0
70019,Store,2026,35,,0
70019,Store,2026,36,,0
70019,Store,2026,37,,0
70019,Store,2026,38,,0
70019,Store,2026,39,,0
70019,Store,2026,40,,0
70019,Store,2026,41,,0
70019,Store,2026,42,,0
70019,Store,2026,43,,0
70019,Store,2026,44,,0
70019,Store,2026,45,,0
70019,Store,2026,46,,0
70019,Store,2026,47,,0
70019,Store,2026,48,,0
70019,Store,2026,49,,0
70019,Store,2026,50,,0
70019,Store,2026,51,,0
70019,Store,2026,52,,0
70020,Ecom,2026,26,,0
70020,Ecom,2026,27,,0
70020,Ecom,2026,28,,0
70020,Ecom,2026,29,,0
70020,Ecom,2026,30,,0
70020,Ecom,2026,31,,0
70020,Ecom,2026,32,,0
70020,Ecom,2026,33,,0
70020,Ecom,2026,34,,0
70020,Ecom,2026,35,,0
70020,Ecom,2026,36,,0
70020,Ecom,2026,37,,0
70020,Ecom,2026,38,,0
70020,Ecom,2026,39,,0
70020,Ecom,2026,40,,0
70020,Ecom,2026,41,,0
70020,Ecom,2026,42,,0
70020,Ecom,2026,43,,0
70020,Ecom,2026,44,,0
70020,Ecom,2026,45,,0
70020,Ecom,2026,46,,0
70020,Ecom,2026,47,,0
70020,Ecom,2026,48,,0
70020,Ecom,2026,49,,0
70020,Ecom,2026,50,,0
70020,Ecom,2026,51,,0
70020,Ecom,2026,52,,0
70020,Indirect,2026,26,,0
70020,Indirect,2026,27,,0
70020,Indirect,2026,28,,0
70020,Indirect,2026,29,,0
70020,Indirect,2026,30,,0
70020,Indirect,2026,31,,0
70020,Indirect,2026,32,,0
70020,Indirect,2026,33,,0
70020,Indirect,2026,34,,0
70020,Indirect,2026,35,,0
70020,Indirect,2026,36,,0
70020,Indirect,2026,37,,0
70020,Indirect,2026,38,,0
70020,Indirect,2026,39,,0
70020,Indirect,2026,40,,0
70020,Indirect,2026,41,,0
70020,Indirect,2026,42,,0
70020,Indirect,2026,43,,0
70020,Indirect,2026,44,,0
70020,Indirect,2026,45,,0
70020,Indirect,2026,46,,0
70020,Indirect,2026,47,,0
70020,Indirect,2026,48,,0
70020,Indirect,2026,49,,0
70020,Indirect,2026,50,,0
70020,Indirect,2026,51,,0
70020,Indirect,2026,52,,0
70020,Store,2026,26,,0
70020,Store,2026,27,,0
70020,Store,2026,28,,0
70020,Store,2026,29,,0
70020,Store,2026,30,,0
70020,Store,2026,31,,0
70020,Store,2026,32,,0
70020,Store,2026,33,,0
70020,Store,2026,34,,0
70020,Store,2026,35,,0
70020,Store,2026,36,,0
70020,Store,2026,37,,0
70020,Store,2026,38,,0
70020,Store,2026,39,,0
70020,Store,2026,40,,0
70020,Store,2026,41,,0
70020,Store,2026,42,,0
70020,Store,2026,43,,0
70020,Store,2026,44,,0
70020,Store,2026,45,,0
70020,Store,2026,46,,0
70020,Store,2026,47,,0
70020,Store,2026,48,,0
70020,Store,2026,49,,0
70020,Store,2026,50,,0
70020,Store,2026,51,,0
70020,Store,2026,52,,0
70021,Ecom,2026,26,,0
70021,Ecom,2026,27,,0
70021,Ecom,2026,28,,0
70021,Ecom,2026,29,,0
70021,Ecom,2026,30,,0
70021,Ecom,2026,31,,0
70021,Ecom,2026,32,,0
70021,Ecom,2026,33,,0
70021,Ecom,2026,34,,0
70021,Ecom,2026,35,,0
70021,Ecom,2026,36,,0
70021,Ecom,2026,37,,0
70021,Ecom,2026,38,,0
70021,Ecom,2026,39,,0
70021,Ecom,2026,40,,0
70021,Ecom,2026,41,,0
70021,Ecom,2026,42,,0
70021,Ecom,2026,43,,0
70021,Ecom,2026,44,,0
70021,Ecom,2026,45,,0
70021,Ecom,2026,46,,0
70021,Ecom,2026,47,,0
70021,Ecom,2026,48,,0
70021,Ecom,2026,49,,0
70021,Ecom,2026,50,,0
70021,Ecom,2026,51,,0
70021,Ecom,2026,52,,0
70021,Indirect,2026,26,,0
70021,Indirect,2026,27,,0
70021,Indirect,2026,28,,0
70021,Indirect,2026,29,,0
70021,Indirect,2026,30,,0
70021,Indirect,2026,31,,0
70021,Indirect,2026,32,,0
70021,Indirect,2026,33,,0
70021,Indirect,2026,34,,0
70021,Indirect,2026,35,,0
70021,Indirect,2026,36,,0
70021,Indirect,2026,37,,0
70021,Indirect,2026,38,,0
70021,Indirect,2026,39,,0
70021,Indirect,2026,40,,0
70021,Indirect,2026,41,,0
70021,Indirect,2026,42,,0
70021,Indirect,2026,43,,0
70021,Indirect,2026,44,,0
70021,Indirect,2026,45,,0
70021,Indirect,2026,46,,0
70021,Indirect,2026,47,,0
70021,Indirect,2026,48,,0
70021,Indirect,2026,49,,0
70021,Indirect,2026,50,,0
70021,Indirect,2026,51,,0
70021,Indirect,2026,52,,0
70021,Store,2026,26,,0
70021,Store,2026,27,,0
70021,Store,2026,28,,0
70021,Store,2026,29,,0
70021,Store,2026,30,,0
70021,Store,2026,31,,0
70021,Store,2026,32,,0
70021,Store,2026,33,,0
70021,Store,2026,34,,0
70021,Store,2026,35,,0
70021,Store,2026,36,,0
70021,Store,2026,37,,0
70021,Store,2026,38,,0
70021,Store,2026,39,,0
70021,Store,2026,40,,0
70021,Store,2026,41,,0
70021,Store,2026,42,,0
70021,Store,2026,43,,0
70021,Store,2026,44,,0
70021,Store,2026,45,,0
70021,Store,2026,46,,0
70021,Store,2026,47,,0
70021,Store,2026,48,,0
70021,Store,2026,49,,0
70021,Store,2026,50,,0
70021,Store,2026,51,,0
70021,Store,2026,52,,0
70022,Ecom,2026,26,,0
70022,Ecom,2026,27,,0
70022,Ecom,2026,28,,0
70022,Ecom,2026,29,,0
70022,Ecom,2026,30,,0
70022,Ecom,2026,31,,0
70022,Ecom,2026,32,,0
70022,Ecom,2026,33,,0
70022,Ecom,2026,34,,0
70022,Ecom,2026,35,,0
70022,Ecom,2026,36,,0
70022,Ecom,2026,37,,0
70022,Ecom,2026,38,,0
70022,Ecom,2026,39,,0
70022,Ecom,2026,40,,0
70022,Ecom,2026,41,,0
70022,Ecom,2026,42,,0
70022,Ecom,2026,43,,0
70022,Ecom,2026,44,,0
70022,Ecom,2026,45,,0
70022,Ecom,2026,46,,0
70022,Ecom,2026,47,,0
70022,Ecom,2026,48,,0
70022,Ecom,2026,49,,0
70022,Ecom,2026,50,,0
70022,Ecom,2026,51,,0
70022,Ecom,2026,52,,0
70022,Indirect,2026,26,,0
70022,Indirect,2026,27,,0
70022,Indirect,2026,28,,0
70022,Indirect,2026,29,,0
70022,Indirect,2026,30,,0
70022,Indirect,2026,31,,0
70022,Indirect,2026,32,,0
70022,Indirect,2026,33,,0
70022,Indirect,2026,34,,0
70022,Indirect,2026,35,,0
70022,Indirect,2026,36,,0
70022,Indirect,2026,37,,0
70022,Indirect,2026,38,,0
70022,Indirect,2026,39,,0
70022,Indirect,2026,40,,0
70022,Indirect,2026,41,,0
70022,Indirect,2026,42,,0
70022,Indirect,2026,43,,0
70022,Indirect,2026,44,,0
70022,Indirect,2026,45,,0
70022,Indirect,2026,46,,0
70022,Indirect,2026,47,,0
70022,Indirect,2026,48,,0
70022,Indirect,2026,49,,0
70022,Indirect,2026,50,,0
70022,Indirect,2026,51,,0
70022,Indirect,2026,52,,0
70022,Store,2026,26,,0
70022,Store,2026,27,,0
70022,Store,2026,28,,0
70022,Store,2026,29,,0
70022,Store,2026,30,,0
70022,Store,2026,31,,0
70022,Store,2026,32,,0
70022,Store,2026,33,,0
70022,Store,2026,34,,0
70022,Store,2026,35,,0
70022,Store,2026,36,,0
70022,Store,2026,37,,0
70022,Store,2026,38,,0
70022,Store,2026,39,,0
70022,Store,2026,40,,0
70022,Store,2026,41,,0
70022,Store,2026,42,,0
70022,Store,2026,43,,0
70022,Store,2026,44,,0
70022,Store,2026,45,,0
70022,Store,2026,46,,0
70022,Store,2026,47,,0
70022,Store,2026,48,,0
70022,Store,2026,49,,0
70022,Store,2026,50,,0
70022,Store,2026,51,,0
70022,Store,2026,52,,0
70023,Ecom,2026,26,,0
70023,Ecom,2026,27,,0
70023,Ecom,2026,28,,0
70023,Ecom,2026,29,,0
70023,Ecom,2026,30,,0
70023,Ecom,2026,31,,0
70023,Ecom,2026,32,,0
70023,Ecom,2026,33,,0
70023,Ecom,2026,34,,0
70023,Ecom,2026,35,,0
70023,Ecom,2026,36,,0
70023,Ecom,2026,37,,0
70023,Ecom,2026,38,,0
70023,Ecom,2026,39,,0
70023,Ecom,2026,40,,0
70023,Ecom,2026,41,,0
70023,Ecom,2026,42,,0
70023,Ecom,2026,43,,0
70023,Ecom,2026,44,,0
70023,Ecom,2026,45,,0
70023,Ecom,2026,46,,0
70023,Ecom,2026,47,,0
70023,Ecom,2026,48,,0
70023,Ecom,2026,49,,0
70023,Ecom,2026,50,,0
70023,Ecom,2026,51,,0
70023,Ecom,2026,52,,0
70023,Indirect,2026,26,,0
70023,Indirect,2026,27,,0
70023,Indirect,2026,28,,0
70023,Indirect,2026,29,,0
70023,Indirect,2026,30,,0
70023,Indirect,2026,31,,0
70023,Indirect,2026,32,,0
70023,Indirect,2026,33,,0
70023,Indirect,2026,34,,0
70023,Indirect,2026,35,,0
70023,Indirect,2026,36,,0
70023,Indirect,2026,37,,0
70023,Indirect,2026,38,,0
70023,Indirect,2026,39,,0
70023,Indirect,2026,40,,0
70023,Indirect,2026,41,,0
70023,Indirect,2026,42,,0
70023,Indirect,2026,43,,0
70023,Indirect,2026,44,,0
70023,Indirect,2026,45,,0
70023,Indirect,2026,46,,0
70023,Indirect,2026,47,,0
70023,Indirect,2026,48,,0
70023,Indirect,2026,49,,0
70023,Indirect,2026,50,,0
70023,Indirect,2026,51,,0
70023,Indirect,2026,52,,0
70023,Store,2026,26,,0
70023,Store,2026,27,,0
70023,Store,2026,28,,0
70023,Store,2026,29,,0
70023,Store,2026,30,,0
70023,Store,2026,31,,0
70023,Store,2026,32,,0
70023,Store,2026,33,,0
70023,Store,2026,34,,0
70023,Store,2026,35,,0
70023,Store,2026,36,,0
70023,Store,2026,37,,0
70023,Store,2026,38,,0
70023,Store,2026,39,,0
70023,Store,2026,40,,0
70023,Store,2026,41,,0
70023,Store,2026,42,,0
70023,Store,2026,43,,0
70023,Store,2026,44,,0
70023,Store,2026,45,,0
70023,Store,2026,46,,0
70023,Store,2026,47,,0
70023,Store,2026,48,,0
70023,Store,2026,49,,0
70023,Store,2026,50,,0
70023,Store,2026,51,,0
70023,Store,2026,52,,0
70024,Ecom,2026,26,,0
70024,Ecom,2026,27,,0
70024,Ecom,2026,28,,0
70024,Ecom,2026,29,,0
70024,Ecom,2026,30,,0
70024,Ecom,2026,31,,0
70024,Ecom,2026,32,,0
70024,Ecom,2026,33,,0
70024,Ecom,2026,34,,0
70024,Ecom,2026,35,,0
70024,Ecom,2026,36,,0
70024,Ecom,2026,37,,0
70024,Ecom,2026,38,,0
70024,Ecom,2026,39,,0
70024,Ecom,2026,40,,0
70024,Ecom,2026,41,,0
70024,Ecom,2026,42,,0
70024,Ecom,2026,43,,0
70024,Ecom,2026,44,,0
70024,Ecom,2026,45,,0
70024,Ecom,2026,46,,0
70024,Ecom,2026,47,,0
70024,Ecom,2026,48,,0
70024,Ecom,2026,49,,0
70024,Ecom,2026,50,,0
70024,Ecom,2026,51,,0
70024,Ecom,2026,52,,0
70024,Indirect,2026,26,,0
70024,Indirect,2026,27,,0
70024,Indirect,2026,28,,0
70024,Indirect,2026,29,,0
70024,Indirect,2026,30,,0
70024,Indirect,2026,31,,0
70024,Indirect,2026,32,,0
70024,Indirect,2026,33,,0
70024,Indirect,2026,34,,0
70024,Indirect,2026,35,,0
70024,Indirect,2026,36,,0
70024,Indirect,2026,37,,0
70024,Indirect,2026,38,,0
70024,Indirect,2026,39,,0
70024,Indirect,2026,40,,0
70024,Indirect,2026,41,,0
70024,Indirect,2026,42,,0
70024,Indirect,2026,43,,0
70024,Indirect,2026,44,,0
70024,Indirect,2026,45,,0
70024,Indirect,2026,46,,0
70024,Indirect,2026,47,,0
70024,Indirect,2026,48,,0
70024,Indirect,2026,49,,0
70024,Indirect,2026,50,,0
70024,Indirect,2026,51,,0
70024,Indirect,2026,52,,0
70024,Store,2026,26,,0
70024,Store,2026,27,,0
70024,Store,2026,28,,0
70024,Store,2026,29,,0
70024,Store,2026,30,,0
70024,Store,2026,31,,0
70024,Store,2026,32,,0
70024,Store,2026,33,,0
70024,Store,2026,34,,0
70024,Store,2026,35,,0
70024,Store,2026,36,,0
70024,Store,2026,37,,0
70024,Store,2026,38,,0
70024,Store,2026,39,,0
70024,Store,2026,40,,0
70024,Store,2026,41,,0
70024,Store,2026,42,,0
70024,Store,2026,43,,0
70024,Store,2026,44,,0
70024,Store,2026,45,,0
70024,Store,2026,46,,0
70024,Store,2026,47,,0
70024,Store,2026,48,,0
70024,Store,2026,49,,0
70024,Store,2026,50,,0
70024,Store,2026,51,,0
70024,Store,2026,52,,0
70025,Ecom,2026,26,,0
70025,Ecom,2026,27,,0
70025,Ecom,2026,28,,0
70025,Ecom,2026,29,,0
70025,Ecom,2026,30,,0
70025,Ecom,2026,31,,0
70025,Ecom,2026,32,,0
70025,Ecom,2026,33,,0
70025,Ecom,2026,34,,0
70025,Ecom,2026,35,,0
70025,Ecom,2026,36,,0
70025,Ecom,2026,37,,0
70025,Ecom,2026,38,,0
70025,Ecom,2026,39,,0
70025,Ecom,2026,40,,0
70025,Ecom,2026,41,,0
70025,Ecom,2026,42,,0
70025,Ecom,2026,43,,0
70025,Ecom,2026,44,,0
70025,Ecom,2026,45,,0
70025,Ecom,2026,46,,0
70025,Ecom,2026,47,,0
70025,Ecom,2026,48,,0
70025,Ecom,2026,49,,0
70025,Ecom,2026,50,,0
70025,Ecom,2026,51,,0
70025,Ecom,2026,52,,0
70025,Indirect,2026,26,,0
70025,Indirect,2026,27,,0
70025,Indirect,2026,28,,0
70025,Indirect,2026,29,,0
70025,Indirect,2026,30,,0
70025,Indirect,2026,31,,0
70025,Indirect,2026,32,,0
70025,Indirect,2026,33,,0
70025,Indirect,2026,34,,0
70025,Indirect,2026,35,,0
70025,Indirect,2026,36,,0
70025,Indirect,2026,37,,0
70025,Indirect,2026,38,,0
70025,Indirect,2026,39,,0
70025,Indirect,2026,40,,0
70025,Indirect,2026,41,,0
70025,Indirect,2026,42,,0
70025,Indirect,2026,43,,0
70025,Indirect,2026,44,,0
70025,Indirect,2026,45,,0
70025,Indirect,2026,46,,0
70025,Indirect,2026,47,,0
70025,Indirect,2026,48,,0
70025,Indirect,2026,49,,0
70025,Indirect,2026,50,,0
70025,Indirect,2026,51,,0
70025,Indirect,2026,52,,0
70025,Store,2026,26,,0
70025,Store,2026,27,,0
70025,Store,2026,28,,0
70025,Store,2026,29,,0
70025,Store,2026,30,,0
70025,Store,2026,31,,0
70025,Store,2026,32,,0
70025,Store,2026,33,,0
70025,Store,2026,34,,0
70025,Store,2026,35,,0
70025,Store,2026,36,,0
70025,Store,2026,37,,0
70025,Store,2026,38,,0
70025,Store,2026,39,,0
70025,Store,2026,40,,0
70025,Store,2026,41,,0
70025,Store,2026,42,,0
70025,Store,2026,43,,0
70025,Store,2026,44,,0
70025,Store,2026,45,,0
70025,Store,2026,46,,0
70025,Store,2026,47,,0
70025,Store,2026,48,,0
70025,Store,2026,49,,0
70025,Store,2026,50,,0
70025,Store,2026,51,,0
70025,Store,2026,52,,0
70026,Ecom,2026,26,,0
70026,Ecom,2026,27,,0
70026,Ecom,2026,28,,0
70026,Ecom,2026,29,,0
70026,Ecom,2026,30,,0
70026,Ecom,2026,31,,0
70026,Ecom,2026,32,,0
70026,Ecom,2026,33,,0
70026,Ecom,2026,34,,0
70026,Ecom,2026,35,,0
70026,Ecom,2026,36,,0
70026,Ecom,2026,37,,0
70026,Ecom,2026,38,,0
70026,Ecom,2026,39,,0
70026,Ecom,2026,40,,0
70026,Ecom,2026,41,,0
70026,Ecom,2026,42,,0
70026,Ecom,2026,43,,0
70026,Ecom,2026,44,,0
70026,Ecom,2026,45,,0
70026,Ecom,2026,46,,0
70026,Ecom,2026,47,,0
70026,Ecom,2026,48,,0
70026,Ecom,2026,49,,0
70026,Ecom,2026,50,,0
70026,Ecom,2026,51,,0
70026,Ecom,2026,52,,0
70026,Indirect,2026,26,,0
70026,Indirect,2026,27,,0
70026,Indirect,2026,28,,0
70026,Indirect,2026,29,,0
70026,Indirect,2026,30,,0
70026,Indirect,2026,31,,0
70026,Indirect,2026,32,,0
70026,Indirect,2026,33,,0
70026,Indirect,2026,34,,0
70026,Indirect,2026,35,,0
70026,Indirect,2026,36,,0
70026,Indirect,2026,37,,0
70026,Indirect,2026,38,,0
70026,Indirect,2026,39,,0
70026,Indirect,2026,40,,0
70026,Indirect,2026,41,,0
70026,Indirect,2026,42,,0
70026,Indirect,2026,43,,0
70026,Indirect,2026,44,,0
70026,Indirect,2026,45,,0
70026,Indirect,2026,46,,0
70026,Indirect,2026,47,,0
70026,Indirect,2026,48,,0
70026,Indirect,2026,49,,0
70026,Indirect,2026,50,,0
70026,Indirect,2026,51,,0
70026,Indirect,2026,52,,0
70026,Store,2026,26,,0
70026,Store,2026,27,,0
70026,Store,2026,28,,0
70026,Store,2026,29,,0
70026,Store,2026,30,,0
70026,Store,2026,31,,0
70026,Store,2026,32,,0
70026,Store,2026,33,,0
70026,Store,2026,34,,0
70026,Store,2026,35,,0
70026,Store,2026,36,,0
70026,Store,2026,37,,0
70026,Store,2026,38,,0
70026,Store,2026,39,,0
70026,Store,2026,40,,0
70026,Store,2026,41,,0
70026,Store,2026,42,,0
70026,Store,2026,43,,0
70026,Store,2026,44,,0
70026,Store,2026,45,,0
70026,Store,2026,46,,0
70026,Store,2026,47,,0
70026,Store,2026,48,,0
70026,Store,2026,49,,0
70026,Store,2026,50,,0
70026,Store,2026,51,,0
70026,Store,2026,52,,0
70027,Ecom,2026,26,,0
70027,Ecom,2026,27,,0
70027,Ecom,2026,28,,0
70027,Ecom,2026,29,,0
70027,Ecom,2026,30,,0
70027,Ecom,2026,31,,0
70027,Ecom,2026,32,,0
70027,Ecom,2026,33,,0
70027,Ecom,2026,34,,0
70027,Ecom,2026,35,,0
70027,Ecom,2026,36,,0
70027,Ecom,2026,37,,0
70027,Ecom,2026,38,,0
70027,Ecom,2026,39,,0
70027,Ecom,2026,40,,0
70027,Ecom,2026,41,,0
70027,Ecom,2026,42,,0
70027,Ecom,2026,43,,0
70027,Ecom,2026,44,,0
70027,Ecom,2026,45,,0
70027,Ecom,2026,46,,0
70027,Ecom,2026,47,,0
70027,Ecom,2026,48,,0
70027,Ecom,2026,49,,0
70027,Ecom,2026,50,,0
70027,Ecom,2026,51,,0
70027,Ecom,2026,52,,0
70027,Indirect,2026,26,,0
70027,Indirect,2026,27,,0
70027,Indirect,2026,28,,0
70027,Indirect,2026,29,,0
70027,Indirect,2026,30,,0
70027,Indirect,2026,31,,0
70027,Indirect,2026,32,,0
70027,Indirect,2026,33,,0
70027,Indirect,2026,34,,0
70027,Indirect,2026,35,,0
70027,Indirect,2026,36,,0
70027,Indirect,2026,37,,0
70027,Indirect,2026,38,,0
70027,Indirect,2026,39,,0
70027,Indirect,2026,40,,0
70027,Indirect,2026,41,,0
70027,Indirect,2026,42,,0
70027,Indirect,2026,43,,0
70027,Indirect,2026,44,,0
70027,Indirect,2026,45,,0
70027,Indirect,2026,46,,0
70027,Indirect,2026,47,,0
70027,Indirect,2026,48,,0
70027,Indirect,2026,49,,0
70027,Indirect,2026,50,,0
70027,Indirect,2026,51,,0
70027,Indirect,2026,52,,0
70027,Store,2026,26,,0
70027,Store,2026,27,,0
70027,Store,2026,28,,0
70027,Store,2026,29,,0
70027,Store,2026,30,,0
70027,Store,2026,31,,0
70027,Store,2026,32,,0
70027,Store,2026,33,,0
70027,Store,2026,34,,0
70027,Store,2026,35,,0
70027,Store,2026,36,,0
70027,Store,2026,37,,0
70027,Store,2026,38,,0
70027,Store,2026,39,,0
70027,Store,2026,40,,0
70027,Store,2026,41,,0
70027,Store,2026,42,,0
70027,Store,2026,43,,0
70027,Store,2026,44,,0
70027,Store,2026,45,,0
70027,Store,2026,46,,0
70027,Store,2026,47,,0
70027,Store,2026,48,,0
70027,Store,2026,49,,0
70027,Store,2026,50,,0
70027,Store,2026,51,,0
70027,Store,2026,52,,0
70028,Ecom,2026,26,,0
70028,Ecom,2026,27,,0
70028,Ecom,2026,28,,0
70028,Ecom,2026,29,,0
70028,Ecom,2026,30,,0
70028,Ecom,2026,31,,0
70028,Ecom,2026,32,,0
70028,Ecom,2026,33,,0
70028,Ecom,2026,34,,0
70028,Ecom,2026,35,,0
70028,Ecom,2026,36,,0
70028,Ecom,2026,37,,0
70028,Ecom,2026,38,,0
70028,Ecom,2026,39,,0
70028,Ecom,2026,40,,0
70028,Ecom,2026,41,,0
70028,Ecom,2026,42,,0
70028,Ecom,2026,43,,0
70028,Ecom,2026,44,,0
70028,Ecom,2026,45,,0
70028,Ecom,2026,46,,0
70028,Ecom,2026,47,,0
70028,Ecom,2026,48,,0
70028,Ecom,2026,49,,0
70028,Ecom,2026,50,,0
70028,Ecom,2026,51,,0
70028,Ecom,2026,52,,0
70028,Indirect,2026,26,,0
70028,Indirect,2026,27,,0
70028,Indirect,2026,28,,0
70028,Indirect,2026,29,,0
70028,Indirect,2026,30,,0
70028,Indirect,2026,31,,0
70028,Indirect,2026,32,,0
70028,Indirect,2026,33,,0
70028,Indirect,2026,34,,0
70028,Indirect,2026,35,,0
70028,Indirect,2026,36,,0
70028,Indirect,2026,37,,0
70028,Indirect,2026,38,,0
70028,Indirect,2026,39,,0
70028,Indirect,2026,40,,0
70028,Indirect,2026,41,,0
70028,Indirect,2026,42,,0
70028,Indirect,2026,43,,0
70028,Indirect,2026,44,,0
70028,Indirect,2026,45,,0
70028,Indirect,2026,46,,0
70028,Indirect,2026,47,,0
70028,Indirect,2026,48,,0
70028,Indirect,2026,49,,0
70028,Indirect,2026,50,,0
70028,Indirect,2026,51,,0
70028,Indirect,2026,52,,0
70028,Store,2026,26,,0
70028,Store,2026,27,,0
70028,Store,2026,28,,0
70028,Store,2026,29,,0
70028,Store,2026,30,,0
70028,Store,2026,31,,0
70028,Store,2026,32,,0
70028,Store,2026,33,,0
70028,Store,2026,34,,0
70028,Store,2026,35,,0
70028,Store,2026,36,,0
70028,Store,2026,37,,0
70028,Store,2026,38,,0
70028,Store,2026,39,,0
70028,Store,2026,40,,0
70028,Store,2026,41,,0
70028,Store,2026,42,,0
70028,Store,2026,43,,0
70028,Store,2026,44,,0
70028,Store,2026,45,,0
70028,Store,2026,46,,0
70028,Store,2026,47,,0
70028,Store,2026,48,,0
70028,Store,2026,49,,0
70028,Store,2026,50,,0
70028,Store,2026,51,,0
70028,Store,2026,52,,0
70029,Ecom,2026,26,,0
70029,Ecom,2026,27,,0
70029,Ecom,2026,28,,0
70029,Ecom,2026,29,,0
70029,Ecom,2026,30,,0
70029,Ecom,2026,31,,0
70029,Ecom,2026,32,,0
70029,Ecom,2026,33,,0
70029,Ecom,2026,34,,0
70029,Ecom,2026,35,,0
70029,Ecom,2026,36,,0
70029,Ecom,2026,37,,0
70029,Ecom,2026,38,,0
70029,Ecom,2026,39,,0
70029,Ecom,2026,40,,0
70029,Ecom,2026,41,,0
70029,Ecom,2026,42,,0
70029,Ecom,2026,43,,0
70029,Ecom,2026,44,,0
70029,Ecom,2026,45,,0
70029,Ecom,2026,46,,0
70029,Ecom,2026,47,,0
70029,Ecom,2026,48,,0
70029,Ecom,2026,49,,0
70029,Ecom,2026,50,,0
70029,Ecom,2026,51,,0
70029,Ecom,2026,52,,0
70029,Indirect,2026,26,,0
70029,Indirect,2026,27,,0
70029,Indirect,2026,28,,0
70029,Indirect,2026,29,,0
70029,Indirect,2026,30,,0
70029,Indirect,2026,31,,0
70029,Indirect,2026,32,,0
70029,Indirect,2026,33,,0
70029,Indirect,2026,34,,0
70029,Indirect,2026,35,,0
70029,Indirect,2026,36,,0
70029,Indirect,2026,37,,0
70029,Indirect,2026,38,,0
70029,Indirect,2026,39,,0
70029,Indirect,2026,40,,0
70029,Indirect,2026,41,,0
70029,Indirect,2026,42,,0
70029,Indirect,2026,43,,0
70029,Indirect,2026,44,,0
70029,Indirect,2026,45,,0
70029,Indirect,2026,46,,0
70029,Indirect,2026,47,,0
70029,Indirect,2026,48,,0
70029,Indirect,2026,49,,0
70029,Indirect,2026,50,,0
70029,Indirect,2026,51,,0
70029,Indirect,2026,52,,0
70029,Store,2026,26,,0
70029,Store,2026,27,,0
70029,Store,2026,28,,0
70029,Store,2026,29,,0
70029,Store,2026,30,,0
70029,Store,2026,31,,0
70029,Store,2026,32,,0
70029,Store,2026,33,,0
70029,Store,2026,34,,0
70029,Store,2026,35,,0
70029,Store,2026,36,,0
70029,Store,2026,37,,0
70029,Store,2026,38,,0
70029,Store,2026,39,,0
70029,Store,2026,40,,0
70029,Store,2026,41,,0
70029,Store,2026,42,,0
70029,Store,2026,43,,0
70029,Store,2026,44,,0
70029,Store,2026,45,,0
70029,Store,2026,46,,0
70029,Store,2026,47,,0
70029,Store,2026,48,,0
70029,Store,2026,49,,0
70029,Store,2026,50,,0
70029,Store,2026,51,,0
70029,Store,2026,52,,0
70030,Ecom,2026,26,,0
70030,Ecom,2026,27,,0
70030,Ecom,2026,28,,0
70030,Ecom,2026,29,,0
70030,Ecom,2026,30,,0
70030,Ecom,2026,31,,0
70030,Ecom,2026,32,,0
70030,Ecom,2026,33,,0
70030,Ecom,2026,34,,0
70030,Ecom,2026,35,,0
70030,Ecom,2026,36,,0
70030,Ecom,2026,37,,0
70030,Ecom,2026,38,,0
70030,Ecom,2026,39,,0
70030,Ecom,2026,40,,0
70030,Ecom,2026,41,,0
70030,Ecom,2026,42,,0
70030,Ecom,2026,43,,0
70030,Ecom,2026,44,,0
70030,Ecom,2026,45,,0
70030,Ecom,2026,46,,0
70030,Ecom,2026,47,,0
70030,Ecom,2026,48,,0
70030,Ecom,2026,49,,0
70030,Ecom,2026,50,,0
70030,Ecom,2026,51,,0
70030,Ecom,2026,52,,0
70030,Indirect,2026,26,,0
70030,Indirect,2026,27,,0
70030,Indirect,2026,28,,0
70030,Indirect,2026,29,,0
70030,Indirect,2026,30,,0
70030,Indirect,2026,31,,0
70030,Indirect,2026,32,,0
70030,Indirect,2026,33,,0
70030,Indirect,2026,34,,0
70030,Indirect,2026,35,,0
70030,Indirect,2026,36,,0
70030,Indirect,2026,37,,0
70030,Indirect,2026,38,,0
70030,Indirect,2026,39,,0
70030,Indirect,2026,40,,0
70030,Indirect,2026,41,,0
70030,Indirect,2026,42,,0
70030,Indirect,2026,43,,0
70030,Indirect,2026,44,,0
70030,Indirect,2026,45,,0
70030,Indirect,2026,46,,0
70030,Indirect,2026,47,,0
70030,Indirect,2026,48,,0
70030,Indirect,2026,49,,0
70030,Indirect,2026,50,,0
70030,Indirect,2026,51,,0
70030,Indirect,2026,52,,0
70030,Store,2026,26,,0
70030,Store,2026,27,,0
70030,Store,2026,28,,0
70030,Store,2026,29,,0
70030,Store,2026,30,,0
70030,Store,2026,31,,0
70030,Store,2026,32,,0
70030,Store,2026,33,,0
70030,Store,2026,34,,0
70030,Store,2026,35,,0
70030,Store,2026,36,,0
70030,Store,2026,37,,0
70030,Store,2026,38,,0
70030,Store,2026,39,,0
70030,Store,2026,40,,0
70030,Store,2026,41,,0
70030,Store,2026,42,,0
70030,Store,2026,43,,0
70030,Store,2026,44,,0
70030,Store,2026,45,,0
70030,Store,2026,46,,0
70030,Store,2026,47,,0
70030,Store,2026,48,,0
70030,Store,2026,49,,0
70030,Store,2026,50,,0
70030,Store,2026,51,,0
70030,Store,2026,52,,0
70031,Ecom,2026,26,,0
70031,Ecom,2026,27,,0
70031,Ecom,2026,28,,0
70031,Ecom,2026,29,,0
70031,Ecom,2026,30,,0
70031,Ecom,2026,31,,0
70031,Ecom,2026,32,,0
70031,Ecom,2026,33,,0
70031,Ecom,2026,34,,0
70031,Ecom,2026,35,,0
70031,Ecom,2026,36,,0
70031,Ecom,2026,37,,0
70031,Ecom,2026,38,,0
70031,Ecom,2026,39,,0
70031,Ecom,2026,40,,0
70031,Ecom,2026,41,,0
70031,Ecom,2026,42,,0
70031,Ecom,2026,43,,0
70031,Ecom,2026,44,,0
70031,Ecom,2026,45,,0
70031,Ecom,2026,46,,0
70031,Ecom,2026,47,,0
70031,Ecom,2026,48,,0
70031,Ecom,2026,49,,0
70031,Ecom,2026,50,,0
70031,Ecom,2026,51,,0
70031,Ecom,2026,52,,0
70031,Indirect,2026,26,,0
70031,Indirect,2026,27,,0
70031,Indirect,2026,28,,0
70031,Indirect,2026,29,,0
70031,Indirect,2026,30,,0
70031,Indirect,2026,31,,0
70031,Indirect,2026,32,,0
70031,Indirect,2026,33,,0
70031,Indirect,2026,34,,0
70031,Indirect,2026,35,,0
70031,Indirect,2026,36,,0
70031,Indirect,2026,37,,0
70031,Indirect,2026,38,,0
70031,Indirect,2026,39,,0
70031,Indirect,2026,40,,0
70031,Indirect,2026,41,,0
70031,Indirect,2026,42,,0
70031,Indirect,2026,43,,0
70031,Indirect,2026,44,,0
70031,Indirect,2026,45,,0
70031,Indirect,2026,46,,0
70031,Indirect,2026,47,,0
70031,Indirect,2026,48,,0
70031,Indirect,2026,49,,0
70031,Indirect,2026,50,,0
70031,Indirect,2026,51,,0
70031,Indirect,2026,52,,0
70031,Store,2026,26,,0
70031,Store,2026,27,,0
70031,Store,2026,28,,0
70031,Store,2026,29,,0
70031,Store,2026,30,,0
70031,Store,2026,31,,0
70031,Store,2026,32,,0
70031,Store,2026,33,,0
70031,Store,2026,34,,0
70031,Store,2026,35,,0
70031,Store,2026,36,,0
70031,Store,2026,37,,0
70031,Store,2026,38,,0
70031,Store,2026,39,,0
70031,Store,2026,40,,0
70031,Store,2026,41,,0
70031,Store,2026,42,,0
70031,Store,2026,43,,0
70031,Store,2026,44,,0
70031,Store,2026,45,,0
70031,Store,2026,46,,0
70031,Store,2026,47,,0
70031,Store,2026,48,,0
70031,Store,2026,49,,0
70031,Store,2026,50,,0
70031,Store,2026,51,,0
70031,Store,2026,52,,0
70032,Ecom,2026,26,,0
70032,Ecom,2026,27,,0
70032,Ecom,2026,28,,0
70032,Ecom,2026,29,,0
70032,Ecom,2026,30,,0
70032,Ecom,2026,31,,0
70032,Ecom,2026,32,,0
70032,Ecom,2026,33,,0
70032,Ecom,2026,34,,0
70032,Ecom,2026,35,,0
70032,Ecom,2026,36,,0
70032,Ecom,2026,37,,0
70032,Ecom,2026,38,,0
70032,Ecom,2026,39,,0
70032,Ecom,2026,40,,0
70032,Ecom,2026,41,,0
70032,Ecom,2026,42,,0
70032,Ecom,2026,43,,0
70032,Ecom,2026,44,,0
70032,Ecom,2026,45,,0
70032,Ecom,2026,46,,0
70032,Ecom,2026,47,,0
70032,Ecom,2026,48,,0
70032,Ecom,2026,49,,0
70032,Ecom,2026,50,,0
70032,Ecom,2026,51,,0
70032,Ecom,2026,52,,0
70032,Indirect,2026,26,,0
70032,Indirect,2026,27,,0
70032,Indirect,2026,28,,0
70032,Indirect,2026,29,,0
70032,Indirect,2026,30,,0
70032,Indirect,2026,31,,0
70032,Indirect,2026,32,,0
70032,Indirect,2026,33,,0
70032,Indirect,2026,34,,0
70032,Indirect,2026,35,,0
70032,Indirect,2026,36,,0
70032,Indirect,2026,37,,0
70032,Indirect,2026,38,,0
70032,Indirect,2026,39,,0
70032,Indirect,2026,40,,0
70032,Indirect,2026,41,,0
70032,Indirect,2026,42,,0
70032,Indirect,2026,43,,0
70032,Indirect,2026,44,,0
70032,Indirect,2026,45,,0
70032,Indirect,2026,46,,0
70032,Indirect,2026,47,,0
70032,Indirect,2026,48,,0
70032,Indirect,2026,49,,0
70032,Indirect,2026,50,,0
70032,Indirect,2026,51,,0
70032,Indirect,2026,52,,0
70032,Store,2026,26,,0
70032,Store,2026,27,,0
70032,Store,2026,28,,0
70032,Store,2026,29,,0
70032,Store,2026,30,,0
70032,Store,2026,31,,0
70032,Store,2026,32,,0
70032,Store,2026,33,,0
70032,Store,2026,34,,0
70032,Store,2026,35,,0
70032,Store,2026,36,,0
70032,Store,2026,37,,0
70032,Store,2026,38,,0
70032,Store,2026,39,,0
70032,Store,2026,40,,0
70032,Store,2026,41,,0
70032,Store,2026,42,,0
70032,Store,2026,43,,0
70032,Store,2026,44,,0
70032,Store,2026,45,,0
70032,Store,2026,46,,0
70032,Store,2026,47,,0
70032,Store,2026,48,,0
70032,Store,2026,49,,0
70032,Store,2026,50,,0
70032,Store,2026,51,,0
70032,Store,2026,52,,0
70033,Ecom,2026,26,,0
70033,Ecom,2026,27,,0
70033,Ecom,2026,28,,0
70033,Ecom,2026,29,,0
70033,Ecom,2026,30,,0
70033,Ecom,2026,31,,0
70033,Ecom,2026,32,,0
70033,Ecom,2026,33,,0
70033,Ecom,2026,34,,0
70033,Ecom,2026,35,,0
70033,Ecom,2026,36,,0
70033,Ecom,2026,37,,0
70033,Ecom,2026,38,,0
70033,Ecom,2026,39,,0
70033,Ecom,2026,40,,0
70033,Ecom,2026,41,,0
70033,Ecom,2026,42,,0
70033,Ecom,2026,43,,0
70033,Ecom,2026,44,,0
70033,Ecom,2026,45,,0
70033,Ecom,2026,46,,0
70033,Ecom,2026,47,,0
70033,Ecom,2026,48,,0
70033,Ecom,2026,49,,0
70033,Ecom,2026,50,,0
70033,Ecom,2026,51,,0
70033,Ecom,2026,52,,0
70033,Indirect,2026,26,,0
70033,Indirect,2026,27,,0
70033,Indirect,2026,28,,0
70033,Indirect,2026,29,,0
70033,Indirect,2026,30,,0
70033,Indirect,2026,31,,0
70033,Indirect,2026,32,,0
70033,Indirect,2026,33,,0
70033,Indirect,2026,34,,0
70033,Indirect,2026,35,,0
70033,Indirect,2026,36,,0
70033,Indirect,2026,37,,0
70033,Indirect,2026,38,,0
70033,Indirect,2026,39,,0
70033,Indirect,2026,40,,0
70033,Indirect,2026,41,,0
70033,Indirect,2026,42,,0
70033,Indirect,2026,43,,0
70033,Indirect,2026,44,,0
70033,Indirect,2026,45,,0
70033,Indirect,2026,46,,0
70033,Indirect,2026,47,,0
70033,Indirect,2026,48,,0
70033,Indirect,2026,49,,0
70033,Indirect,2026,50,,0
70033,Indirect,2026,51,,0
70033,Indirect,2026,52,,0
70033,Store,2026,26,,0
70033,Store,2026,27,,0
70033,Store,2026,28,,0
70033,Store,2026,29,,0
70033,Store,2026,30,,0
70033,Store,2026,31,,0
70033,Store,2026,32,,0
70033,Store,2026,33,,0
70033,Store,2026,34,,0
70033,Store,2026,35,,0
70033,Store,2026,36,,0
70033,Store,2026,37,,0
70033,Store,2026,38,,0
70033,Store,2026,39,,0
70033,Store,2026,40,,0
70033,Store,2026,41,,0
70033,Store,2026,42,,0
70033,Store,2026,43,,0
70033,Store,2026,44,,0
70033,Store,2026,45,,0
70033,Store,2026,46,,0
70033,Store,2026,47,,0
70033,Store,2026,48,,0
70033,Store,2026,49,,0
70033,Store,2026,50,,0
70033,Store,2026,51,,0
70033,Store,2026,52,,0
70034,Ecom,2026,26,,0
70034,Ecom,2026,27,,0
70034,Ecom,2026,28,,0
70034,Ecom,2026,29,,0
70034,Ecom,2026,30,,0
70034,Ecom,2026,31,,0
70034,Ecom,2026,32,,0
70034,Ecom,2026,33,,0
70034,Ecom,2026,34,,0
70034,Ecom,2026,35,,0
70034,Ecom,2026,36,,0
70034,Ecom,2026,37,,0
70034,Ecom,2026,38,,0
70034,Ecom,2026,39,,0
70034,Ecom,2026,40,,0
70034,Ecom,2026,41,,0
70034,Ecom,2026,42,,0
70034,Ecom,2026,43,,0
70034,Ecom,2026,44,,0
70034,Ecom,2026,45,,0
70034,Ecom,2026,46,,0
70034,Ecom,2026,47,,0
70034,Ecom,2026,48,,0
70034,Ecom,2026,49,,0
70034,Ecom,2026,50,,0
70034,Ecom,2026,51,,0
70034,Ecom,2026,52,,0
70034,Indirect,2026,26,,0
70034,Indirect,2026,27,,0
70034,Indirect,2026,28,,0
70034,Indirect,2026,29,,0
70034,Indirect,2026,30,,0
70034,Indirect,2026,31,,0
70034,Indirect,2026,32,,0
70034,Indirect,2026,33,,0
70034,Indirect,2026,34,,0
70034,Indirect,2026,35,,0
70034,Indirect,2026,36,,0
70034,Indirect,2026,37,,0
70034,Indirect,2026,38,,0
70034,Indirect,2026,39,,0
70034,Indirect,2026,40,,0
70034,Indirect,2026,41,,0
70034,Indirect,2026,42,,0
70034,Indirect,2026,43,,0
70034,Indirect,2026,44,,0
70034,Indirect,2026,45,,0
70034,Indirect,2026,46,,0
70034,Indirect,2026,47,,0
70034,Indirect,2026,48,,0
70034,Indirect,2026,49,,0
70034,Indirect,2026,50,,0
70034,Indirect,2026,51,,0
70034,Indirect,2026,52,,0
70034,Store,2026,26,,0
70034,Store,2026,27,,0
70034,Store,2026,28,,0
70034,Store,2026,29,,0
70034,Store,2026,30,,0
70034,Store,2026,31,,0
70034,Store,2026,32,,0
70034,Store,2026,33,,0
70034,Store,2026,34,,0
70034,Store,2026,35,,0
70034,Store,2026,36,,0
70034,Store,2026,37,,0
70034,Store,2026,38,,0
70034,Store,2026,39,,0
70034,Store,2026,40,,0
70034,Store,2026,41,,0
70034,Store,2026,42,,0
70034,Store,2026,43,,0
70034,Store,2026,44,,0
70034,Store,2026,45,,0
70034,Store,2026,46,,0
70034,Store,2026,47,,0
70034,Store,2026,48,,0
70034,Store,2026,49,,0
70034,Store,2026,50,,0
70034,Store,2026,51,,0
70034,Store,2026,52,,0
70035,Ecom,2026,26,,0
70035,Ecom,2026,27,,0
70035,Ecom,2026,28,,0
70035,Ecom,2026,29,,0
70035,Ecom,2026,30,,0
70035,Ecom,2026,31,,0
70035,Ecom,2026,32,,0
70035,Ecom,2026,33,,0
70035,Ecom,2026,34,,0
70035,Ecom,2026,35,,0
70035,Ecom,2026,36,,0
70035,Ecom,2026,37,,0
70035,Ecom,2026,38,,0
70035,Ecom,2026,39,,0
70035,Ecom,2026,40,,0
70035,Ecom,2026,41,,0
70035,Ecom,2026,42,,0
70035,Ecom,2026,43,,0
70035,Ecom,2026,44,,0
70035,Ecom,2026,45,,0
70035,Ecom,2026,46,,0
70035,Ecom,2026,47,,0
70035,Ecom,2026,48,,0
70035,Ecom,2026,49,,0
70035,Ecom,2026,50,,0
70035,Ecom,2026,51,,0
70035,Ecom,2026,52,,0
70035,Indirect,2026,26,,0
70035,Indirect,2026,27,,0
70035,Indirect,2026,28,,0
70035,Indirect,2026,29,,0
70035,Indirect,2026,30,,0
70035,Indirect,2026,31,,0
70035,Indirect,2026,32,,0
70035,Indirect,2026,33,,0
70035,Indirect,2026,34,,0
70035,Indirect,2026,35,,0
70035,Indirect,2026,36,,0
70035,Indirect,2026,37,,0
70035,Indirect,2026,38,,0
70035,Indirect,2026,39,,0
70035,Indirect,2026,40,,0
70035,Indirect,2026,41,,0
70035,Indirect,2026,42,,0
70035,Indirect,2026,43,,0
70035,Indirect,2026,44,,0
70035,Indirect,2026,45,,0
70035,Indirect,2026,46,,0
70035,Indirect,2026,47,,0
70035,Indirect,2026,48,,0
70035,Indirect,2026,49,,0
70035,Indirect,2026,50,,0
70035,Indirect,2026,51,,0
70035,Indirect,2026,52,,0
70035,Store,2026,26,,0
70035,Store,2026,27,,0
70035,Store,2026,28,,0
70035,Store,2026,29,,0
70035,Store,2026,30,,0
70035,Store,2026,31,,0
70035,Store,2026,32,,0
70035,Store,2026,33,,0
70035,Store,2026,34,,0
70035,Store,2026,35,,0
70035,Store,2026,36,,0
70035,Store,2026,37,,0
70035,Store,2026,38,,0
70035,Store,2026,39,,0
70035,Store,2026,40,,0
70035,Store,2026,41,,0
70035,Store,2026,42,,0
70035,Store,2026,43,,0
70035,Store,2026,44,,0
70035,Store,2026,45,,0
70035,Store,2026,46,,0
70035,Store,2026,47,,0
70035,Store,2026,48,,0
70035,Store,2026,49,,0
70035,Store,2026,50,,0
70035,Store,2026,51,,0
70035,Store,2026,52,,0
70036,Ecom,2026,26,,0
70036,Ecom,2026,27,,0
70036,Ecom,2026,28,,0
70036,Ecom,2026,29,,0
70036,Ecom,2026,30,,0
70036,Ecom,2026,31,,0
70036,Ecom,2026,32,,0
70036,Ecom,2026,33,,0
70036,Ecom,2026,34,,0
70036,Ecom,2026,35,,0
70036,Ecom,2026,36,,0
70036,Ecom,2026,37,,0
70036,Ecom,2026,38,,0
70036,Ecom,2026,39,,0
70036,Ecom,2026,40,,0
70036,Ecom,2026,41,,0
70036,Ecom,2026,42,,0
70036,Ecom,2026,43,,0
70036,Ecom,2026,44,,0
70036,Ecom,2026,45,,0
70036,Ecom,2026,46,,0
70036,Ecom,2026,47,,0
70036,Ecom,2026,48,,0
70036,Ecom,2026,49,,0
70036,Ecom,2026,50,,0
70036,Ecom,2026,51,,0
70036,Ecom,2026,52,,0
70036,Indirect,2026,26,,0
70036,Indirect,2026,27,,0
70036,Indirect,2026,28,,0
70036,Indirect,2026,29,,0
70036,Indirect,2026,30,,0
70036,Indirect,2026,31,,0
70036,Indirect,2026,32,,0
70036,Indirect,2026,33,,0
70036,Indirect,2026,34,,0
70036,Indirect,2026,35,,0
70036,Indirect,2026,36,,0
70036,Indirect,2026,37,,0
70036,Indirect,2026,38,,0
70036,Indirect,2026,39,,0
70036,Indirect,2026,40,,0
70036,Indirect,2026,41,,0
70036,Indirect,2026,42,,0
70036,Indirect,2026,43,,0
70036,Indirect,2026,44,,0
70036,Indirect,2026,45,,0
70036,Indirect,2026,46,,0
70036,Indirect,2026,47,,0
70036,Indirect,2026,48,,0
70036,Indirect,2026,49,,0
70036,Indirect,2026,50,,0
70036,Indirect,2026,51,,0
70036,Indirect,2026,52,,0
70036,Store,2026,26,,0
70036,Store,2026,27,,0
70036,Store,2026,28,,0
70036,Store,2026,29,,0
70036,Store,2026,30,,0
70036,Store,2026,31,,0
70036,Store,2026,32,,0
70036,Store,2026,33,,0
70036,Store,2026,34,,0
70036,Store,2026,35,,0
70036,Store,2026,36,,0
70036,Store,2026,37,,0
70036,Store,2026,38,,0
70036,Store,2026,39,,0
70036,Store,2026,40,,0
70036,Store,2026,41,,0
70036,Store,2026,42,,0
70036,Store,2026,43,,0
70036,Store,2026,44,,0
70036,Store,2026,45,,0
70036,Store,2026,46,,0
70036,Store,2026,47,,0
70036,Store,2026,48,,0
70036,Store,2026,49,,0
70036,Store,2026,50,,0
70036,Store,2026,51,,0
70036,Store,2026,52,,0
70037,Ecom,2026,26,,0
70037,Ecom,2026,27,,0
70037,Ecom,2026,28,,0
70037,Ecom,2026,29,,0
70037,Ecom,2026,30,,0
70037,Ecom,2026,31,,0
70037,Ecom,2026,32,,0
70037,Ecom,2026,33,,0
70037,Ecom,2026,34,,0
70037,Ecom,2026,35,,0
70037,Ecom,2026,36,,0
70037,Ecom,2026,37,,0
70037,Ecom,2026,38,,0
70037,Ecom,2026,39,,0
70037,Ecom,2026,40,,0
70037,Ecom,2026,41,,0
70037,Ecom,2026,42,,0
70037,Ecom,2026,43,,0
70037,Ecom,2026,44,,0
70037,Ecom,2026,45,,0
70037,Ecom,2026,46,,0
70037,Ecom,2026,47,,0
70037,Ecom,2026,48,,0
70037,Ecom,2026,49,,0
70037,Ecom,2026,50,,0
70037,Ecom,2026,51,,0
70037,Ecom,2026,52,,0
70037,Indirect,2026,26,,0
70037,Indirect,2026,27,,0
70037,Indirect,2026,28,,0
70037,Indirect,2026,29,,0
70037,Indirect,2026,30,,0
70037,Indirect,2026,31,,0
70037,Indirect,2026,32,,0
70037,Indirect,2026,33,,0
70037,Indirect,2026,34,,0
70037,Indirect,2026,35,,0
70037,Indirect,2026,36,,0
70037,Indirect,2026,37,,0
70037,Indirect,2026,38,,0
70037,Indirect,2026,39,,0
70037,Indirect,2026,40,,0
70037,Indirect,2026,41,,0
70037,Indirect,2026,42,,0
70037,Indirect,2026,43,,0
70037,Indirect,2026,44,,0
70037,Indirect,2026,45,,0
70037,Indirect,2026,46,,0
70037,Indirect,2026,47,,0
70037,Indirect,2026,48,,0
70037,Indirect,2026,49,,0
70037,Indirect,2026,50,,0
70037,Indirect,2026,51,,0
70037,Indirect,2026,52,,0
70037,Store,2026,26,,0
70037,Store,2026,27,,0
70037,Store,2026,28,,0
70037,Store,2026,29,,0
70037,Store,2026,30,,0
70037,Store,2026,31,,0
70037,Store,2026,32,,0
70037,Store,2026,33,,0
70037,Store,2026,34,,0
70037,Store,2026,35,,0
70037,Store,2026,36,,0
70037,Store,2026,37,,0
70037,Store,2026,38,,0
70037,Store,2026,39,,0
70037,Store,2026,40,,0
70037,Store,2026,41,,0
70037,Store,2026,42,,0
70037,Store,2026,43,,0
70037,Store,2026,44,,0
70037,Store,2026,45,,0
70037,Store,2026,46,,0
70037,Store,2026,47,,0
70037,Store,2026,48,,0
70037,Store,2026,49,,0
70037,Store,2026,50,,0
70037,Store,2026,51,,0
70037,Store,2026,52,,0
70038,Ecom,2026,26,,0
70038,Ecom,2026,27,,0
70038,Ecom,2026,28,,0
70038,Ecom,2026,29,,0
70038,Ecom,2026,30,,0
70038,Ecom,2026,31,,0
70038,Ecom,2026,32,,0
70038,Ecom,2026,33,,0
70038,Ecom,2026,34,,0
70038,Ecom,2026,35,,0
70038,Ecom,2026,36,,0
70038,Ecom,2026,37,,0
70038,Ecom,2026,38,,0
70038,Ecom,2026,39,,0
70038,Ecom,2026,40,,0
70038,Ecom,2026,41,,0
70038,Ecom,2026,42,,0
70038,Ecom,2026,43,,0
70038,Ecom,2026,44,,0
70038,Ecom,2026,45,,0
70038,Ecom,2026,46,,0
70038,Ecom,2026,47,,0
70038,Ecom,2026,48,,0
70038,Ecom,2026,49,,0
70038,Ecom,2026,50,,0
70038,Ecom,2026,51,,0
70038,Ecom,2026,52,,0
70038,Indirect,2026,26,,0
70038,Indirect,2026,27,,0
70038,Indirect,2026,28,,0
70038,Indirect,2026,29,,0
70038,Indirect,2026,30,,0
70038,Indirect,2026,31,,0
70038,Indirect,2026,32,,0
70038,Indirect,2026,33,,0
70038,Indirect,2026,34,,0
70038,Indirect,2026,35,,0
70038,Indirect,2026,36,,0
70038,Indirect,2026,37,,0
70038,Indirect,2026,38,,0
70038,Indirect,2026,39,,0
70038,Indirect,2026,40,,0
70038,Indirect,2026,41,,0
70038,Indirect,2026,42,,0
70038,Indirect,2026,43,,0
70038,Indirect,2026,44,,0
70038,Indirect,2026,45,,0
70038,Indirect,2026,46,,0
70038,Indirect,2026,47,,0
70038,Indirect,2026,48,,0
70038,Indirect,2026,49,,0
70038,Indirect,2026,50,,0
70038,Indirect,2026,51,,0
70038,Indirect,2026,52,,0
70038,Store,2026,26,,0
70038,Store,2026,27,,0
70038,Store,2026,28,,0
70038,Store,2026,29,,0
70038,Store,2026,30,,0
70038,Store,2026,31,,0
70038,Store,2026,32,,0
70038,Store,2026,33,,0
70038,Store,2026,34,,0
70038,Store,2026,35,,0
70038,Store,2026,36,,0
70038,Store,2026,37,,0
70038,Store,2026,38,,0
70038,Store,2026,39,,0
70038,Store,2026,40,,0
70038,Store,2026,41,,0
70038,Store,2026,42,,0
70038,Store,2026,43,,0
70038,Store,2026,44,,0
70038,Store,2026,45,,0
70038,Store,2026,46,,0
70038,Store,2026,47,,0
70038,Store,2026,48,,0
70038,Store,2026,49,,0
70038,Store,2026,50,,0
70038,Store,2026,51,,0
70038,Store,2026,52,,0
70039,Ecom,2026,26,,0
70039,Ecom,2026,27,,0
70039,Ecom,2026,28,,0
70039,Ecom,2026,29,,0
70039,Ecom,2026,30,,0
70039,Ecom,2026,31,,0
70039,Ecom,2026,32,,0
70039,Ecom,2026,33,,0
70039,Ecom,2026,34,,0
70039,Ecom,2026,35,,0
70039,Ecom,2026,36,,0
70039,Ecom,2026,37,,0
70039,Ecom,2026,38,,0
70039,Ecom,2026,39,,0
70039,Ecom,2026,40,,0
70039,Ecom,2026,41,,0
70039,Ecom,2026,42,,0
70039,Ecom,2026,43,,0
70039,Ecom,2026,44,,0
70039,Ecom,2026,45,,0
70039,Ecom,2026,46,,0
70039,Ecom,2026,47,,0
70039,Ecom,2026,48,,0
70039,Ecom,2026,49,,0
70039,Ecom,2026,50,,0
70039,Ecom,2026,51,,0
70039,Ecom,2026,52,,0
70039,Indirect,2026,26,,0
70039,Indirect,2026,27,,0
70039,Indirect,2026,28,,0
70039,Indirect,2026,29,,0
70039,Indirect,2026,30,,0
70039,Indirect,2026,31,,0
70039,Indirect,2026,32,,0
70039,Indirect,2026,33,,0
70039,Indirect,2026,34,,0
70039,Indirect,2026,35,,0
70039,Indirect,2026,36,,0
70039,Indirect,2026,37,,0
70039,Indirect,2026,38,,0
70039,Indirect,2026,39,,0
70039,Indirect,2026,40,,0
70039,Indirect,2026,41,,0
70039,Indirect,2026,42,,0
70039,Indirect,2026,43,,0
70039,Indirect,2026,44,,0
70039,Indirect,2026,45,,0
70039,Indirect,2026,46,,0
70039,Indirect,2026,47,,0
70039,Indirect,2026,48,,0
70039,Indirect,2026,49,,0
70039,Indirect,2026,50,,0
70039,Indirect,2026,51,,0
70039,Indirect,2026,52,,0
70039,Store,2026,26,,0
70039,Store,2026,27,,0
70039,Store,2026,28,,0
70039,Store,2026,29,,0
70039,Store,2026,30,,0
70039,Store,2026,31,,0
70039,Store,2026,32,,0
70039,Store,2026,33,,0
70039,Store,2026,34,,0
70039,Store,2026,35,,0
70039,Store,2026,36,,0
70039,Store,2026,37,,0
70039,Store,2026,38,,0
70039,Store,2026,39,,0
70039,Store,2026,40,,0
70039,Store,2026,41,,0
70039,Store,2026,42,,0
70039,Store,2026,43,,0
70039,Store,2026,44,,0
70039,Store,2026,45,,0
70039,Store,2026,46,,0
70039,Store,2026,47,,0
70039,Store,2026,48,,0
70039,Store,2026,49,,0
70039,Store,2026,50,,0
70039,Store,2026,51,,0
70039,Store,2026,52,,0
70040,Ecom,2026,26,,0
70040,Ecom,2026,27,,0
70040,Ecom,2026,28,,0
70040,Ecom,2026,29,,0
70040,Ecom,2026,30,,0
70040,Ecom,2026,31,,0
70040,Ecom,2026,32,,0
70040,Ecom,2026,33,,0
70040,Ecom,2026,34,,0
70040,Ecom,2026,35,,0
70040,Ecom,2026,36,,0
70040,Ecom,2026,37,,0
70040,Ecom,2026,38,,0
70040,Ecom,2026,39,,0
70040,Ecom,2026,40,,0
70040,Ecom,2026,41,,0
70040,Ecom,2026,42,,0
70040,Ecom,2026,43,,0
70040,Ecom,2026,44,,0
70040,Ecom,2026,45,,0
70040,Ecom,2026,46,,0
70040,Ecom,2026,47,,0
70040,Ecom,2026,48,,0
70040,Ecom,2026,49,,0
70040,Ecom,2026,50,,0
70040,Ecom,2026,51,,0
70040,Ecom,2026,52,,0
70040,Indirect,2026,26,,0
70040,Indirect,2026,27,,0
70040,Indirect,2026,28,,0
70040,Indirect,2026,29,,0
70040,Indirect,2026,30,,0
70040,Indirect,2026,31,,0
70040,Indirect,2026,32,,0
70040,Indirect,2026,33,,0
70040,Indirect,2026,34,,0
70040,Indirect,2026,35,,0
70040,Indirect,2026,36,,0
70040,Indirect,2026,37,,0
70040,Indirect,2026,38,,0
70040,Indirect,2026,39,,0
70040,Indirect,2026,40,,0
70040,Indirect,2026,41,,0
70040,Indirect,2026,42,,0
70040,Indirect,2026,43,,0
70040,Indirect,2026,44,,0
70040,Indirect,2026,45,,0
70040,Indirect,2026,46,,0
70040,Indirect,2026,47,,0
70040,Indirect,2026,48,,0
70040,Indirect,2026,49,,0
70040,Indirect,2026,50,,0
70040,Indirect,2026,51,,0
70040,Indirect,2026,52,,0
70040,Store,2026,26,,0
70040,Store,2026,27,,0
70040,Store,2026,28,,0
70040,Store,2026,29,,0
70040,Store,2026,30,,0
70040,Store,2026,31,,0
70040,Store,2026,32,,0
70040,Store,2026,33,,0
70040,Store,2026,34,,0
70040,Store,2026,35,,0
70040,Store,2026,36,,0
70040,Store,2026,37,,0
70040,Store,2026,38,,0
70040,Store,2026,39,,0
70040,Store,2026,40,,0
70040,Store,2026,41,,0
70040,Store,2026,42,,0
70040,Store,2026,43,,0
70040,Store,2026,44,,0
70040,Store,2026,45,,0
70040,Store,2026,46,,0
70040,Store,2026,47,,0
70040,Store,2026,48,,0
70040,Store,2026,49,,0
70040,Store,2026,50,,0
70040,Store,2026,51,,0
70040,Store,2026,52,,0
70041,Ecom,2026,26,,0
70041,Ecom,2026,27,,0
70041,Ecom,2026,28,,0
70041,Ecom,2026,29,,0
70041,Ecom,2026,30,,0
70041,Ecom,2026,31,,0
70041,Ecom,2026,32,,0
70041,Ecom,2026,33,,0
70041,Ecom,2026,34,,0
70041,Ecom,2026,35,,0
70041,Ecom,2026,36,,0
70041,Ecom,2026,37,,0
70041,Ecom,2026,38,,0
70041,Ecom,2026,39,,0
70041,Ecom,2026,40,,0
70041,Ecom,2026,41,,0
70041,Ecom,2026,42,,0
70041,Ecom,2026,43,,0
70041,Ecom,2026,44,,0
70041,Ecom,2026,45,,0
70041,Ecom,2026,46,,0
70041,Ecom,2026,47,,0
70041,Ecom,2026,48,,0
70041,Ecom,2026,49,,0
70041,Ecom,2026,50,,0
70041,Ecom,2026,51,,0
70041,Ecom,2026,52,,0
70041,Indirect,2026,26,,0
70041,Indirect,2026,27,,0
70041,Indirect,2026,28,,0
70041,Indirect,2026,29,,0
70041,Indirect,2026,30,,0
70041,Indirect,2026,31,,0
70041,Indirect,2026,32,,0
70041,Indirect,2026,33,,0
70041,Indirect,2026,34,,0
70041,Indirect,2026,35,,0
70041,Indirect,2026,36,,0
70041,Indirect,2026,37,,0
70041,Indirect,2026,38,,0
70041,Indirect,2026,39,,0
70041,Indirect,2026,40,,0
70041,Indirect,2026,41,,0
70041,Indirect,2026,42,,0
70041,Indirect,2026,43,,0
70041,Indirect,2026,44,,0
70041,Indirect,2026,45,,0
70041,Indirect,2026,46,,0
70041,Indirect,2026,47,,0
70041,Indirect,2026,48,,0
70041,Indirect,2026,49,,0
70041,Indirect,2026,50,,0
70041,Indirect,2026,51,,0
70041,Indirect,2026,52,,0
70041,Store,2026,26,,0
70041,Store,2026,27,,0
70041,Store,2026,28,,0
70041,Store,2026,29,,0
70041,Store,2026,30,,0
70041,Store,2026,31,,0
70041,Store,2026,32,,0
70041,Store,2026,33,,0
70041,Store,2026,34,,0
70041,Store,2026,35,,0
70041,Store,2026,36,,0
70041,Store,2026,37,,0
70041,Store,2026,38,,0
70041,Store,2026,39,,0
70041,Store,2026,40,,0
70041,Store,2026,41,,0
70041,Store,2026,42,,0
70041,Store,2026,43,,0
70041,Store,2026,44,,0
70041,Store,2026,45,,0
70041,Store,2026,46,,0
70041,Store,2026,47,,0
70041,Store,2026,48,,0
70041,Store,2026,49,,0
70041,Store,2026,50,,0
70041,Store,2026,51,,0
70041,Store,2026,52,,0
70042,Ecom,2026,26,,0
70042,Ecom,2026,27,,0
70042,Ecom,2026,28,,0
70042,Ecom,2026,29,,0
70042,Ecom,2026,30,,0
70042,Ecom,2026,31,,0
70042,Ecom,2026,32,,0
70042,Ecom,2026,33,,0
70042,Ecom,2026,34,,0
70042,Ecom,2026,35,,0
70042,Ecom,2026,36,,0
70042,Ecom,2026,37,,0
70042,Ecom,2026,38,,0
70042,Ecom,2026,39,,0
70042,Ecom,2026,40,,0
70042,Ecom,2026,41,,0
70042,Ecom,2026,42,,0
70042,Ecom,2026,43,,0
70042,Ecom,2026,44,,0
70042,Ecom,2026,45,,0
70042,Ecom,2026,46,,0
70042,Ecom,2026,47,,0
70042,Ecom,2026,48,,0
70042,Ecom,2026,49,,0
70042,Ecom,2026,50,,0
70042,Ecom,2026,51,,0
70042,Ecom,2026,52,,0
70042,Indirect,2026,26,,0
70042,Indirect,2026,27,,0
70042,Indirect,2026,28,,0
70042,Indirect,2026,29,,0
70042,Indirect,2026,30,,0
70042,Indirect,2026,31,,0
70042,Indirect,2026,32,,0
70042,Indirect,2026,33,,0
70042,Indirect,2026,34,,0
70042,Indirect,2026,35,,0
70042,Indirect,2026,36,,0
70042,Indirect,2026,37,,0
70042,Indirect,2026,38,,0
70042,Indirect,2026,39,,0
70042,Indirect,2026,40,,0
70042,Indirect,2026,41,,0
70042,Indirect,2026,42,,0
70042,Indirect,2026,43,,0
70042,Indirect,2026,44,,0
70042,Indirect,2026,45,,0
70042,Indirect,2026,46,,0
70042,Indirect,2026,47,,0
70042,Indirect,2026,48,,0
70042,Indirect,2026,49,,0
70042,Indirect,2026,50,,0
70042,Indirect,2026,51,,0
70042,Indirect,2026,52,,0
70042,Store,2026,26,,0
70042,Store,2026,27,,0
70042,Store,2026,28,,0
70042,Store,2026,29,,0
70042,Store,2026,30,,0
70042,Store,2026,31,,0
70042,Store,2026,32,,0
70042,Store,2026,33,,0
70042,Store,2026,34,,0
70042,Store,2026,35,,0
70042,Store,2026,36,,0
70042,Store,2026,37,,0
70042,Store,2026,38,,0
70042,Store,2026,39,,0
70042,Store,2026,40,,0
70042,Store,2026,41,,0
70042,Store,2026,42,,0
70042,Store,2026,43,,0
70042,Store,2026,44,,0
70042,Store,2026,45,,0
70042,Store,2026,46,,0
70042,Store,2026,47,,0
70042,Store,2026,48,,0
70042,Store,2026,49,,0
70042,Store,2026,50,,0
70042,Store,2026,51,,0
70042,Store,2026,52,,0
70043,Ecom,2026,26,,0
70043,Ecom,2026,27,,0
70043,Ecom,2026,28,,0
70043,Ecom,2026,29,,0
70043,Ecom,2026,30,,0
70043,Ecom,2026,31,,0
70043,Ecom,2026,32,,0
70043,Ecom,2026,33,,0
70043,Ecom,2026,34,,0
70043,Ecom,2026,35,,0
70043,Ecom,2026,36,,0
70043,Ecom,2026,37,,0
70043,Ecom,2026,38,,0
70043,Ecom,2026,39,,0
70043,Ecom,2026,40,,0
70043,Ecom,2026,41,,0
70043,Ecom,2026,42,,0
70043,Ecom,2026,43,,0
70043,Ecom,2026,44,,0
70043,Ecom,2026,45,,0
70043,Ecom,2026,46,,0
70043,Ecom,2026,47,,0
70043,Ecom,2026,48,,0
70043,Ecom,2026,49,,0
70043,Ecom,2026,50,,0
70043,Ecom,2026,51,,0
70043,Ecom,2026,52,,0
70043,Indirect,2026,26,,0
70043,Indirect,2026,27,,0
70043,Indirect,2026,28,,0
70043,Indirect,2026,29,,0
70043,Indirect,2026,30,,0
70043,Indirect,2026,31,,0
70043,Indirect,2026,32,,0
70043,Indirect,2026,33,,0
70043,Indirect,2026,34,,0
70043,Indirect,2026,35,,0
70043,Indirect,2026,36,,0
70043,Indirect,2026,37,,0
70043,Indirect,2026,38,,0
70043,Indirect,2026,39,,0
70043,Indirect,2026,40,,0
70043,Indirect,2026,41,,0
70043,Indirect,2026,42,,0
70043,Indirect,2026,43,,0
70043,Indirect,2026,44,,0
70043,Indirect,2026,45,,0
70043,Indirect,2026,46,,0
70043,Indirect,2026,47,,0
70043,Indirect,2026,48,,0
70043,Indirect,2026,49,,0
70043,Indirect,2026,50,,0
70043,Indirect,2026,51,,0
70043,Indirect,2026,52,,0
70043,Store,2026,26,,0
70043,Store,2026,27,,0
70043,Store,2026,28,,0
70043,Store,2026,29,,0
70043,Store,2026,30,,0
70043,Store,2026,31,,0
70043,Store,2026,32,,0
70043,Store,2026,33,,0
70043,Store,2026,34,,0
70043,Store,2026,35,,0
70043,Store,2026,36,,0
70043,Store,2026,37,,0
70043,Store,2026,38,,0
70043,Store,2026,39,,0
70043,Store,2026,40,,0
70043,Store,2026,41,,0
70043,Store,2026,42,,0
70043,Store,2026,43,,0
70043,Store,2026,44,,0
70043,Store,2026,45,,0
70043,Store,2026,46,,0
70043,Store,2026,47,,0
70043,Store,2026,48,,0
70043,Store,2026,49,,0
70043,Store,2026,50,,0
70043,Store,2026,51,,0
70043,Store,2026,52,,0
70044,Ecom,2026,26,,0
70044,Ecom,2026,27,,0
70044,Ecom,2026,28,,0
70044,Ecom,2026,29,,0
70044,Ecom,2026,30,,0
70044,Ecom,2026,31,,0
70044,Ecom,2026,32,,0
70044,Ecom,2026,33,,0
70044,Ecom,2026,34,,0
70044,Ecom,2026,35,,0
70044,Ecom,2026,36,,0
70044,Ecom,2026,37,,0
70044,Ecom,2026,38,,0
70044,Ecom,2026,39,,0
70044,Ecom,2026,40,,0
70044,Ecom,2026,41,,0
70044,Ecom,2026,42,,0
70044,Ecom,2026,43,,0
70044,Ecom,2026,44,,0
70044,Ecom,2026,45,,0
70044,Ecom,2026,46,,0
70044,Ecom,2026,47,,0
70044,Ecom,2026,48,,0
70044,Ecom,2026,49,,0
70044,Ecom,2026,50,,0
70044,Ecom,2026,51,,0
70044,Ecom,2026,52,,0
70044,Indirect,2026,26,,0
70044,Indirect,2026,27,,0
70044,Indirect,2026,28,,0
70044,Indirect,2026,29,,0
70044,Indirect,2026,30,,0
70044,Indirect,2026,31,,0
70044,Indirect,2026,32,,0
70044,Indirect,2026,33,,0
70044,Indirect,2026,34,,0
70044,Indirect,2026,35,,0
70044,Indirect,2026,36,,0
70044,Indirect,2026,37,,0
70044,Indirect,2026,38,,0
70044,Indirect,2026,39,,0
70044,Indirect,2026,40,,0
70044,Indirect,2026,41,,0
70044,Indirect,2026,42,,0
70044,Indirect,2026,43,,0
70044,Indirect,2026,44,,0
70044,Indirect,2026,45,,0
70044,Indirect,2026,46,,0
70044,Indirect,2026,47,,0
70044,Indirect,2026,48,,0
70044,Indirect,2026,49,,0
70044,Indirect,2026,50,,0
70044,Indirect,2026,51,,0
70044,Indirect,2026,52,,0
70044,Store,2026,26,,0
70044,Store,2026,27,,0
70044,Store,2026,28,,0
70044,Store,2026,29,,0
70044,Store,2026,30,,0
70044,Store,2026,31,,0
70044,Store,2026,32,,0
70044,Store,2026,33,,0
70044,Store,2026,34,,0
70044,Store,2026,35,,0
70044,Store,2026,36,,0
70044,Store,2026,37,,0
70044,Store,2026,38,,0
70044,Store,2026,39,,0
70044,Store,2026,40,,0
70044,Store,2026,41,,0
70044,Store,2026,42,,0
70044,Store,2026,43,,0
70044,Store,2026,44,,0
70044,Store,2026,45,,0
70044,Store,2026,46,,0
70044,Store,2026,47,,0
70044,Store,2026,48,,0
70044,Store,2026,49,,0
70044,Store,2026,50,,0
70044,Store,2026,51,,0
70044,Store,2026,52,,0
70045,Ecom,2026,26,,0
70045,Ecom,2026,27,,0
70045,Ecom,2026,28,,0
70045,Ecom,2026,29,,0
70045,Ecom,2026,30,,0
70045,Ecom,2026,31,,0
70045,Ecom,2026,32,,0
70045,Ecom,2026,33,,0
70045,Ecom,2026,34,,0
70045,Ecom,2026,35,,0
70045,Ecom,2026,36,,0
70045,Ecom,2026,37,,0
70045,Ecom,2026,38,,0
70045,Ecom,2026,39,,0
70045,Ecom,2026,40,,0
70045,Ecom,2026,41,,0
70045,Ecom,2026,42,,0
70045,Ecom,2026,43,,0
70045,Ecom,2026,44,,0
70045,Ecom,2026,45,,0
70045,Ecom,2026,46,,0
70045,Ecom,2026,47,,0
70045,Ecom,2026,48,,0
70045,Ecom,2026,49,,0
70045,Ecom,2026,50,,0
70045,Ecom,2026,51,,0
70045,Ecom,2026,52,,0
70045,Indirect,2026,26,,0
70045,Indirect,2026,27,,0
70045,Indirect,2026,28,,0
70045,Indirect,2026,29,,0
70045,Indirect,2026,30,,0
70045,Indirect,2026,31,,0
70045,Indirect,2026,32,,0
70045,Indirect,2026,33,,0
70045,Indirect,2026,34,,0
70045,Indirect,2026,35,,0
70045,Indirect,2026,36,,0
70045,Indirect,2026,37,,0
70045,Indirect,2026,38,,0
70045,Indirect,2026,39,,0
70045,Indirect,2026,40,,0
70045,Indirect,2026,41,,0
70045,Indirect,2026,42,,0
70045,Indirect,2026,43,,0
70045,Indirect,2026,44,,0
70045,Indirect,2026,45,,0
70045,Indirect,2026,46,,0
70045,Indirect,2026,47,,0
70045,Indirect,2026,48,,0
70045,Indirect,2026,49,,0
70045,Indirect,2026,50,,0
70045,Indirect,2026,51,,0
70045,Indirect,2026,52,,0
70045,Store,2026,26,,0
70045,Store,2026,27,,0
70045,Store,2026,28,,0
70045,Store,2026,29,,0
70045,Store,2026,30,,0
70045,Store,2026,31,,0
70045,Store,2026,32,,0
70045,Store,2026,33,,0
70045,Store,2026,34,,0
70045,Store,2026,35,,0
70045,Store,2026,36,,0
70045,Store,2026,37,,0
70045,Store,2026,38,,0
70045,Store,2026,39,,0
70045,Store,2026,40,,0
70045,Store,2026,41,,0
70045,Store,2026,42,,0
70045,Store,2026,43,,0
70045,Store,2026,44,,0
70045,Store,2026,45,,0
70045,Store,2026,46,,0
70045,Store,2026,47,,0
70045,Store,2026,48,,0
70045,Store,2026,49,,0
70045,Store,2026,50,,0
70045,Store,2026,51,,0
70045,Store,2026,52,,0
70046,Ecom,2026,26,,0
70046,Ecom,2026,27,,0
70046,Ecom,2026,28,,0
70046,Ecom,2026,29,,0
70046,Ecom,2026,30,,0
70046,Ecom,2026,31,,0
70046,Ecom,2026,32,,0
70046,Ecom,2026,33,,0
70046,Ecom,2026,34,,0
70046,Ecom,2026,35,,0
70046,Ecom,2026,36,,0
70046,Ecom,2026,37,,0
70046,Ecom,2026,38,,0
70046,Ecom,2026,39,,0
70046,Ecom,2026,40,,0
70046,Ecom,2026,41,,0
70046,Ecom,2026,42,,0
70046,Ecom,2026,43,,0
70046,Ecom,2026,44,,0
70046,Ecom,2026,45,,0
70046,Ecom,2026,46,,0
70046,Ecom,2026,47,,0
70046,Ecom,2026,48,,0
70046,Ecom,2026,49,,0
70046,Ecom,2026,50,,0
70046,Ecom,2026,51,,0
70046,Ecom,2026,52,,0
70046,Indirect,2026,26,,0
70046,Indirect,2026,27,,0
70046,Indirect,2026,28,,0
70046,Indirect,2026,29,,0
70046,Indirect,2026,30,,0
70046,Indirect,2026,31,,0
70046,Indirect,2026,32,,0
70046,Indirect,2026,33,,0
70046,Indirect,2026,34,,0
70046,Indirect,2026,35,,0
70046,Indirect,2026,36,,0
70046,Indirect,2026,37,,0
70046,Indirect,2026,38,,0
70046,Indirect,2026,39,,0
70046,Indirect,2026,40,,0
70046,Indirect,2026,41,,0
70046,Indirect,2026,42,,0
70046,Indirect,2026,43,,0
70046,Indirect,2026,44,,0
70046,Indirect,2026,45,,0
70046,Indirect,2026,46,,0
70046,Indirect,2026,47,,0
70046,Indirect,2026,48,,0
70046,Indirect,2026,49,,0
70046,Indirect,2026,50,,0
70046,Indirect,2026,51,,0
70046,Indirect,2026,52,,0
70046,Store,2026,26,,0
70046,Store,2026,27,,0
70046,Store,2026,28,,0
70046,Store,2026,29,,0
70046,Store,2026,30,,0
70046,Store,2026,31,,0
70046,Store,2026,32,,0
70046,Store,2026,33,,0
70046,Store,2026,34,,0
70046,Store,2026,35,,0
70046,Store,2026,36,,0
70046,Store,2026,37,,0
70046,Store,2026,38,,0
70046,Store,2026,39,,0
70046,Store,2026,40,,0
70046,Store,2026,41,,0
70046,Store,2026,42,,0
70046,Store,2026,43,,0
70046,Store,2026,44,,0
70046,Store,2026,45,,0
70046,Store,2026,46,,0
70046,Store,2026,47,,0
70046,Store,2026,48,,0
70046,Store,2026,49,,0
70046,Store,2026,50,,0
70046,Store,2026,51,,0
70046,Store,2026,52,,0
70047,Ecom,2026,26,,0
70047,Ecom,2026,27,,0
70047,Ecom,2026,28,,0
70047,Ecom,2026,29,,0
70047,Ecom,2026,30,,0
70047,Ecom,2026,31,,0
70047,Ecom,2026,32,,0
70047,Ecom,2026,33,,0
70047,Ecom,2026,34,,0
70047,Ecom,2026,35,,0
70047,Ecom,2026,36,,0
70047,Ecom,2026,37,,0
70047,Ecom,2026,38,,0
70047,Ecom,2026,39,,0
70047,Ecom,2026,40,,0
70047,Ecom,2026,41,,0
70047,Ecom,2026,42,,0
70047,Ecom,2026,43,,0
70047,Ecom,2026,44,,0
70047,Ecom,2026,45,,0
70047,Ecom,2026,46,,0
70047,Ecom,2026,47,,0
70047,Ecom,2026,48,,0
70047,Ecom,2026,49,,0
70047,Ecom,2026,50,,0
70047,Ecom,2026,51,,0
70047,Ecom,2026,52,,0
70047,Indirect,2026,26,,0
70047,Indirect,2026,27,,0
70047,Indirect,2026,28,,0
70047,Indirect,2026,29,,0
70047,Indirect,2026,30,,0
70047,Indirect,2026,31,,0
70047,Indirect,2026,32,,0
70047,Indirect,2026,33,,0
70047,Indirect,2026,34,,0
70047,Indirect,2026,35,,0
70047,Indirect,2026,36,,0
70047,Indirect,2026,37,,0
70047,Indirect,2026,38,,0
70047,Indirect,2026,39,,0
70047,Indirect,2026,40,,0
70047,Indirect,2026,41,,0
70047,Indirect,2026,42,,0
70047,Indirect,2026,43,,0
70047,Indirect,2026,44,,0
70047,Indirect,2026,45,,0
70047,Indirect,2026,46,,0
70047,Indirect,2026,47,,0
70047,Indirect,2026,48,,0
70047,Indirect,2026,49,,0
70047,Indirect,2026,50,,0
70047,Indirect,2026,51,,0
70047,Indirect,2026,52,,0
70047,Store,2026,26,,0
70047,Store,2026,27,,0
70047,Store,2026,28,,0
70047,Store,2026,29,,0
70047,Store,2026,30,,0
70047,Store,2026,31,,0
70047,Store,2026,32,,0
70047,Store,2026,33,,0
70047,Store,2026,34,,0
70047,Store,2026,35,,0
70047,Store,2026,36,,0
70047,Store,2026,37,,0
70047,Store,2026,38,,0
70047,Store,2026,39,,0
70047,Store,2026,40,,0
70047,Store,2026,41,,0
70047,Store,2026,42,,0
70047,Store,2026,43,,0
70047,Store,2026,44,,0
70047,Store,2026,45,,0
70047,Store,2026,46,,0
70047,Store,2026,47,,0
70047,Store,2026,48,,0
70047,Store,2026,49,,0
70047,Store,2026,50,,0
70047,Store,2026,51,,0
70047,Store,2026,52,,0
70048,Ecom,2026,26,,0
70048,Ecom,2026,27,,0
70048,Ecom,2026,28,,0
70048,Ecom,2026,29,,0
70048,Ecom,2026,30,,0
70048,Ecom,2026,31,,0
70048,Ecom,2026,32,,0
70048,Ecom,2026,33,,0
70048,Ecom,2026,34,,0
70048,Ecom,2026,35,,0
70048,Ecom,2026,36,,0
70048,Ecom,2026,37,,0
70048,Ecom,2026,38,,0
70048,Ecom,2026,39,,0
70048,Ecom,2026,40,,0
70048,Ecom,2026,41,,0
70048,Ecom,2026,42,,0
70048,Ecom,2026,43,,0
70048,Ecom,2026,44,,0
70048,Ecom,2026,45,,0
70048,Ecom,2026,46,,0
70048,Ecom,2026,47,,0
70048,Ecom,2026,48,,0
70048,Ecom,2026,49,,0
70048,Ecom,2026,50,,0
70048,Ecom,2026,51,,0
70048,Ecom,2026,52,,0
70048,Indirect,2026,26,,0
70048,Indirect,2026,27,,0
70048,Indirect,2026,28,,0
70048,Indirect,2026,29,,0
70048,Indirect,2026,30,,0
70048,Indirect,2026,31,,0
70048,Indirect,2026,32,,0
70048,Indirect,2026,33,,0
70048,Indirect,2026,34,,0
70048,Indirect,2026,35,,0
70048,Indirect,2026,36,,0
70048,Indirect,2026,37,,0
70048,Indirect,2026,38,,0
70048,Indirect,2026,39,,0
70048,Indirect,2026,40,,0
70048,Indirect,2026,41,,0
70048,Indirect,2026,42,,0
70048,Indirect,2026,43,,0
70048,Indirect,2026,44,,0
70048,Indirect,2026,45,,0
70048,Indirect,2026,46,,0
70048,Indirect,2026,47,,0
70048,Indirect,2026,48,,0
70048,Indirect,2026,49,,0
70048,Indirect,2026,50,,0
70048,Indirect,2026,51,,0
70048,Indirect,2026,52,,0
70048,Store,2026,26,,0
70048,Store,2026,27,,0
70048,Store,2026,28,,0
70048,Store,2026,29,,0
70048,Store,2026,30,,0
70048,Store,2026,31,,0
70048,Store,2026,32,,0
70048,Store,2026,33,,0
70048,Store,2026,34,,0
70048,Store,2026,35,,0
70048,Store,2026,36,,0
70048,Store,2026,37,,0
70048,Store,2026,38,,0
70048,Store,2026,39,,0
70048,Store,2026,40,,0
70048,Store,2026,41,,0
70048,Store,2026,42,,0
70048,Store,2026,43,,0
70048,Store,2026,44,,0
70048,Store,2026,45,,0
70048,Store,2026,46,,0
70048,Store,2026,47,,0
70048,Store,2026,48,,0
70048,Store,2026,49,,0
70048,Store,2026,50,,0
70048,Store,2026,51,,0
70048,Store,2026,52,,0
70049,Ecom,2026,26,,0
70049,Ecom,2026,27,,0
70049,Ecom,2026,28,,0
70049,Ecom,2026,29,,0
70049,Ecom,2026,30,,0
70049,Ecom,2026,31,,0
70049,Ecom,2026,32,,0
70049,Ecom,2026,33,,0
70049,Ecom,2026,34,,0
70049,Ecom,2026,35,,0
70049,Ecom,2026,36,,0
70049,Ecom,2026,37,,0
70049,Ecom,2026,38,,0
70049,Ecom,2026,39,,0
70049,Ecom,2026,40,,0
70049,Ecom,2026,41,,0
70049,Ecom,2026,42,,0
70049,Ecom,2026,43,,0
70049,Ecom,2026,44,,0
70049,Ecom,2026,45,,0
70049,Ecom,2026,46,,0
70049,Ecom,2026,47,,0
70049,Ecom,2026,48,,0
70049,Ecom,2026,49,,0
70049,Ecom,2026,50,,0
70049,Ecom,2026,51,,0
70049,Ecom,2026,52,,0
70049,Indirect,2026,26,,0
70049,Indirect,2026,27,,0
70049,Indirect,2026,28,,0
70049,Indirect,2026,29,,0
70049,Indirect,2026,30,,0
70049,Indirect,2026,31,,0
70049,Indirect,2026,32,,0
70049,Indirect,2026,33,,0
70049,Indirect,2026,34,,0
70049,Indirect,2026,35,,0
70049,Indirect,2026,36,,0
70049,Indirect,2026,37,,0
70049,Indirect,2026,38,,0
70049,Indirect,2026,39,,0
70049,Indirect,2026,40,,0
70049,Indirect,2026,41,,0
70049,Indirect,2026,42,,0
70049,Indirect,2026,43,,0
70049,Indirect,2026,44,,0
70049,Indirect,2026,45,,0
70049,Indirect,2026,46,,0
70049,Indirect,2026,47,,0
70049,Indirect,2026,48,,0
70049,Indirect,2026,49,,0
70049,Indirect,2026,50,,0
70049,Indirect,2026,51,,0
70049,Indirect,2026,52,,0
70049,Store,2026,26,,0
70049,Store,2026,27,,0
70049,Store,2026,28,,0
70049,Store,2026,29,,0
70049,Store,2026,30,,0
70049,Store,2026,31,,0
70049,Store,2026,32,,0
70049,Store,2026,33,,0
70049,Store,2026,34,,0
70049,Store,2026,35,,0
70049,Store,2026,36,,0
70049,Store,2026,37,,0
70049,Store,2026,38,,0
70049,Store,2026,39,,0
70049,Store,2026,40,,0
70049,Store,2026,41,,0
70049,Store,2026,42,,0
70049,Store,2026,43,,0
70049,Store,2026,44,,0
70049,Store,2026,45,,0
70049,Store,2026,46,,0
70049,Store,2026,47,,0
70049,Store,2026,48,,0
70049,Store,2026,49,,0
70049,Store,2026,50,,0
70049,Store,2026,51,,0
70049,Store,2026,52,,0
70050,Ecom,2026,26,,0
70050,Ecom,2026,27,,0
70050,Ecom,2026,28,,0
70050,Ecom,2026,29,,0
70050,Ecom,2026,30,,0
70050,Ecom,2026,31,,0
70050,Ecom,2026,32,,0
70050,Ecom,2026,33,,0
70050,Ecom,2026,34,,0
70050,Ecom,2026,35,,0
70050,Ecom,2026,36,,0
70050,Ecom,2026,37,,0
70050,Ecom,2026,38,,0
70050,Ecom,2026,39,,0
70050,Ecom,2026,40,,0
70050,Ecom,2026,41,,0
70050,Ecom,2026,42,,0
70050,Ecom,2026,43,,0
70050,Ecom,2026,44,,0
70050,Ecom,2026,45,,0
70050,Ecom,2026,46,,0
70050,Ecom,2026,47,,0
70050,Ecom,2026,48,,0
70050,Ecom,2026,49,,0
70050,Ecom,2026,50,,0
70050,Ecom,2026,51,,0
70050,Ecom,2026,52,,0
70050,Indirect,2026,26,,0
70050,Indirect,2026,27,,0
70050,Indirect,2026,28,,0
70050,Indirect,2026,29,,0
70050,Indirect,2026,30,,0
70050,Indirect,2026,31,,0
70050,Indirect,2026,32,,0
70050,Indirect,2026,33,,0
70050,Indirect,2026,34,,0
70050,Indirect,2026,35,,0
70050,Indirect,2026,36,,0
70050,Indirect,2026,37,,0
70050,Indirect,2026,38,,0
70050,Indirect,2026,39,,0
70050,Indirect,2026,40,,0
70050,Indirect,2026,41,,0
70050,Indirect,2026,42,,0
70050,Indirect,2026,43,,0
70050,Indirect,2026,44,,0
70050,Indirect,2026,45,,0
70050,Indirect,2026,46,,0
70050,Indirect,2026,47,,0
70050,Indirect,2026,48,,0
70050,Indirect,2026,49,,0
70050,Indirect,2026,50,,0
70050,Indirect,2026,51,,0
70050,Indirect,2026,52,,0
70050,Store,2026,26,,0
70050,Store,2026,27,,0
70050,Store,2026,28,,0
70050,Store,2026,29,,0
70050,Store,2026,30,,0
70050,Store,2026,31,,0
70050,Store,2026,32,,0
70050,Store,2026,33,,0
70050,Store,2026,34,,0
70050,Store,2026,35,,0
70050,Store,2026,36,,0
70050,Store,2026,37,,0
70050,Store,2026,38,,0
70050,Store,2026,39,,0
70050,Store,2026,40,,0
70050,Store,2026,41,,0
70050,Store,2026,42,,0
70050,Store,2026,43,,0
70050,Store,2026,44,,0
70050,Store,2026,45,,0
70050,Store,2026,46,,0
70050,Store,2026,47,,0
70050,Store,2026,48,,0
70050,Store,2026,49,,0
70050,Store,2026,50,,0
70050,Store,2026,51,,0
70050,Store,2026,52,,0
70051,Ecom,2026,26,,0
70051,Ecom,2026,27,,0
70051,Ecom,2026,28,,0
70051,Ecom,2026,29,,0
70051,Ecom,2026,30,,0
70051,Ecom,2026,31,,0
70051,Ecom,2026,32,,0
70051,Ecom,2026,33,,0
70051,Ecom,2026,34,,0
70051,Ecom,2026,35,,0
70051,Ecom,2026,36,,0
70051,Ecom,2026,37,,0
70051,Ecom,2026,38,,0
70051,Ecom,2026,39,,0
70051,Ecom,2026,40,,0
70051,Ecom,2026,41,,0
70051,Ecom,2026,42,,0
70051,Ecom,2026,43,,0
70051,Ecom,2026,44,,0
70051,Ecom,2026,45,,0
70051,Ecom,2026,46,,0
70051,Ecom,2026,47,,0
70051,Ecom,2026,48,,0
70051,Ecom,2026,49,,0
70051,Ecom,2026,50,,0
70051,Ecom,2026,51,,0
70051,Ecom,2026,52,,0
70051,Indirect,2026,26,,0
70051,Indirect,2026,27,,0
70051,Indirect,2026,28,,0
70051,Indirect,2026,29,,0
70051,Indirect,2026,30,,0
70051,Indirect,2026,31,,0
70051,Indirect,2026,32,,0
70051,Indirect,2026,33,,0
70051,Indirect,2026,34,,0
70051,Indirect,2026,35,,0
70051,Indirect,2026,36,,0
70051,Indirect,2026,37,,0
70051,Indirect,2026,38,,0
70051,Indirect,2026,39,,0
70051,Indirect,2026,40,,0
70051,Indirect,2026,41,,0
70051,Indirect,2026,42,,0
70051,Indirect,2026,43,,0
70051,Indirect,2026,44,,0
70051,Indirect,2026,45,,0
70051,Indirect,2026,46,,0
70051,Indirect,2026,47,,0
70051,Indirect,2026,48,,0
70051,Indirect,2026,49,,0
70051,Indirect,2026,50,,0
70051,Indirect,2026,51,,0
70051,Indirect,2026,52,,0
70051,Store,2026,26,,0
70051,Store,2026,27,,0
70051,Store,2026,28,,0
70051,Store,2026,29,,0
70051,Store,2026,30,,0
70051,Store,2026,31,,0
70051,Store,2026,32,,0
70051,Store,2026,33,,0
70051,Store,2026,34,,0
70051,Store,2026,35,,0
70051,Store,2026,36,,0
70051,Store,2026,37,,0
70051,Store,2026,38,,0
70051,Store,2026,39,,0
70051,Store,2026,40,,0
70051,Store,2026,41,,0
70051,Store,2026,42,,0
70051,Store,2026,43,,0
70051,Store,2026,44,,0
70051,Store,2026,45,,0
70051,Store,2026,46,,0
70051,Store,2026,47,,0
70051,Store,2026,48,,0
70051,Store,2026,49,,0
70051,Store,2026,50,,0
70051,Store,2026,51,,0
70051,Store,2026,52,,0
70052,Ecom,2026,26,,0
70052,Ecom,2026,27,,0
70052,Ecom,2026,28,,0
70052,Ecom,2026,29,,0
70052,Ecom,2026,30,,0
70052,Ecom,2026,31,,0
70052,Ecom,2026,32,,0
70052,Ecom,2026,33,,0
70052,Ecom,2026,34,,0
70052,Ecom,2026,35,,0
70052,Ecom,2026,36,,0
70052,Ecom,2026,37,,0
70052,Ecom,2026,38,,0
70052,Ecom,2026,39,,0
70052,Ecom,2026,40,,0
70052,Ecom,2026,41,,0
70052,Ecom,2026,42,,0
70052,Ecom,2026,43,,0
70052,Ecom,2026,44,,0
70052,Ecom,2026,45,,0
70052,Ecom,2026,46,,0
70052,Ecom,2026,47,,0
70052,Ecom,2026,48,,0
70052,Ecom,2026,49,,0
70052,Ecom,2026,50,,0
70052,Ecom,2026,51,,0
70052,Ecom,2026,52,,0
70052,Indirect,2026,26,,0
70052,Indirect,2026,27,,0
70052,Indirect,2026,28,,0
70052,Indirect,2026,29,,0
70052,Indirect,2026,30,,0
70052,Indirect,2026,31,,0
70052,Indirect,2026,32,,0
70052,Indirect,2026,33,,0
70052,Indirect,2026,34,,0
70052,Indirect,2026,35,,0
70052,Indirect,2026,36,,0
70052,Indirect,2026,37,,0
70052,Indirect,2026,38,,0
70052,Indirect,2026,39,,0
70052,Indirect,2026,40,,0
70052,Indirect,2026,41,,0
70052,Indirect,2026,42,,0
70052,Indirect,2026,43,,0
70052,Indirect,2026,44,,0
70052,Indirect,2026,45,,0
70052,Indirect,2026,46,,0
70052,Indirect,2026,47,,0
70052,Indirect,2026,48,,0
70052,Indirect,2026,49,,0
70052,Indirect,2026,50,,0
70052,Indirect,2026,51,,0
70052,Indirect,2026,52,,0
70052,Store,2026,26,,0
70052,Store,2026,27,,0
70052,Store,2026,28,,0
70052,Store,2026,29,,0
70052,Store,2026,30,,0
70052,Store,2026,31,,0
70052,Store,2026,32,,0
70052,Store,2026,33,,0
70052,Store,2026,34,,0
70052,Store,2026,35,,0
70052,Store,2026,36,,0
70052,Store,2026,37,,0
70052,Store,2026,38,,0
70052,Store,2026,39,,0
70052,Store,2026,40,,0
70052,Store,2026,41,,0
70052,Store,2026,42,,0
70052,Store,2026,43,,0
70052,Store,2026,44,,0
70052,Store,2026,45,,0
70052,Store,2026,46,,0
70052,Store,2026,47,,0
70052,Store,2026,48,,0
70052,Store,2026,49,,0
70052,Store,2026,50,,0
70052,Store,2026,51,,0
70052,Store,2026,52,,0
70053,Ecom,2026,26,,0
70053,Ecom,2026,27,,0
70053,Ecom,2026,28,,0
70053,Ecom,2026,29,,0
70053,Ecom,2026,30,,0
70053,Ecom,2026,31,,0
70053,Ecom,2026,32,,0
70053,Ecom,2026,33,,0
70053,Ecom,2026,34,,0
70053,Ecom,2026,35,,0
70053,Ecom,2026,36,,0
70053,Ecom,2026,37,,0
70053,Ecom,2026,38,,0
70053,Ecom,2026,39,,0
70053,Ecom,2026,40,,0
70053,Ecom,2026,41,,0
70053,Ecom,2026,42,,0
70053,Ecom,2026,43,,0
70053,Ecom,2026,44,,0
70053,Ecom,2026,45,,0
70053,Ecom,2026,46,,0
70053,Ecom,2026,47,,0
70053,Ecom,2026,48,,0
70053,Ecom,2026,49,,0
70053,Ecom,2026,50,,0
70053,Ecom,2026,51,,0
70053,Ecom,2026,52,,0
70053,Indirect,2026,26,,0
70053,Indirect,2026,27,,0
70053,Indirect,2026,28,,0
70053,Indirect,2026,29,,0
70053,Indirect,2026,30,,0
70053,Indirect,2026,31,,0
70053,Indirect,2026,32,,0
70053,Indirect,2026,33,,0
70053,Indirect,2026,34,,0
70053,Indirect,2026,35,,0
70053,Indirect,2026,36,,0
70053,Indirect,2026,37,,0
70053,Indirect,2026,38,,0
70053,Indirect,2026,39,,0
70053,Indirect,2026,40,,0
70053,Indirect,2026,41,,0
70053,Indirect,2026,42,,0
70053,Indirect,2026,43,,0
70053,Indirect,2026,44,,0
70053,Indirect,2026,45,,0
70053,Indirect,2026,46,,0
70053,Indirect,2026,47,,0
70053,Indirect,2026,48,,0
70053,Indirect,2026,49,,0
70053,Indirect,2026,50,,0
70053,Indirect,2026,51,,0
70053,Indirect,2026,52,,0
70053,Store,2026,26,,0
70053,Store,2026,27,,0
70053,Store,2026,28,,0
70053,Store,2026,29,,0
70053,Store,2026,30,,0
70053,Store,2026,31,,0
70053,Store,2026,32,,0
70053,Store,2026,33,,0
70053,Store,2026,34,,0
70053,Store,2026,35,,0
70053,Store,2026,36,,0
70053,Store,2026,37,,0
70053,Store,2026,38,,0
70053,Store,2026,39,,0
70053,Store,2026,40,,0
70053,Store,2026,41,,0
70053,Store,2026,42,,0
70053,Store,2026,43,,0
70053,Store,2026,44,,0
70053,Store,2026,45,,0
70053,Store,2026,46,,0
70053,Store,2026,47,,0
70053,Store,2026,48,,0
70053,Store,2026,49,,0
70053,Store,2026,50,,0
70053,Store,2026,51,,0
70053,Store,2026,52,,0
70054,Ecom,2026,26,,0
70054,Ecom,2026,27,,0
70054,Ecom,2026,28,,0
70054,Ecom,2026,29,,0
70054,Ecom,2026,30,,0
70054,Ecom,2026,31,,0
70054,Ecom,2026,32,,0
70054,Ecom,2026,33,,0
70054,Ecom,2026,34,,0
70054,Ecom,2026,35,,0
70054,Ecom,2026,36,,0
70054,Ecom,2026,37,,0
70054,Ecom,2026,38,,0
70054,Ecom,2026,39,,0
70054,Ecom,2026,40,,0
70054,Ecom,2026,41,,0
70054,Ecom,2026,42,,0
70054,Ecom,2026,43,,0
70054,Ecom,2026,44,,0
70054,Ecom,2026,45,,0
70054,Ecom,2026,46,,0
70054,Ecom,2026,47,,0
70054,Ecom,2026,48,,0
70054,Ecom,2026,49,,0
70054,Ecom,2026,50,,0
70054,Ecom,2026,51,,0
70054,Ecom,2026,52,,0
70054,Indirect,2026,26,,0
70054,Indirect,2026,27,,0
70054,Indirect,2026,28,,0
70054,Indirect,2026,29,,0
70054,Indirect,2026,30,,0
70054,Indirect,2026,31,,0
70054,Indirect,2026,32,,0
70054,Indirect,2026,33,,0
70054,Indirect,2026,34,,0
70054,Indirect,2026,35,,0
70054,Indirect,2026,36,,0
70054,Indirect,2026,37,,0
70054,Indirect,2026,38,,0
70054,Indirect,2026,39,,0
70054,Indirect,2026,40,,0
70054,Indirect,2026,41,,0
70054,Indirect,2026,42,,0
70054,Indirect,2026,43,,0
70054,Indirect,2026,44,,0
70054,Indirect,2026,45,,0
70054,Indirect,2026,46,,0
70054,Indirect,2026,47,,0
70054,Indirect,2026,48,,0
70054,Indirect,2026,49,,0
70054,Indirect,2026,50,,0
70054,Indirect,2026,51,,0
70054,Indirect,2026,52,,0
70054,Store,2026,26,,0
70054,Store,2026,27,,0
70054,Store,2026,28,,0
70054,Store,2026,29,,0
70054,Store,2026,30,,0
70054,Store,2026,31,,0
70054,Store,2026,32,,0
70054,Store,2026,33,,0
70054,Store,2026,34,,0
70054,Store,2026,35,,0
70054,Store,2026,36,,0
70054,Store,2026,37,,0
70054,Store,2026,38,,0
70054,Store,2026,39,,0
70054,Store,2026,40,,0
70054,Store,2026,41,,0
70054,Store,2026,42,,0
70054,Store,2026,43,,0
70054,Store,2026,44,,0
70054,Store,2026,45,,0
70054,Store,2026,46,,0
70054,Store,2026,47,,0
70054,Store,2026,48,,0
70054,Store,2026,49,,0
70054,Store,2026,50,,0
70054,Store,2026,51,,0
70054,Store,2026,52,,0
70055,Ecom,2026,26,,0
70055,Ecom,2026,27,,0
70055,Ecom,2026,28,,0
70055,Ecom,2026,29,,0
70055,Ecom,2026,30,,0
70055,Ecom,2026,31,,0
70055,Ecom,2026,32,,0
70055,Ecom,2026,33,,0
70055,Ecom,2026,34,,0
70055,Ecom,2026,35,,0
70055,Ecom,2026,36,,0
70055,Ecom,2026,37,,0
70055,Ecom,2026,38,,0
70055,Ecom,2026,39,,0
70055,Ecom,2026,40,,0
70055,Ecom,2026,41,,0
70055,Ecom,2026,42,,0
70055,Ecom,2026,43,,0
70055,Ecom,2026,44,,0
70055,Ecom,2026,45,,0
70055,Ecom,2026,46,,0
70055,Ecom,2026,47,,0
70055,Ecom,2026,48,,0
70055,Ecom,2026,49,,0
70055,Ecom,2026,50,,0
70055,Ecom,2026,51,,0
70055,Ecom,2026,52,,0
70055,Indirect,2026,26,,0
70055,Indirect,2026,27,,0
70055,Indirect,2026,28,,0
70055,Indirect,2026,29,,0
70055,Indirect,2026,30,,0
70055,Indirect,2026,31,,0
70055,Indirect,2026,32,,0
70055,Indirect,2026,33,,0
70055,Indirect,2026,34,,0
70055,Indirect,2026,35,,0
70055,Indirect,2026,36,,0
70055,Indirect,2026,37,,0
70055,Indirect,2026,38,,0
70055,Indirect,2026,39,,0
70055,Indirect,2026,40,,0
70055,Indirect,2026,41,,0
70055,Indirect,2026,42,,0
70055,Indirect,2026,43,,0
70055,Indirect,2026,44,,0
70055,Indirect,2026,45,,0
70055,Indirect,2026,46,,0
70055,Indirect,2026,47,,0
70055,Indirect,2026,48,,0
70055,Indirect,2026,49,,0
70055,Indirect,2026,50,,0
70055,Indirect,2026,51,,0
70055,Indirect,2026,52,,0
70055,Store,2026,26,,0
70055,Store,2026,27,,0
70055,Store,2026,28,,0
70055,Store,2026,29,,0
70055,Store,2026,30,,0
70055,Store,2026,31,,0
70055,Store,2026,32,,0
70055,Store,2026,33,,0
70055,Store,2026,34,,0
70055,Store,2026,35,,0
70055,Store,2026,36,,0
70055,Store,2026,37,,0
70055,Store,2026,38,,0
70055,Store,2026,39,,0
70055,Store,2026,40,,0
70055,Store,2026,41,,0
70055,Store,2026,42,,0
70055,Store,2026,43,,0
70055,Store,2026,44,,0
70055,Store,2026,45,,0
70055,Store,2026,46,,0
70055,Store,2026,47,,0
70055,Store,2026,48,,0
70055,Store,2026,49,,0
70055,Store,2026,50,,0
70055,Store,2026,51,,0
70055,Store,2026,52,,0
70056,Ecom,2026,26,,0
70056,Ecom,2026,27,,0
70056,Ecom,2026,28,,0
70056,Ecom,2026,29,,0
70056,Ecom,2026,30,,0
70056,Ecom,2026,31,,0
70056,Ecom,2026,32,,0
70056,Ecom,2026,33,,0
70056,Ecom,2026,34,,0
70056,Ecom,2026,35,,0
70056,Ecom,2026,36,,0
70056,Ecom,2026,37,,0
70056,Ecom,2026,38,,0
70056,Ecom,2026,39,,0
70056,Ecom,2026,40,,0
70056,Ecom,2026,41,,0
70056,Ecom,2026,42,,0
70056,Ecom,2026,43,,0
70056,Ecom,2026,44,,0
70056,Ecom,2026,45,,0
70056,Ecom,2026,46,,0
70056,Ecom,2026,47,,0
70056,Ecom,2026,48,,0
70056,Ecom,2026,49,,0
70056,Ecom,2026,50,,0
70056,Ecom,2026,51,,0
70056,Ecom,2026,52,,0
70056,Indirect,2026,26,,0
70056,Indirect,2026,27,,0
70056,Indirect,2026,28,,0
70056,Indirect,2026,29,,0
70056,Indirect,2026,30,,0
70056,Indirect,2026,31,,0
70056,Indirect,2026,32,,0
70056,Indirect,2026,33,,0
70056,Indirect,2026,34,,0
70056,Indirect,2026,35,,0
70056,Indirect,2026,36,,0
70056,Indirect,2026,37,,0
70056,Indirect,2026,38,,0
70056,Indirect,2026,39,,0
70056,Indirect,2026,40,,0
70056,Indirect,2026,41,,0
70056,Indirect,2026,42,,0
70056,Indirect,2026,43,,0
70056,Indirect,2026,44,,0
70056,Indirect,2026,45,,0
70056,Indirect,2026,46,,0
70056,Indirect,2026,47,,0
70056,Indirect,2026,48,,0
70056,Indirect,2026,49,,0
70056,Indirect,2026,50,,0
70056,Indirect,2026,51,,0
70056,Indirect,2026,52,,0
70056,Store,2026,26,,0
70056,Store,2026,27,,0
70056,Store,2026,28,,0
70056,Store,2026,29,,0
70056,Store,2026,30,,0
70056,Store,2026,31,,0
70056,Store,2026,32,,0
70056,Store,2026,33,,0
70056,Store,2026,34,,0
70056,Store,2026,35,,0
70056,Store,2026,36,,0
70056,Store,2026,37,,0
70056,Store,2026,38,,0
70056,Store,2026,39,,0
70056,Store,2026,40,,0
70056,Store,2026,41,,0
70056,Store,2026,42,,0
70056,Store,2026,43,,0
70056,Store,2026,44,,0
70056,Store,2026,45,,0
70056,Store,2026,46,,0
70056,Store,2026,47,,0
70056,Store,2026,48,,0
70056,Store,2026,49,,0
70056,Store,2026,50,,0
70056,Store,2026,51,,0
70056,Store,2026,52,,0
70057,Ecom,2026,26,,0
70057,Ecom,2026,27,,0
70057,Ecom,2026,28,,0
70057,Ecom,2026,29,,0
70057,Ecom,2026,30,,0
70057,Ecom,2026,31,,0
70057,Ecom,2026,32,,0
70057,Ecom,2026,33,,0
70057,Ecom,2026,34,,0
70057,Ecom,2026,35,,0
70057,Ecom,2026,36,,0
70057,Ecom,2026,37,,0
70057,Ecom,2026,38,,0
70057,Ecom,2026,39,,0
70057,Ecom,2026,40,,0
70057,Ecom,2026,41,,0
70057,Ecom,2026,42,,0
70057,Ecom,2026,43,,0
70057,Ecom,2026,44,,0
70057,Ecom,2026,45,,0
70057,Ecom,2026,46,,0
70057,Ecom,2026,47,,0
70057,Ecom,2026,48,,0
70057,Ecom,2026,49,,0
70057,Ecom,2026,50,,0
70057,Ecom,2026,51,,0
70057,Ecom,2026,52,,0
70057,Indirect,2026,26,,0
70057,Indirect,2026,27,,0
70057,Indirect,2026,28,,0
70057,Indirect,2026,29,,0
70057,Indirect,2026,30,,0
70057,Indirect,2026,31,,0
70057,Indirect,2026,32,,0
70057,Indirect,2026,33,,0
70057,Indirect,2026,34,,0
70057,Indirect,2026,35,,0
70057,Indirect,2026,36,,0
70057,Indirect,2026,37,,0
70057,Indirect,2026,38,,0
70057,Indirect,2026,39,,0
70057,Indirect,2026,40,,0
70057,Indirect,2026,41,,0
70057,Indirect,2026,42,,0
70057,Indirect,2026,43,,0
70057,Indirect,2026,44,,0
70057,Indirect,2026,45,,0
70057,Indirect,2026,46,,0
70057,Indirect,2026,47,,0
70057,Indirect,2026,48,,0
70057,Indirect,2026,49,,0
70057,Indirect,2026,50,,0
70057,Indirect,2026,51,,0
70057,Indirect,2026,52,,0
70057,Store,2026,26,,0
70057,Store,2026,27,,0
70057,Store,2026,28,,0
70057,Store,2026,29,,0
70057,Store,2026,30,,0
70057,Store,2026,31,,0
70057,Store,2026,32,,0
70057,Store,2026,33,,0
70057,Store,2026,34,,0
70057,Store,2026,35,,0
70057,Store,2026,36,,0
70057,Store,2026,37,,0
70057,Store,2026,38,,0
70057,Store,2026,39,,0
70057,Store,2026,40,,0
70057,Store,2026,41,,0
70057,Store,2026,42,,0
70057,Store,2026,43,,0
70057,Store,2026,44,,0
70057,Store,2026,45,,0
70057,Store,2026,46,,0
70057,Store,2026,47,,0
70057,Store,2026,48,,0
70057,Store,2026,49,,0
70057,Store,2026,50,,0
70057,Store,2026,51,,0
70057,Store,2026,52,,0
70058,Ecom,2026,26,,0
70058,Ecom,2026,27,,0
70058,Ecom,2026,28,,0
70058,Ecom,2026,29,,0
70058,Ecom,2026,30,,0
70058,Ecom,2026,31,,0
70058,Ecom,2026,32,,0
70058,Ecom,2026,33,,0
70058,Ecom,2026,34,,0
70058,Ecom,2026,35,,0
70058,Ecom,2026,36,,0
70058,Ecom,2026,37,,0
70058,Ecom,2026,38,,0
70058,Ecom,2026,39,,0
70058,Ecom,2026,40,,0
70058,Ecom,2026,41,,0
70058,Ecom,2026,42,,0
70058,Ecom,2026,43,,0
70058,Ecom,2026,44,,0
70058,Ecom,2026,45,,0
70058,Ecom,2026,46,,0
70058,Ecom,2026,47,,0
70058,Ecom,2026,48,,0
70058,Ecom,2026,49,,0
70058,Ecom,2026,50,,0
70058,Ecom,2026,51,,0
70058,Ecom,2026,52,,0
70058,Indirect,2026,26,,0
70058,Indirect,2026,27,,0
70058,Indirect,2026,28,,0
70058,Indirect,2026,29,,0
70058,Indirect,2026,30,,0
70058,Indirect,2026,31,,0
70058,Indirect,2026,32,,0
70058,Indirect,2026,33,,0
70058,Indirect,2026,34,,0
70058,Indirect,2026,35,,0
70058,Indirect,2026,36,,0
70058,Indirect,2026,37,,0
70058,Indirect,2026,38,,0
70058,Indirect,2026,39,,0
70058,Indirect,2026,40,,0
70058,Indirect,2026,41,,0
70058,Indirect,2026,42,,0
70058,Indirect,2026,43,,0
70058,Indirect,2026,44,,0
70058,Indirect,2026,45,,0
70058,Indirect,2026,46,,0
70058,Indirect,2026,47,,0
70058,Indirect,2026,48,,0
70058,Indirect,2026,49,,0
70058,Indirect,2026,50,,0
70058,Indirect,2026,51,,0
70058,Indirect,2026,52,,0
70058,Store,2026,26,,0
70058,Store,2026,27,,0
70058,Store,2026,28,,0
70058,Store,2026,29,,0
70058,Store,2026,30,,0
70058,Store,2026,31,,0
70058,Store,2026,32,,0
70058,Store,2026,33,,0
70058,Store,2026,34,,0
70058,Store,2026,35,,0
70058,Store,2026,36,,0
70058,Store,2026,37,,0
70058,Store,2026,38,,0
70058,Store,2026,39,,0
70058,Store,2026,40,,0
70058,Store,2026,41,,0
70058,Store,2026,42,,0
70058,Store,2026,43,,0
70058,Store,2026,44,,0
70058,Store,2026,45,,0
70058,Store,2026,46,,0
70058,Store,2026,47,,0
70058,Store,2026,48,,0
70058,Store,2026,49,,0
70058,Store,2026,50,,0
70058,Store,2026,51,,0
70058,Store,2026,52,,0
70059,Ecom,2026,26,,0
70059,Ecom,2026,27,,0
70059,Ecom,2026,28,,0
70059,Ecom,2026,29,,0
70059,Ecom,2026,30,,0
70059,Ecom,2026,31,,0
70059,Ecom,2026,32,,0
70059,Ecom,2026,33,,0
70059,Ecom,2026,34,,0
70059,Ecom,2026,35,,0
70059,Ecom,2026,36,,0
70059,Ecom,2026,37,,0
70059,Ecom,2026,38,,0
70059,Ecom,2026,39,,0
70059,Ecom,2026,40,,0
70059,Ecom,2026,41,,0
70059,Ecom,2026,42,,0
70059,Ecom,2026,43,,0
70059,Ecom,2026,44,,0
70059,Ecom,2026,45,,0
70059,Ecom,2026,46,,0
70059,Ecom,2026,47,,0
70059,Ecom,2026,48,,0
70059,Ecom,2026,49,,0
70059,Ecom,2026,50,,0
70059,Ecom,2026,51,,0
70059,Ecom,2026,52,,0
70059,Indirect,2026,26,,0
70059,Indirect,2026,27,,0
70059,Indirect,2026,28,,0
70059,Indirect,2026,29,,0
70059,Indirect,2026,30,,0
70059,Indirect,2026,31,,0
70059,Indirect,2026,32,,0
70059,Indirect,2026,33,,0
70059,Indirect,2026,34,,0
70059,Indirect,2026,35,,0
70059,Indirect,2026,36,,0
70059,Indirect,2026,37,,0
70059,Indirect,2026,38,,0
70059,Indirect,2026,39,,0
70059,Indirect,2026,40,,0
70059,Indirect,2026,41,,0
70059,Indirect,2026,42,,0
70059,Indirect,2026,43,,0
70059,Indirect,2026,44,,0
70059,Indirect,2026,45,,0
70059,Indirect,2026,46,,0
70059,Indirect,2026,47,,0
70059,Indirect,2026,48,,0
70059,Indirect,2026,49,,0
70059,Indirect,2026,50,,0
70059,Indirect,2026,51,,0
70059,Indirect,2026,52,,0
70059,Store,2026,26,,0
70059,Store,2026,27,,0
70059,Store,2026,28,,0
70059,Store,2026,29,,0
70059,Store,2026,30,,0
70059,Store,2026,31,,0
70059,Store,2026,32,,0
70059,Store,2026,33,,0
70059,Store,2026,34,,0
70059,Store,2026,35,,0
70059,Store,2026,36,,0
70059,Store,2026,37,,0
70059,Store,2026,38,,0
70059,Store,2026,39,,0
70059,Store,2026,40,,0
70059,Store,2026,41,,0
70059,Store,2026,42,,0
70059,Store,2026,43,,0
70059,Store,2026,44,,0
70059,Store,2026,45,,0
70059,Store,2026,46,,0
70059,Store,2026,47,,0
70059,Store,2026,48,,0
70059,Store,2026,49,,0
70059,Store,2026,50,,0
70059,Store,2026,51,,0
70059,Store,2026,52,,0
70060,Ecom,2026,26,,0
70060,Ecom,2026,27,,0
70060,Ecom,2026,28,,0
70060,Ecom,2026,29,,0
70060,Ecom,2026,30,,0
70060,Ecom,2026,31,,0
70060,Ecom,2026,32,,0
70060,Ecom,2026,33,,0
70060,Ecom,2026,34,,0
70060,Ecom,2026,35,,0
70060,Ecom,2026,36,,0
70060,Ecom,2026,37,,0
70060,Ecom,2026,38,,0
70060,Ecom,2026,39,,0
70060,Ecom,2026,40,,0
70060,Ecom,2026,41,,0
70060,Ecom,2026,42,,0
70060,Ecom,2026,43,,0
70060,Ecom,2026,44,,0
70060,Ecom,2026,45,,0
70060,Ecom,2026,46,,0
70060,Ecom,2026,47,,0
70060,Ecom,2026,48,,0
70060,Ecom,2026,49,,0
70060,Ecom,2026,50,,0
70060,Ecom,2026,51,,0
70060,Ecom,2026,52,,0
70060,Indirect,2026,26,,0
70060,Indirect,2026,27,,0
70060,Indirect,2026,28,,0
70060,Indirect,2026,29,,0
70060,Indirect,2026,30,,0
70060,Indirect,2026,31,,0
70060,Indirect,2026,32,,0
70060,Indirect,2026,33,,0
70060,Indirect,2026,34,,0
70060,Indirect,2026,35,,0
70060,Indirect,2026,36,,0
70060,Indirect,2026,37,,0
70060,Indirect,2026,38,,0
70060,Indirect,2026,39,,0
70060,Indirect,2026,40,,0
70060,Indirect,2026,41,,0
70060,Indirect,2026,42,,0
70060,Indirect,2026,43,,0
70060,Indirect,2026,44,,0
70060,Indirect,2026,45,,0
70060,Indirect,2026,46,,0
70060,Indirect,2026,47,,0
70060,Indirect,2026,48,,0
70060,Indirect,2026,49,,0
70060,Indirect,2026,50,,0
70060,Indirect,2026,51,,0
70060,Indirect,2026,52,,0
70060,Store,2026,26,,0
70060,Store,2026,27,,0
70060,Store,2026,28,,0
70060,Store,2026,29,,0
70060,Store,2026,30,,0
70060,Store,2026,31,,0
70060,Store,2026,32,,0
70060,Store,2026,33,,0
70060,Store,2026,34,,0
70060,Store,2026,35,,0
70060,Store,2026,36,,0
70060,Store,2026,37,,0
70060,Store,2026,38,,0
70060,Store,2026,39,,0
70060,Store,2026,40,,0
70060,Store,2026,41,,0
70060,Store,2026,42,,0
70060,Store,2026,43,,0
70060,Store,2026,44,,0
70060,Store,2026,45,,0
70060,Store,2026,46,,0
70060,Store,2026,47,,0
70060,Store,2026,48,,0
70060,Store,2026,49,,0
70060,Store,2026,50,,0
70060,Store,2026,51,,0
70060,Store,2026,52,,0
