hierarchy_code,channel,year,week_num,units,discount_perc
70001,Ecom,2024,1,7,0.11
70001,Indirect,2024,1,4,0.18
70001,Store,2024,1,3,0.09
70001,Ecom,2024,2,8,0.12
70001,Indirect,2024,2,4,0.04
70001,Store,2024,2,3,0.1
70001,Ecom,2024,3,8,0.16
70001,Indirect,2024,3,5,0.02
70001,Store,2024,3,3,0.06
70001,Ecom,2024,4,6,0.16
70001,Indirect,2024,4,3,0.14
70001,Store,2024,4,2,0.01
70001,Ecom,2024,5,10,0.19
70001,Indirect,2024,5,6,0.13
70001,Store,2024,5,4,0.12
70001,Ecom,2024,6,6,0.0
70001,Indirect,2024,6,3,0.11
70001,Store,2024,6,2,0.01
70001,Ecom,2024,7,6,0.05
70001,Indirect,2024,7,3,0.01
70001,Store,2024,7,2,0.09
70001,Ecom,2024,8,7,0.17
70001,Indirect,2024,8,4,0.1
70001,Store,2024,8,3,0.13
70001,Ecom,2024,9,7,0.13
70001,Indirect,2024,9,4,0.09
70001,Store,2024,9,3,0.06
70001,Ecom,2024,10,10,0.2
70001,Indirect,2024,10,6,0.17
70001,Store,2024,10,4,0.14
70001,Ecom,2024,11,7,0.05
70001,Indirect,2024,11,4,0.06
70001,Store,2024,11,2,0.01
70001,Ecom,2024,12,9,0.08
70001,Indirect,2024,12,5,0.17
70001,Store,2024,12,3,0.08
70001,Ecom,2024,13,10,0.17
70001,Indirect,2024,13,6,0.0
70001,Store,2024,13,4,0.04
70001,Ecom,2024,14,9,0.09
70001,Indirect,2024,14,5,0.2
70001,Store,2024,14,3,0.08
70001,Ecom,2024,15,5,0.13
70001,Indirect,2024,15,3,0.16
70001,Store,2024,15,2,0.05
70001,Ecom,2024,16,6,0.07
70001,Indirect,2024,16,3,0.19
70001,Store,2024,16,2,0.15
70001,Ecom,2024,17,6,0.05
70001,Indirect,2024,17,3,0.02
70001,Store,2024,17,2,0.01
70001,Ecom,2024,18,9,0.04
70001,Indirect,2024,18,5,0.11
70001,Store,2024,18,3,0.09
70001,Ecom,2024,19,6,0.15
70001,Indirect,2024,19,3,0.03
70001,Store,2024,19,2,0.13
70001,Ecom,2024,20,6,0.08
70001,Indirect,2024,20,3,0.04
70001,Store,2024,20,2,0.05
70001,Ecom,2024,21,10,0.16
70001,Indirect,2024,21,6,0.06
70001,Store,2024,21,4,0.18
70001,Ecom,2024,22,6,0.08
70001,Indirect,2024,22,3,0.17
70001,Store,2024,22,2,0.13
70001,Ecom,2024,23,6,0.2
70001,Indirect,2024,23,3,0.04
70001,Store,2024,23,2,0.05
70001,Ecom,2024,24,9,0.07
70001,Indirect,2024,24,5,0.06
70001,Store,2024,24,3,0.01
70001,Ecom,2024,25,6,0.12
70001,Indirect,2024,25,3,0.05
70001,Store,2024,25,2,0.12
70001,Ecom,2024,26,7,0.09
70001,Indirect,2024,26,4,0.19
70001,Store,2024,26,2,0.1
70001,Ecom,2024,27,8,0.17
70001,Indirect,2024,27,4,0.04
70001,Store,2024,27,3,0.03
70001,Ecom,2024,28,9,0.16
70001,Indirect,2024,28,5,0.05
70001,Store,2024,28,3,0.04
70001,Ecom,2024,29,9,0.19
70001,Indirect,2024,29,5,0.04
70001,Store,2024,29,3,0.19
70001,Ecom,2024,30,9,0.12
70001,Indirect,2024,30,5,0.08
70001,Store,2024,30,3,0.02
70001,Ecom,2024,31,5,0.19
70001,Indirect,2024,31,3,0.05
70001,Store,2024,31,2,0.14
70001,Ecom,2024,32,6,0.16
70001,Indirect,2024,32,3,0.12
70001,Store,2024,32,2,0.06
70001,Ecom,2024,33,6,0.14
70001,Indirect,2024,33,3,0.01
70001,Store,2024,33,2,0.05
70001,Ecom,2024,34,8,0.17
70001,Indirect,2024,34,4,0.12
70001,Store,2024,34,3,0.06
70001,Ecom,2024,35,10,0.04
70001,Indirect,2024,35,6,0.0
70001,Store,2024,35,4,0.05
70001,Ecom,2024,36,7,0.01
70001,Indirect,2024,36,4,0.04
70001,Store,2024,36,3,0.07
70001,Ecom,2024,37,8,0.03
70001,Indirect,2024,37,4,0.07
70001,Store,2024,37,3,0.18
70001,Ecom,2024,38,10,0.13
70001,Indirect,2024,38,6,0.14
70001,Store,2024,38,4,0.12
70001,Ecom,2024,39,6,0.01
70001,Indirect,2024,39,3,0.0
70001,Store,2024,39,2,0.18
70001,Ecom,2024,40,8,0.19
70001,Indirect,2024,40,5,0.0
70001,Store,2024,40,3,0.13
70001,Ecom,2024,41,7,0.15
70001,Indirect,2024,41,4,0.06
70001,Store,2024,41,3,0.2
70001,Ecom,2024,42,5,0.11
70001,Indirect,2024,42,3,0.15
70001,Store,2024,42,2,0.18
70001,Ecom,2024,43,9,0.14
70001,Indirect,2024,43,5,0.16
70001,Store,2024,43,3,0.18
70001,Ecom,2024,44,7,0.14
70001,Indirect,2024,44,4,0.18
70001,Store,2024,44,2,0.17
70001,Ecom,2024,45,7,0.16
70001,Indirect,2024,45,4,0.17
70001,Store,2024,45,3,0.11
70001,Ecom,2024,46,8,0.08
70001,Indirect,2024,46,5,0.12
70001,Store,2024,46,3,0.12
70001,Ecom,2024,47,5,0.13
70001,Indirect,2024,47,3,0.2
70001,Store,2024,47,2,0.18
70001,Ecom,2024,48,9,0.08
70001,Indirect,2024,48,5,0.15
70001,Store,2024,48,3,0.12
70001,Ecom,2024,49,7,0.17
70001,Indirect,2024,49,4,0.02
70001,Store,2024,49,3,0.15
70001,Ecom,2024,50,5,0.12
70001,Indirect,2024,50,3,0.1
70001,Store,2024,50,2,0.05
70001,Ecom,2024,51,8,0.1
70001,Indirect,2024,51,5,0.12
70001,Store,2024,51,3,0.18
70001,Ecom,2024,52,6,0.0
70001,Indirect,2024,52,3,0.06
70001,Store,2024,52,2,0.14
70001,Ecom,2025,1,6,0.03
70001,Indirect,2025,1,3,0.18
70001,Store,2025,1,2,0.13
70001,Ecom,2025,2,7,0.18
70001,Indirect,2025,2,4,0.07
70001,Store,2025,2,3,0.13
70001,Ecom,2025,3,6,0.09
70001,Indirect,2025,3,3,0.16
70001,Store,2025,3,2,0.18
70001,Ecom,2025,4,9,0.08
70001,Indirect,2025,4,5,0.12
70001,Store,2025,4,3,0.06
70001,Ecom,2025,5,6,0.1
70001,Indirect,2025,5,3,0.17
70001,Store,2025,5,2,0.17
70001,Ecom,2025,6,9,0.19
70001,Indirect,2025,6,5,0.06
70001,Store,2025,6,3,0.03
70001,Ecom,2025,7,7,0.06
70001,Indirect,2025,7,4,0.04
70001,Store,2025,7,3,0.08
70001,Ecom,2025,8,8,0.1
70001,Indirect,2025,8,5,0.06
70001,Store,2025,8,3,0.17
70001,Ecom,2025,9,10,0.09
70001,Indirect,2025,9,6,0.01
70001,Store,2025,9,4,0.01
70001,Ecom,2025,10,9,0.01
70001,Indirect,2025,10,5,0.14
70001,Store,2025,10,3,0.11
70001,Ecom,2025,11,7,0.16
70001,Indirect,2025,11,4,0.0
70001,Store,2025,11,2,0.03
70001,Ecom,2025,12,7,0.0
70001,Indirect,2025,12,4,0.17
70001,Store,2025,12,3,0.05
70001,Ecom,2025,13,6,0.01
70001,Indirect,2025,13,3,0.13
70001,Store,2025,13,2,0.09
70001,Ecom,2025,14,8,0.13
70001,Indirect,2025,14,5,0.16
70001,Store,2025,14,3,0.19
70001,Ecom,2025,15,8,0.04
70001,Indirect,2025,15,5,0.1
70001,Store,2025,15,3,0.04
70001,Ecom,2025,16,5,0.09
70001,Indirect,2025,16,3,0.14
70001,Store,2025,16,2,0.04
70001,Ecom,2025,17,6,0.07
70001,Indirect,2025,17,3,0.14
70001,Store,2025,17,2,0.1
70001,Ecom,2025,18,8,0.15
70001,Indirect,2025,18,5,0.08
70001,Store,2025,18,3,0.16
70001,Ecom,2025,19,9,0.02
70001,Indirect,2025,19,5,0.19
70001,Store,2025,19,3,0.14
70001,Ecom,2025,20,6,0.09
70001,Indirect,2025,20,3,0.13
70001,Store,2025,20,2,0.18
70001,Ecom,2025,21,7,0.11
70001,Indirect,2025,21,4,0.18
70001,Store,2025,21,2,0.16
70001,Ecom,2025,22,10,0.09
70001,Indirect,2025,22,6,0.13
70001,Store,2025,22,4,0.04
70001,Ecom,2025,23,9,0.16
70001,Indirect,2025,23,5,0.13
70001,Store,2025,23,3,0.14
70001,Ecom,2025,24,6,0.18
70001,Indirect,2025,24,3,0.2
70001,Store,2025,24,2,0.2
70001,Ecom,2025,25,8,0.16
70001,Indirect,2025,25,4,0.06
70001,Store,2025,25,3,0.18
70001,Ecom,2025,26,9,0.07
70001,Indirect,2025,26,5,0.02
70001,Store,2025,26,3,0.09
70001,Ecom,2025,27,8,0.15
70001,Indirect,2025,27,4,0.1
70001,Store,2025,27,3,0.01
70001,Ecom,2025,28,9,0.01
70001,Indirect,2025,28,5,0.16
70001,Store,2025,28,3,0.03
70001,Ecom,2025,29,7,0.16
70001,Indirect,2025,29,4,0.03
70001,Store,2025,29,2,0.03
70001,Ecom,2025,30,8,0.14
70001,Indirect,2025,30,4,0.17
70001,Store,2025,30,3,0.14
70001,Ecom,2025,31,10,0.1
70001,Indirect,2025,31,6,0.19
70001,Store,2025,31,4,0.02
70001,Ecom,2025,32,6,0.11
70001,Indirect,2025,32,3,0.06
70001,Store,2025,32,2,0.15
70001,Ecom,2025,33,8,0.1
70001,Indirect,2025,33,5,0.17
70001,Store,2025,33,3,0.11
70001,Ecom,2025,34,7,0.08
70001,Indirect,2025,34,4,0.17
70001,Store,2025,34,2,0.18
70001,Ecom,2025,35,6,0.17
70001,Indirect,2025,35,3,0.19
70001,Store,2025,35,2,0.1
70001,Ecom,2025,36,8,0.04
70001,Indirect,2025,36,4,0.11
70001,Store,2025,36,3,0.1
70001,Ecom,2025,37,8,0.01
70001,Indirect,2025,37,5,0.19
70001,Store,2025,37,3,0.1
70001,Ecom,2025,38,7,0.16
70001,Indirect,2025,38,4,0.11
70001,Store,2025,38,3,0.1
70001,Ecom,2025,39,8,0.01
70001,Indirect,2025,39,5,0.11
70001,Store,2025,39,3,0.08
70001,Ecom,2025,40,10,0.18
70001,Indirect,2025,40,6,0.05
70001,Store,2025,40,4,0.09
70001,Ecom,2025,41,6,0.09
70001,Indirect,2025,41,3,0.16
70001,Store,2025,41,2,0.18
70001,Ecom,2025,42,7,0.06
70001,Indirect,2025,42,4,0.04
70001,Store,2025,42,3,0.12
70001,Ecom,2025,43,10,0.03
70001,Indirect,2025,43,6,0.16
70001,Store,2025,43,4,0.0
70001,Ecom,2025,44,6,0.05
70001,Indirect,2025,44,3,0.14
70001,Store,2025,44,2,0.06
70001,Ecom,2025,45,7,0.12
70001,Indirect,2025,45,4,0.02
70001,Store,2025,45,2,0.15
70001,Ecom,2025,46,6,0.1
70001,Indirect,2025,46,3,0.05
70001,Store,2025,46,2,0.04
70001,Ecom,2025,47,8,0.09
70001,Indirect,2025,47,4,0.08
70001,Store,2025,47,3,0.08
70001,Ecom,2025,48,8,0.03
70001,Indirect,2025,48,4,0.04
70001,Store,2025,48,3,0.13
70001,Ecom,2025,49,8,0.11
70001,Indirect,2025,49,5,0.17
70001,Store,2025,49,3,0.12
70001,Ecom,2025,50,9,0.05
70001,Indirect,2025,50,5,0.15
70001,Store,2025,50,3,0.16
70001,Ecom,2025,51,9,0.06
70001,Indirect,2025,51,5,0.06
70001,Store,2025,51,3,0.18
70001,Ecom,2025,52,6,0.2
70001,Indirect,2025,52,3,0.18
70001,Store,2025,52,2,0.03
70002,Ecom,2024,1,4,0.15
70002,Indirect,2024,1,2,0.05
70002,Store,2024,1,1,0.02
70002,Ecom,2024,2,6,0.08
70002,Indirect,2024,2,3,0.16
70002,Store,2024,2,2,0.03
70002,Ecom,2024,3,4,0.14
70002,Indirect,2024,3,2,0.0
70002,Store,2024,3,1,0.04
70002,Ecom,2024,4,5,0.18
70002,Indirect,2024,4,3,0.19
70002,Store,2024,4,2,0.02
70002,Ecom,2024,5,5,0.15
70002,Indirect,2024,5,3,0.1
70002,Store,2024,5,2,0.14
70002,Ecom,2024,6,4,0.01
70002,Indirect,2024,6,2,0.02
70002,Store,2024,6,1,0.01
70002,Ecom,2024,7,5,0.1
70002,Indirect,2024,7,3,0.11
70002,Store,2024,7,2,0.03
70002,Ecom,2024,8,4,0.04
70002,Indirect,2024,8,2,0.17
70002,Store,2024,8,1,0.2
70002,Ecom,2024,9,6,0.02
70002,Indirect,2024,9,3,0.01
70002,Store,2024,9,2,0.19
70002,Ecom,2024,10,5,0.15
70002,Indirect,2024,10,3,0.07
70002,Store,2024,10,2,0.09
70002,Ecom,2024,11,5,0.09
70002,Indirect,2024,11,3,0.12
70002,Store,2024,11,2,0.0
70002,Ecom,2024,12,5,0.17
70002,Indirect,2024,12,3,0.04
70002,Store,2024,12,2,0.09
70002,Ecom,2024,13,5,0.08
70002,Indirect,2024,13,3,0.04
70002,Store,2024,13,2,0.03
70002,Ecom,2024,14,5,0.0
70002,Indirect,2024,14,3,0.18
70002,Store,2024,14,2,0.16
70002,Ecom,2024,15,5,0.17
70002,Indirect,2024,15,3,0.13
70002,Store,2024,15,2,0.08
70002,Ecom,2024,16,5,0.1
70002,Indirect,2024,16,3,0.2
70002,Store,2024,16,2,0.16
70002,Ecom,2024,17,4,0.18
70002,Indirect,2024,17,2,0.15
70002,Store,2024,17,1,0.16
70002,Ecom,2024,18,6,0.08
70002,Indirect,2024,18,3,0.18
70002,Store,2024,18,2,0.18
70002,Ecom,2024,19,5,0.15
70002,Indirect,2024,19,3,0.15
70002,Store,2024,19,2,0.08
70002,Ecom,2024,20,5,0.01
70002,Indirect,2024,20,3,0.07
70002,Store,2024,20,2,0.09
70002,Ecom,2024,21,3,0.07
70002,Indirect,2024,21,2,0.13
70002,Store,2024,21,1,0.12
70002,Ecom,2024,22,4,0.19
70002,Indirect,2024,22,2,0.13
70002,Store,2024,22,1,0.07
70002,Ecom,2024,23,5,0.11
70002,Indirect,2024,23,3,0.11
70002,Store,2024,23,2,0.08
70002,Ecom,2024,24,6,0.13
70002,Indirect,2024,24,3,0.14
70002,Store,2024,24,2,0.15
70002,Ecom,2024,25,6,0.0
70002,Indirect,2024,25,3,0.12
70002,Store,2024,25,2,0.15
70002,Ecom,2024,26,4,0.08
70002,Indirect,2024,26,2,0.01
70002,Store,2024,26,1,0.04
70002,Ecom,2024,27,4,0.02
70002,Indirect,2024,27,2,0.05
70002,Store,2024,27,1,0.18
70002,Ecom,2024,28,5,0.1
70002,Indirect,2024,28,3,0.19
70002,Store,2024,28,2,0.11
70002,Ecom,2024,29,6,0.13
70002,Indirect,2024,29,3,0.16
70002,Store,2024,29,2,0.02
70002,Ecom,2024,30,5,0.15
70002,Indirect,2024,30,3,0.01
70002,Store,2024,30,2,0.19
70002,Ecom,2024,31,4,0.09
70002,Indirect,2024,31,2,0.03
70002,Store,2024,31,1,0.1
70002,Ecom,2024,32,5,0.01
70002,Indirect,2024,32,3,0.19
70002,Store,2024,32,2,0.08
70002,Ecom,2024,33,5,0.12
70002,Indirect,2024,33,3,0.07
70002,Store,2024,33,2,0.06
70002,Ecom,2024,34,5,0.11
70002,Indirect,2024,34,3,0.06
70002,Store,2024,34,2,0.14
70002,Ecom,2024,35,4,0.0
70002,Indirect,2024,35,2,0.05
70002,Store,2024,35,1,0.01
70002,Ecom,2024,36,4,0.15
70002,Indirect,2024,36,2,0.08
70002,Store,2024,36,1,0.18
70002,Ecom,2024,37,5,0.01
70002,Indirect,2024,37,3,0.2
70002,Store,2024,37,2,0.19
70002,Ecom,2024,38,3,0.18
70002,Indirect,2024,38,2,0.09
70002,Store,2024,38,1,0.1
70002,Ecom,2024,39,6,0.05
70002,Indirect,2024,39,3,0.1
70002,Store,2024,39,2,0.19
70002,Ecom,2024,40,5,0.09
70002,Indirect,2024,40,3,0.2
70002,Store,2024,40,2,0.16
70002,Ecom,2024,41,5,0.02
70002,Indirect,2024,41,3,0.12
70002,Store,2024,41,2,0.09
70002,Ecom,2024,42,4,0.01
70002,Indirect,2024,42,2,0.11
70002,Store,2024,42,1,0.02
70002,Ecom,2024,43,5,0.13
70002,Indirect,2024,43,3,0.09
70002,Store,2024,43,2,0.05
70002,Ecom,2024,44,5,0.08
70002,Indirect,2024,44,3,0.16
70002,Store,2024,44,2,0.11
70002,Ecom,2024,45,6,0.19
70002,Indirect,2024,45,3,0.15
70002,Store,2024,45,2,0.05
70002,Ecom,2024,46,3,0.18
70002,Indirect,2024,46,2,0.16
70002,Store,2024,46,1,0.12
70002,Ecom,2024,47,4,0.05
70002,Indirect,2024,47,2,0.14
70002,Store,2024,47,1,0.11
70002,Ecom,2024,48,5,0.13
70002,Indirect,2024,48,3,0.15
70002,Store,2024,48,2,0.04
70002,Ecom,2024,49,4,0.2
70002,Indirect,2024,49,2,0.18
70002,Store,2024,49,1,0.18
70002,Ecom,2024,50,3,0.01
70002,Indirect,2024,50,2,0.05
70002,Store,2024,50,1,0.09
70002,Ecom,2024,51,5,0.02
70002,Indirect,2024,51,3,0.11
70002,Store,2024,51,2,0.01
70002,Ecom,2024,52,3,0.14
70002,Indirect,2024,52,2,0.11
70002,Store,2024,52,1,0.13
70002,Ecom,2025,1,4,0.1
70002,Indirect,2025,1,2,0.04
70002,Store,2025,1,1,0.07
70002,Ecom,2025,2,5,0.17
70002,Indirect,2025,2,3,0.01
70002,Store,2025,2,2,0.02
70002,Ecom,2025,3,6,0.12
70002,Indirect,2025,3,3,0.15
70002,Store,2025,3,2,0.04
70002,Ecom,2025,4,4,0.05
70002,Indirect,2025,4,2,0.16
70002,Store,2025,4,1,0.07
70002,Ecom,2025,5,5,0.2
70002,Indirect,2025,5,3,0.07
70002,Store,2025,5,2,0.11
70002,Ecom,2025,6,5,0.18
70002,Indirect,2025,6,3,0.09
70002,Store,2025,6,2,0.07
70002,Ecom,2025,7,3,0.18
70002,Indirect,2025,7,2,0.02
70002,Store,2025,7,1,0.02
70002,Ecom,2025,8,5,0.1
70002,Indirect,2025,8,3,0.14
70002,Store,2025,8,2,0.06
70002,Ecom,2025,9,6,0.02
70002,Indirect,2025,9,3,0.04
70002,Store,2025,9,2,0.13
70002,Ecom,2025,10,3,0.06
70002,Indirect,2025,10,2,0.14
70002,Store,2025,10,1,0.14
70002,Ecom,2025,11,4,0.03
70002,Indirect,2025,11,2,0.07
70002,Store,2025,11,1,0.15
70002,Ecom,2025,12,4,0.02
70002,Indirect,2025,12,2,0.14
70002,Store,2025,12,1,0.11
70002,Ecom,2025,13,6,0.19
70002,Indirect,2025,13,3,0.18
70002,Store,2025,13,2,0.09
70002,Ecom,2025,14,6,0.06
70002,Indirect,2025,14,3,0.06
70002,Store,2025,14,2,0.08
70002,Ecom,2025,15,6,0.18
70002,Indirect,2025,15,3,0.05
70002,Store,2025,15,2,0.07
70002,Ecom,2025,16,4,0.07
70002,Indirect,2025,16,2,0.08
70002,Store,2025,16,1,0.08
70002,Ecom,2025,17,4,0.11
70002,Indirect,2025,17,2,0.16
70002,Store,2025,17,1,0.11
70002,Ecom,2025,18,6,0.11
70002,Indirect,2025,18,3,0.04
70002,Store,2025,18,2,0.15
70002,Ecom,2025,19,6,0.06
70002,Indirect,2025,19,3,0.0
70002,Store,2025,19,2,0.1
70002,Ecom,2025,20,5,0.11
70002,Indirect,2025,20,3,0.19
70002,Store,2025,20,2,0.13
70002,Ecom,2025,21,6,0.01
70002,Indirect,2025,21,3,0.11
70002,Store,2025,21,2,0.16
70002,Ecom,2025,22,3,0.02
70002,Indirect,2025,22,2,0.15
70002,Store,2025,22,1,0.18
70002,Ecom,2025,23,3,0.13
70002,Indirect,2025,23,2,0.03
70002,Store,2025,23,1,0.15
70002,Ecom,2025,24,5,0.05
70002,Indirect,2025,24,3,0.04
70002,Store,2025,24,2,0.15
70002,Ecom,2025,25,5,0.15
70002,Indirect,2025,25,3,0.08
70002,Store,2025,25,2,0.07
70002,Ecom,2025,26,6,0.13
70002,Indirect,2025,26,3,0.1
70002,Store,2025,26,2,0.11
70002,Ecom,2025,27,5,0.14
70002,Indirect,2025,27,3,0.18
70002,Store,2025,27,2,0.08
70002,Ecom,2025,28,6,0.13
70002,Indirect,2025,28,3,0.17
70002,Store,2025,28,2,0.16
70002,Ecom,2025,29,6,0.18
70002,Indirect,2025,29,3,0.19
70002,Store,2025,29,2,0.13
70002,Ecom,2025,30,5,0.14
70002,Indirect,2025,30,3,0.16
70002,Store,2025,30,2,0.08
70002,Ecom,2025,31,4,0.03
70002,Indirect,2025,31,2,0.15
70002,Store,2025,31,1,0.2
70002,Ecom,2025,32,4,0.03
70002,Indirect,2025,32,2,0.04
70002,Store,2025,32,1,0.08
70002,Ecom,2025,33,4,0.19
70002,Indirect,2025,33,2,0.01
70002,Store,2025,33,1,0.06
70002,Ecom,2025,34,3,0.13
70002,Indirect,2025,34,2,0.16
70002,Store,2025,34,1,0.04
70002,Ecom,2025,35,3,0.09
70002,Indirect,2025,35,2,0.12
70002,Store,2025,35,1,0.18
70002,Ecom,2025,36,3,0.02
70002,Indirect,2025,36,2,0.04
70002,Store,2025,36,1,0.04
70002,Ecom,2025,37,4,0.14
70002,Indirect,2025,37,2,0.12
70002,Store,2025,37,1,0.04
70002,Ecom,2025,38,4,0.06
70002,Indirect,2025,38,2,0.03
70002,Store,2025,38,1,0.15
70002,Ecom,2025,39,4,0.11
70002,Indirect,2025,39,2,0.16
70002,Store,2025,39,1,0.1
70002,Ecom,2025,40,4,0.18
70002,Indirect,2025,40,2,0.18
70002,Store,2025,40,1,0.07
70002,Ecom,2025,41,5,0.19
70002,Indirect,2025,41,3,0.1
70002,Store,2025,41,2,0.04
70002,Ecom,2025,42,3,0.19
70002,Indirect,2025,42,2,0.16
70002,Store,2025,42,1,0.08
70002,Ecom,2025,43,5,0.1
70002,Indirect,2025,43,3,0.05
70002,Store,2025,43,2,0.2
70002,Ecom,2025,44,5,0.05
70002,Indirect,2025,44,3,0.0
70002,Store,2025,44,2,0.09
70002,Ecom,2025,45,4,0.16
70002,Indirect,2025,45,2,0.14
70002,Store,2025,45,1,0.12
70002,Ecom,2025,46,4,0.03
70002,Indirect,2025,46,2,0.06
70002,Store,2025,46,1,0.05
70002,Ecom,2025,47,6,0.1
70002,Indirect,2025,47,3,0.13
70002,Store,2025,47,2,0.2
70002,Ecom,2025,48,4,0.11
70002,Indirect,2025,48,2,0.03
70002,Store,2025,48,1,0.15
70002,Ecom,2025,49,3,0.16
70002,Indirect,2025,49,2,0.17
70002,Store,2025,49,1,0.16
70002,Ecom,2025,50,3,0.05
70002,Indirect,2025,50,2,0.14
70002,Store,2025,50,1,0.02
70002,Ecom,2025,51,5,0.09
70002,Indirect,2025,51,3,0.19
70002,Store,2025,51,2,0.12
70002,Ecom,2025,52,6,0.06
70002,Indirect,2025,52,3,0.16
70002,Store,2025,52,2,0.08
70003,Ecom,2024,1,4,0.02
70003,Indirect,2024,1,2,0.17
70003,Store,2024,1,1,0.04
70003,Ecom,2024,2,3,0.11
70003,Indirect,2024,2,2,0.03
70003,Store,2024,2,1,0.17
70003,Ecom,2024,3,3,0.06
70003,Indirect,2024,3,1,0.02
70003,Store,2024,3,1,0.06
70003,Ecom,2024,4,3,0.14
70003,Indirect,2024,4,2,0.07
70003,Store,2024,4,1,0.14
70003,Ecom,2024,5,2,0.08
70003,Indirect,2024,5,1,0.09
70003,Store,2024,5,1,0.19
70003,Ecom,2024,6,4,0.13
70003,Indirect,2024,6,2,0.0
70003,Store,2024,6,1,0.08
70003,Ecom,2024,7,4,0.05
70003,Indirect,2024,7,2,0.11
70003,Store,2024,7,1,0.09
70003,Ecom,2024,8,2,0.2
70003,Indirect,2024,8,1,0.16
70003,Store,2024,8,1,0.04
70003,Ecom,2024,9,3,0.06
70003,Indirect,2024,9,2,0.08
70003,Store,2024,9,1,0.11
70003,Ecom,2024,10,3,0.07
70003,Indirect,2024,10,1,0.08
70003,Store,2024,10,1,0.13
70003,Ecom,2024,11,3,0.04
70003,Indirect,2024,11,1,0.15
70003,Store,2024,11,1,0.07
70003,Ecom,2024,12,4,0.11
70003,Indirect,2024,12,2,0.14
70003,Store,2024,12,1,0.07
70003,Ecom,2024,13,4,0.02
70003,Indirect,2024,13,2,0.03
70003,Store,2024,13,1,0.02
70003,Ecom,2024,14,3,0.14
70003,Indirect,2024,14,2,0.04
70003,Store,2024,14,1,0.08
70003,Ecom,2024,15,4,0.12
70003,Indirect,2024,15,2,0.02
70003,Store,2024,15,1,0.05
70003,Ecom,2024,16,2,0.02
70003,Indirect,2024,16,1,0.08
70003,Store,2024,16,1,0.01
70003,Ecom,2024,17,4,0.09
70003,Indirect,2024,17,2,0.1
70003,Store,2024,17,1,0.13
70003,Ecom,2024,18,4,0.16
70003,Indirect,2024,18,2,0.08
70003,Store,2024,18,1,0.07
70003,Ecom,2024,19,3,0.0
70003,Indirect,2024,19,1,0.08
70003,Store,2024,19,1,0.14
70003,Ecom,2024,20,4,0.16
70003,Indirect,2024,20,2,0.13
70003,Store,2024,20,1,0.12
70003,Ecom,2024,21,2,0.07
70003,Indirect,2024,21,1,0.07
70003,Store,2024,21,1,0.13
70003,Ecom,2024,22,2,0.08
70003,Indirect,2024,22,1,0.1
70003,Store,2024,22,1,0.16
70003,Ecom,2024,23,4,0.12
70003,Indirect,2024,23,2,0.03
70003,Store,2024,23,1,0.15
70003,Ecom,2024,24,4,0.11
70003,Indirect,2024,24,2,0.07
70003,Store,2024,24,1,0.1
70003,Ecom,2024,25,2,0.14
70003,Indirect,2024,25,1,0.2
70003,Store,2024,25,1,0.1
70003,Ecom,2024,26,4,0.17
70003,Indirect,2024,26,2,0.04
70003,Store,2024,26,1,0.19
70003,Ecom,2024,27,3,0.04
70003,Indirect,2024,27,2,0.02
70003,Store,2024,27,1,0.05
70003,Ecom,2024,28,3,0.14
70003,Indirect,2024,28,2,0.07
70003,Store,2024,28,1,0.19
70003,Ecom,2024,29,3,0.09
70003,Indirect,2024,29,1,0.02
70003,Store,2024,29,1,0.19
70003,Ecom,2024,30,2,0.18
70003,Indirect,2024,30,1,0.11
70003,Store,2024,30,1,0.11
70003,Ecom,2024,31,3,0.05
70003,Indirect,2024,31,2,0.18
70003,Store,2024,31,1,0.2
70003,Ecom,2024,32,4,0.12
70003,Indirect,2024,32,2,0.02
70003,Store,2024,32,1,0.16
70003,Ecom,2024,33,3,0.18
70003,Indirect,2024,33,1,0.05
70003,Store,2024,33,1,0.11
70003,Ecom,2024,34,4,0.04
70003,Indirect,2024,34,2,0.11
70003,Store,2024,34,1,0.02
70003,Ecom,2024,35,2,0.04
70003,Indirect,2024,35,1,0.2
70003,Store,2024,35,1,0.19
70003,Ecom,2024,36,3,0.06
70003,Indirect,2024,36,2,0.13
70003,Store,2024,36,1,0.15
70003,Ecom,2024,37,3,0.12
70003,Indirect,2024,37,1,0.16
70003,Store,2024,37,1,0.0
70003,Ecom,2024,38,2,0.09
70003,Indirect,2024,38,1,0.03
70003,Store,2024,38,1,0.08
70003,Ecom,2024,39,3,0.03
70003,Indirect,2024,39,2,0.1
70003,Store,2024,39,1,0.05
70003,Ecom,2024,40,3,0.07
70003,Indirect,2024,40,2,0.13
70003,Store,2024,40,1,0.01
70003,Ecom,2024,41,3,0.03
70003,Indirect,2024,41,2,0.19
70003,Store,2024,41,1,0.12
70003,Ecom,2024,42,3,0.08
70003,Indirect,2024,42,2,0.12
70003,Store,2024,42,1,0.14
70003,Ecom,2024,43,4,0.15
70003,Indirect,2024,43,2,0.1
70003,Store,2024,43,1,0.2
70003,Ecom,2024,44,4,0.17
70003,Indirect,2024,44,2,0.08
70003,Store,2024,44,1,0.09
70003,Ecom,2024,45,3,0.18
70003,Indirect,2024,45,2,0.11
70003,Store,2024,45,1,0.11
70003,Ecom,2024,46,3,0.18
70003,Indirect,2024,46,1,0.06
70003,Store,2024,46,1,0.01
70003,Ecom,2024,47,4,0.18
70003,Indirect,2024,47,2,0.15
70003,Store,2024,47,1,0.12
70003,Ecom,2024,48,4,0.06
70003,Indirect,2024,48,2,0.12
70003,Store,2024,48,1,0.01
70003,Ecom,2024,49,2,0.09
70003,Indirect,2024,49,1,0.1
70003,Store,2024,49,1,0.08
70003,Ecom,2024,50,2,0.14
70003,Indirect,2024,50,1,0.11
70003,Store,2024,50,1,0.05
70003,Ecom,2024,51,3,0.08
70003,Indirect,2024,51,1,0.05
70003,Store,2024,51,1,0.01
70003,Ecom,2024,52,4,0.19
70003,Indirect,2024,52,2,0.13
70003,Store,2024,52,1,0.17
70003,Ecom,2025,1,3,0.16
70003,Indirect,2025,1,1,0.04
70003,Store,2025,1,1,0.15
70003,Ecom,2025,2,3,0.18
70003,Indirect,2025,2,2,0.02
70003,Store,2025,2,1,0.16
70003,Ecom,2025,3,2,0.11
70003,Indirect,2025,3,1,0.19
70003,Store,2025,3,1,0.0
70003,Ecom,2025,4,3,0.06
70003,Indirect,2025,4,1,0.06
70003,Store,2025,4,1,0.01
70003,Ecom,2025,5,4,0.16
70003,Indirect,2025,5,2,0.08
70003,Store,2025,5,1,0.07
70003,Ecom,2025,6,3,0.01
70003,Indirect,2025,6,2,0.01
70003,Store,2025,6,1,0.18
70003,Ecom,2025,7,3,0.1
70003,Indirect,2025,7,1,0.19
70003,Store,2025,7,1,0.2
70003,Ecom,2025,8,3,0.04
70003,Indirect,2025,8,2,0.06
70003,Store,2025,8,1,0.18
70003,Ecom,2025,9,4,0.04
70003,Indirect,2025,9,2,0.17
70003,Store,2025,9,1,0.07
70003,Ecom,2025,10,3,0.03
70003,Indirect,2025,10,2,0.18
70003,Store,2025,10,1,0.2
70003,Ecom,2025,11,2,0.13
70003,Indirect,2025,11,1,0.04
70003,Store,2025,11,1,0.18
70003,Ecom,2025,12,2,0.02
70003,Indirect,2025,12,1,0.15
70003,Store,2025,12,1,0.06
70003,Ecom,2025,13,4,0.17
70003,Indirect,2025,13,2,0.14
70003,Store,2025,13,1,0.03
70003,Ecom,2025,14,4,0.19
70003,Indirect,2025,14,2,0.09
70003,Store,2025,14,1,0.02
70003,Ecom,2025,15,3,0.06
70003,Indirect,2025,15,1,0.14
70003,Store,2025,15,1,0.04
70003,Ecom,2025,16,2,0.05
70003,Indirect,2025,16,1,0.13
70003,Store,2025,16,1,0.16
70003,Ecom,2025,17,3,0.13
70003,Indirect,2025,17,1,0.18
70003,Store,2025,17,1,0.12
70003,Ecom,2025,18,3,0.06
70003,Indirect,2025,18,1,0.19
70003,Store,2025,18,1,0.13
70003,Ecom,2025,19,3,0.13
70003,Indirect,2025,19,1,0.02
70003,Store,2025,19,1,0.2
70003,Ecom,2025,20,3,0.11
70003,Indirect,2025,20,1,0.11
70003,Store,2025,20,1,0.01
70003,Ecom,2025,21,3,0.06
70003,Indirect,2025,21,2,0.05
70003,Store,2025,21,1,0.16
70003,Ecom,2025,22,2,0.06
70003,Indirect,2025,22,1,0.15
70003,Store,2025,22,1,0.05
70003,Ecom,2025,23,3,0.11
70003,Indirect,2025,23,1,0.04
70003,Store,2025,23,1,0.18
70003,Ecom,2025,24,4,0.01
70003,Indirect,2025,24,2,0.09
70003,Store,2025,24,1,0.15
70003,Ecom,2025,25,3,0.19
70003,Indirect,2025,25,1,0.1
70003,Store,2025,25,1,0.04
70003,Ecom,2025,26,3,0.13
70003,Indirect,2025,26,2,0.07
70003,Store,2025,26,1,0.13
70003,Ecom,2025,27,4,0.1
70003,Indirect,2025,27,2,0.1
70003,Store,2025,27,1,0.17
70003,Ecom,2025,28,3,0.1
70003,Indirect,2025,28,2,0.19
70003,Store,2025,28,1,0.03
70003,Ecom,2025,29,4,0.03
70003,Indirect,2025,29,2,0.12
70003,Store,2025,29,1,0.05
70003,Ecom,2025,30,3,0.15
70003,Indirect,2025,30,1,0.16
70003,Store,2025,30,1,0.16
70003,Ecom,2025,31,3,0.1
70003,Indirect,2025,31,1,0.04
70003,Store,2025,31,1,0.12
70003,Ecom,2025,32,3,0.01
70003,Indirect,2025,32,2,0.12
70003,Store,2025,32,1,0.14
70003,Ecom,2025,33,3,0.17
70003,Indirect,2025,33,2,0.04
70003,Store,2025,33,1,0.03
70003,Ecom,2025,34,2,0.1
70003,Indirect,2025,34,1,0.09
70003,Store,2025,34,1,0.09
70003,Ecom,2025,35,3,0.16
70003,Indirect,2025,35,1,0.01
70003,Store,2025,35,1,0.18
70003,Ecom,2025,36,3,0.11
70003,Indirect,2025,36,2,0.16
70003,Store,2025,36,1,0.05
70003,Ecom,2025,37,2,0.06
70003,Indirect,2025,37,1,0.01
70003,Store,2025,37,1,0.06
70003,Ecom,2025,38,3,0.11
70003,Indirect,2025,38,2,0.05
70003,Store,2025,38,1,0.12
70003,Ecom,2025,39,2,0.16
70003,Indirect,2025,39,1,0.03
70003,Store,2025,39,1,0.05
70003,Ecom,2025,40,2,0.14
70003,Indirect,2025,40,1,0.17
70003,Store,2025,40,1,0.16
70003,Ecom,2025,41,2,0.08
70003,Indirect,2025,41,1,0.07
70003,Store,2025,41,1,0.04
70003,Ecom,2025,42,4,0.01
70003,Indirect,2025,42,2,0.1
70003,Store,2025,42,1,0.15
70003,Ecom,2025,43,4,0.03
70003,Indirect,2025,43,2,0.09
70003,Store,2025,43,1,0.15
70003,Ecom,2025,44,2,0.05
70003,Indirect,2025,44,1,0.18
70003,Store,2025,44,1,0.03
70003,Ecom,2025,45,3,0.06
70003,Indirect,2025,45,1,0.08
70003,Store,2025,45,1,0.02
70003,Ecom,2025,46,2,0.2
70003,Indirect,2025,46,1,0.15
70003,Store,2025,46,1,0.15
70003,Ecom,2025,47,3,0.05
70003,Indirect,2025,47,1,0.11
70003,Store,2025,47,1,0.05
70003,Ecom,2025,48,3,0.19
70003,Indirect,2025,48,2,0.07
70003,Store,2025,48,1,0.07
70003,Ecom,2025,49,4,0.12
70003,Indirect,2025,49,2,0.01
70003,Store,2025,49,1,0.08
70003,Ecom,2025,50,3,0.01
70003,Indirect,2025,50,2,0.07
70003,Store,2025,50,1,0.14
70003,Ecom,2025,51,4,0.12
70003,Indirect,2025,51,2,0.18
70003,Store,2025,51,1,0.09
70003,Ecom,2025,52,3,0.17
70003,Indirect,2025,52,1,0.08
70003,Store,2025,52,1,0.16
70004,Ecom,2024,1,3,0.07
70004,Indirect,2024,1,2,0.04
70004,Store,2024,1,1,0.11
70004,Ecom,2024,2,3,0.04
70004,Indirect,2024,2,2,0.04
70004,Store,2024,2,1,0.09
70004,Ecom,2024,3,3,0.09
70004,Indirect,2024,3,2,0.2
70004,Store,2024,3,1,0.14
70004,Ecom,2024,4,5,0.04
70004,Indirect,2024,4,3,0.08
70004,Store,2024,4,2,0.01
70004,Ecom,2024,5,4,0.07
70004,Indirect,2024,5,2,0.05
70004,Store,2024,5,1,0.0
70004,Ecom,2024,6,3,0.05
70004,Indirect,2024,6,2,0.08
70004,Store,2024,6,1,0.18
70004,Ecom,2024,7,4,0.05
70004,Indirect,2024,7,2,0.07
70004,Store,2024,7,1,0.03
70004,Ecom,2024,8,5,0.07
70004,Indirect,2024,8,3,0.15
70004,Store,2024,8,2,0.14
70004,Ecom,2024,9,5,0.0
70004,Indirect,2024,9,3,0.06
70004,Store,2024,9,2,0.08
70004,Ecom,2024,10,3,0.18
70004,Indirect,2024,10,1,0.07
70004,Store,2024,10,1,0.15
70004,Ecom,2024,11,4,0.01
70004,Indirect,2024,11,2,0.08
70004,Store,2024,11,1,0.05
70004,Ecom,2024,12,3,0.03
70004,Indirect,2024,12,1,0.12
70004,Store,2024,12,1,0.01
70004,Ecom,2024,13,3,0.08
70004,Indirect,2024,13,2,0.11
70004,Store,2024,13,1,0.03
70004,Ecom,2024,14,4,0.05
70004,Indirect,2024,14,2,0.15
70004,Store,2024,14,1,0.13
70004,Ecom,2024,15,3,0.04
70004,Indirect,2024,15,1,0.06
70004,Store,2024,15,1,0.14
70004,Ecom,2024,16,4,0.08
70004,Indirect,2024,16,2,0.17
70004,Store,2024,16,1,0.05
70004,Ecom,2024,17,3,0.07
70004,Indirect,2024,17,2,0.04
70004,Store,2024,17,1,0.01
70004,Ecom,2024,18,3,0.13
70004,Indirect,2024,18,1,0.11
70004,Store,2024,18,1,0.16
70004,Ecom,2024,19,5,0.06
70004,Indirect,2024,19,3,0.13
70004,Store,2024,19,2,0.18
70004,Ecom,2024,20,3,0.14
70004,Indirect,2024,20,2,0.13
70004,Store,2024,20,1,0.19
70004,Ecom,2024,21,5,0.05
70004,Indirect,2024,21,3,0.13
70004,Store,2024,21,2,0.02
70004,Ecom,2024,22,4,0.08
70004,Indirect,2024,22,2,0.01
70004,Store,2024,22,1,0.08
70004,Ecom,2024,23,3,0.1
70004,Indirect,2024,23,2,0.06
70004,Store,2024,23,1,0.03
70004,Ecom,2024,24,4,0.1
70004,Indirect,2024,24,2,0.03
70004,Store,2024,24,1,0.13
70004,Ecom,2024,25,3,0.02
70004,Indirect,2024,25,2,0.07
70004,Store,2024,25,1,0.08
70004,Ecom,2024,26,3,0.12
70004,Indirect,2024,26,1,0.14
70004,Store,2024,26,1,0.11
70004,Ecom,2024,27,4,0.0
70004,Indirect,2024,27,2,0.08
70004,Store,2024,27,1,0.07
70004,Ecom,2024,28,3,0.08
70004,Indirect,2024,28,1,0.01
70004,Store,2024,28,1,0.1
70004,Ecom,2024,29,4,0.09
70004,Indirect,2024,29,2,0.07
70004,Store,2024,29,1,0.05
70004,Ecom,2024,30,3,0.07
70004,Indirect,2024,30,1,0.18
70004,Store,2024,30,1,0.11
70004,Ecom,2024,31,3,0.13
70004,Indirect,2024,31,2,0.04
70004,Store,2024,31,1,0.09
70004,Ecom,2024,32,4,0.19
70004,Indirect,2024,32,2,0.07
70004,Store,2024,32,1,0.12
70004,Ecom,2024,33,5,0.15
70004,Indirect,2024,33,3,0.13
70004,Store,2024,33,2,0.12
70004,Ecom,2024,34,4,0.08
70004,Indirect,2024,34,2,0.06
70004,Store,2024,34,1,0.17
70004,Ecom,2024,35,5,0.08
70004,Indirect,2024,35,3,0.18
70004,Store,2024,35,2,0.01
70004,Ecom,2024,36,3,0.1
70004,Indirect,2024,36,1,0.06
70004,Store,2024,36,1,0.07
70004,Ecom,2024,37,5,0.03
70004,Indirect,2024,37,3,0.04
70004,Store,2024,37,2,0.05
70004,Ecom,2024,38,4,0.05
70004,Indirect,2024,38,2,0.0
70004,Store,2024,38,1,0.11
70004,Ecom,2024,39,4,0.05
70004,Indirect,2024,39,2,0.1
70004,Store,2024,39,1,0.13
70004,Ecom,2024,40,4,0.12
70004,Indirect,2024,40,2,0.11
70004,Store,2024,40,1,0.17
70004,Ecom,2024,41,5,0.07
70004,Indirect,2024,41,3,0.07
70004,Store,2024,41,2,0.18
70004,Ecom,2024,42,3,0.14
70004,Indirect,2024,42,2,0.14
70004,Store,2024,42,1,0.14
70004,Ecom,2024,43,5,0.16
70004,Indirect,2024,43,3,0.03
70004,Store,2024,43,2,0.12
70004,Ecom,2024,44,4,0.11
70004,Indirect,2024,44,2,0.07
70004,Store,2024,44,1,0.06
70004,Ecom,2024,45,5,0.11
70004,Indirect,2024,45,3,0.05
70004,Store,2024,45,2,0.05
70004,Ecom,2024,46,3,0.04
70004,Indirect,2024,46,2,0.1
70004,Store,2024,46,1,0.03
70004,Ecom,2024,47,3,0.01
70004,Indirect,2024,47,1,0.02
70004,Store,2024,47,1,0.14
70004,Ecom,2024,48,3,0.09
70004,Indirect,2024,48,1,0.15
70004,Store,2024,48,1,0.1
70004,Ecom,2024,49,3,0.17
70004,Indirect,2024,49,2,0.17
70004,Store,2024,49,1,0.01
70004,Ecom,2024,50,3,0.1
70004,Indirect,2024,50,2,0.16
70004,Store,2024,50,1,0.08
70004,Ecom,2024,51,4,0.05
70004,Indirect,2024,51,2,0.14
70004,Store,2024,51,1,0.07
70004,Ecom,2024,52,3,0.15
70004,Indirect,2024,52,2,0.17
70004,Store,2024,52,1,0.17
70004,Ecom,2025,1,4,0.08
70004,Indirect,2025,1,2,0.14
70004,Store,2025,1,1,0.12
70004,Ecom,2025,2,5,0.16
70004,Indirect,2025,2,3,0.03
70004,Store,2025,2,2,0.08
70004,Ecom,2025,3,4,0.05
70004,Indirect,2025,3,2,0.04
70004,Store,2025,3,1,0.0
70004,Ecom,2025,4,4,0.19
70004,Indirect,2025,4,2,0.19
70004,Store,2025,4,1,0.03
70004,Ecom,2025,5,4,0.08
70004,Indirect,2025,5,2,0.13
70004,Store,2025,5,1,0.08
70004,Ecom,2025,6,5,0.2
70004,Indirect,2025,6,3,0.01
70004,Store,2025,6,2,0.14
70004,Ecom,2025,7,3,0.01
70004,Indirect,2025,7,1,0.06
70004,Store,2025,7,1,0.15
70004,Ecom,2025,8,5,0.02
70004,Indirect,2025,8,3,0.07
70004,Store,2025,8,2,0.01
70004,Ecom,2025,9,4,0.1
70004,Indirect,2025,9,2,0.07
70004,Store,2025,9,1,0.06
70004,Ecom,2025,10,5,0.17
70004,Indirect,2025,10,3,0.06
70004,Store,2025,10,2,0.08
70004,Ecom,2025,11,4,0.15
70004,Indirect,2025,11,2,0.2
70004,Store,2025,11,1,0.08
70004,Ecom,2025,12,4,0.11
70004,Indirect,2025,12,2,0.16
70004,Store,2025,12,1,0.03
70004,Ecom,2025,13,3,0.02
70004,Indirect,2025,13,2,0.19
70004,Store,2025,13,1,0.05
70004,Ecom,2025,14,4,0.02
70004,Indirect,2025,14,2,0.06
70004,Store,2025,14,1,0.0
70004,Ecom,2025,15,4,0.03
70004,Indirect,2025,15,2,0.13
70004,Store,2025,15,1,0.05
70004,Ecom,2025,16,3,0.1
70004,Indirect,2025,16,2,0.07
70004,Store,2025,16,1,0.05
70004,Ecom,2025,17,3,0.01
70004,Indirect,2025,17,1,0.18
70004,Store,2025,17,1,0.06
70004,Ecom,2025,18,3,0.04
70004,Indirect,2025,18,1,0.1
70004,Store,2025,18,1,0.2
70004,Ecom,2025,19,3,0.17
70004,Indirect,2025,19,2,0.1
70004,Store,2025,19,1,0.08
70004,Ecom,2025,20,5,0.08
70004,Indirect,2025,20,3,0.01
70004,Store,2025,20,2,0.11
70004,Ecom,2025,21,4,0.12
70004,Indirect,2025,21,2,0.06
70004,Store,2025,21,1,0.19
70004,Ecom,2025,22,5,0.2
70004,Indirect,2025,22,3,0.09
70004,Store,2025,22,2,0.17
70004,Ecom,2025,23,4,0.04
70004,Indirect,2025,23,2,0.01
70004,Store,2025,23,1,0.03
70004,Ecom,2025,24,3,0.01
70004,Indirect,2025,24,1,0.07
70004,Store,2025,24,1,0.15
70004,Ecom,2025,25,3,0.1
70004,Indirect,2025,25,2,0.0
70004,Store,2025,25,1,0.04
70004,Ecom,2025,26,5,0.0
70004,Indirect,2025,26,3,0.11
70004,Store,2025,26,2,0.16
70004,Ecom,2025,27,5,0.15
70004,Indirect,2025,27,3,0.08
70004,Store,2025,27,2,0.16
70004,Ecom,2025,28,5,0.15
70004,Indirect,2025,28,3,0.2
70004,Store,2025,28,2,0.02
70004,Ecom,2025,29,5,0.08
70004,Indirect,2025,29,3,0.14
70004,Store,2025,29,2,0.05
70004,Ecom,2025,30,5,0.0
70004,Indirect,2025,30,3,0.12
70004,Store,2025,30,2,0.05
70004,Ecom,2025,31,4,0.07
70004,Indirect,2025,31,2,0.13
70004,Store,2025,31,1,0.16
70004,Ecom,2025,32,4,0.13
70004,Indirect,2025,32,2,0.07
70004,Store,2025,32,1,0.06
70004,Ecom,2025,33,5,0.06
70004,Indirect,2025,33,3,0.02
70004,Store,2025,33,2,0.07
70004,Ecom,2025,34,5,0.04
70004,Indirect,2025,34,3,0.15
70004,Store,2025,34,2,0.11
70004,Ecom,2025,35,4,0.04
70004,Indirect,2025,35,2,0.02
70004,Store,2025,35,1,0.03
70004,Ecom,2025,36,4,0.09
70004,Indirect,2025,36,2,0.0
70004,Store,2025,36,1,0.1
70004,Ecom,2025,37,4,0.06
70004,Indirect,2025,37,2,0.11
70004,Store,2025,37,1,0.19
70004,Ecom,2025,38,3,0.18
70004,Indirect,2025,38,2,0.06
70004,Store,2025,38,1,0.15
70004,Ecom,2025,39,3,0.2
70004,Indirect,2025,39,1,0.09
70004,Store,2025,39,1,0.19
70004,Ecom,2025,40,3,0.08
70004,Indirect,2025,40,2,0.14
70004,Store,2025,40,1,0.04
70004,Ecom,2025,41,3,0.14
70004,Indirect,2025,41,2,0.19
70004,Store,2025,41,1,0.06
70004,Ecom,2025,42,3,0.07
70004,Indirect,2025,42,2,0.2
70004,Store,2025,42,1,0.03
70004,Ecom,2025,43,4,0.08
70004,Indirect,2025,43,2,0.13
70004,Store,2025,43,1,0.04
70004,Ecom,2025,44,4,0.18
70004,Indirect,2025,44,2,0.17
70004,Store,2025,44,1,0.13
70004,Ecom,2025,45,4,0.11
70004,Indirect,2025,45,2,0.02
70004,Store,2025,45,1,0.17
70004,Ecom,2025,46,4,0.09
70004,Indirect,2025,46,2,0.13
70004,Store,2025,46,1,0.08
70004,Ecom,2025,47,4,0.05
70004,Indirect,2025,47,2,0.12
70004,Store,2025,47,1,0.11
70004,Ecom,2025,48,4,0.01
70004,Indirect,2025,48,2,0.13
70004,Store,2025,48,1,0.09
70004,Ecom,2025,49,4,0.12
70004,Indirect,2025,49,2,0.19
70004,Store,2025,49,1,0.03
70004,Ecom,2025,50,4,0.2
70004,Indirect,2025,50,2,0.15
70004,Store,2025,50,1,0.06
70004,Ecom,2025,51,5,0.2
70004,Indirect,2025,51,3,0.08
70004,Store,2025,51,2,0.17
70004,Ecom,2025,52,3,0.2
70004,Indirect,2025,52,1,0.1
70004,Store,2025,52,1,0.05
70005,Ecom,2024,1,3,0.13
70005,Indirect,2024,1,2,0.19
70005,Store,2024,1,1,0.17
70005,Ecom,2024,2,3,0.1
70005,Indirect,2024,2,2,0.2
70005,Store,2024,2,1,0.01
70005,Ecom,2024,3,3,0.14
70005,Indirect,2024,3,2,0.05
70005,Store,2024,3,1,0.16
70005,Ecom,2024,4,3,0.11
70005,Indirect,2024,4,1,0.17
70005,Store,2024,4,1,0.04
70005,Ecom,2024,5,2,0.13
70005,Indirect,2024,5,1,0.01
70005,Store,2024,5,1,0.11
70005,Ecom,2024,6,3,0.1
70005,Indirect,2024,6,2,0.05
70005,Store,2024,6,1,0.16
70005,Ecom,2024,7,3,0.15
70005,Indirect,2024,7,2,0.11
70005,Store,2024,7,1,0.18
70005,Ecom,2024,8,3,0.03
70005,Indirect,2024,8,2,0.07
70005,Store,2024,8,1,0.02
70005,Ecom,2024,9,2,0.07
70005,Indirect,2024,9,1,0.17
70005,Store,2024,9,0,0.17
70005,Ecom,2024,10,2,0.04
70005,Indirect,2024,10,1,0.08
70005,Store,2024,10,0,0.17
70005,Ecom,2024,11,3,0.18
70005,Indirect,2024,11,1,0.01
70005,Store,2024,11,1,0.2
70005,Ecom,2024,12,2,0.13
70005,Indirect,2024,12,1,0.18
70005,Store,2024,12,1,0.15
70005,Ecom,2024,13,2,0.13
70005,Indirect,2024,13,1,0.09
70005,Store,2024,13,1,0.0
70005,Ecom,2024,14,2,0.06
70005,Indirect,2024,14,1,0.13
70005,Store,2024,14,1,0.06
70005,Ecom,2024,15,3,0.14
70005,Indirect,2024,15,1,0.04
70005,Store,2024,15,1,0.03
70005,Ecom,2024,16,3,0.09
70005,Indirect,2024,16,2,0.03
70005,Store,2024,16,1,0.02
70005,Ecom,2024,17,4,0.12
70005,Indirect,2024,17,2,0.07
70005,Store,2024,17,1,0.04
70005,Ecom,2024,18,4,0.14
70005,Indirect,2024,18,2,0.15
70005,Store,2024,18,1,0.07
70005,Ecom,2024,19,2,0.08
70005,Indirect,2024,19,1,0.03
70005,Store,2024,19,1,0.13
70005,Ecom,2024,20,3,0.16
70005,Indirect,2024,20,1,0.08
70005,Store,2024,20,1,0.09
70005,Ecom,2024,21,3,0.19
70005,Indirect,2024,21,1,0.07
70005,Store,2024,21,1,0.14
70005,Ecom,2024,22,2,0.12
70005,Indirect,2024,22,1,0.06
70005,Store,2024,22,1,0.17
70005,Ecom,2024,23,2,0.17
70005,Indirect,2024,23,1,0.14
70005,Store,2024,23,1,0.09
70005,Ecom,2024,24,4,0.08
70005,Indirect,2024,24,2,0.15
70005,Store,2024,24,1,0.12
70005,Ecom,2024,25,3,0.01
70005,Indirect,2024,25,1,0.08
70005,Store,2024,25,1,0.06
70005,Ecom,2024,26,3,0.19
70005,Indirect,2024,26,1,0.06
70005,Store,2024,26,1,0.14
70005,Ecom,2024,27,3,0.05
70005,Indirect,2024,27,2,0.08
70005,Store,2024,27,1,0.03
70005,Ecom,2024,28,3,0.05
70005,Indirect,2024,28,2,0.08
70005,Store,2024,28,1,0.07
70005,Ecom,2024,29,3,0.17
70005,Indirect,2024,29,2,0.12
70005,Store,2024,29,1,0.11
70005,Ecom,2024,30,2,0.18
70005,Indirect,2024,30,1,0.02
70005,Store,2024,30,0,0.07
70005,Ecom,2024,31,2,0.14
70005,Indirect,2024,31,1,0.13
70005,Store,2024,31,1,0.07
70005,Ecom,2024,32,3,0.19
70005,Indirect,2024,32,2,0.0
70005,Store,2024,32,1,0.13
70005,Ecom,2024,33,3,0.07
70005,Indirect,2024,33,1,0.09
70005,Store,2024,33,1,0.06
70005,Ecom,2024,34,3,0.12
70005,Indirect,2024,34,2,0.19
70005,Store,2024,34,1,0.2
70005,Ecom,2024,35,4,0.08
70005,Indirect,2024,35,2,0.17
70005,Store,2024,35,1,0.13
70005,Ecom,2024,36,3,0.2
70005,Indirect,2024,36,2,0.01
70005,Store,2024,36,1,0.09
70005,Ecom,2024,37,3,0.13
70005,Indirect,2024,37,1,0.04
70005,Store,2024,37,1,0.2
70005,Ecom,2024,38,2,0.07
70005,Indirect,2024,38,1,0.03
70005,Store,2024,38,1,0.08
70005,Ecom,2024,39,3,0.02
70005,Indirect,2024,39,2,0.03
70005,Store,2024,39,1,0.13
70005,Ecom,2024,40,3,0.15
70005,Indirect,2024,40,1,0.05
70005,Store,2024,40,1,0.16
70005,Ecom,2024,41,3,0.16
70005,Indirect,2024,41,2,0.02
70005,Store,2024,41,1,0.09
70005,Ecom,2024,42,2,0.17
70005,Indirect,2024,42,1,0.19
70005,Store,2024,42,0,0.18
70005,Ecom,2024,43,2,0.07
70005,Indirect,2024,43,1,0.11
70005,Store,2024,43,0,0.11
70005,Ecom,2024,44,2,0.16
70005,Indirect,2024,44,1,0.06
70005,Store,2024,44,0,0.1
70005,Ecom,2024,45,2,0.11
70005,Indirect,2024,45,1,0.03
70005,Store,2024,45,0,0.02
70005,Ecom,2024,46,3,0.06
70005,Indirect,2024,46,1,0.16
70005,Store,2024,46,1,0.05
70005,Ecom,2024,47,3,0.01
70005,Indirect,2024,47,1,0.04
70005,Store,2024,47,1,0.09
70005,Ecom,2024,48,3,0.09
70005,Indirect,2024,48,1,0.17
70005,Store,2024,48,1,0.02
70005,Ecom,2024,49,3,0.03
70005,Indirect,2024,49,2,0.19
70005,Store,2024,49,1,0.1
70005,Ecom,2024,50,3,0.12
70005,Indirect,2024,50,1,0.17
70005,Store,2024,50,1,0.19
70005,Ecom,2024,51,3,0.0
70005,Indirect,2024,51,1,0.03
70005,Store,2024,51,1,0.16
70005,Ecom,2024,52,3,0.14
70005,Indirect,2024,52,2,0.03
70005,Store,2024,52,1,0.11
70005,Ecom,2025,1,2,0.02
70005,Indirect,2025,1,1,0.06
70005,Store,2025,1,0,0.19
70005,Ecom,2025,2,3,0.17
70005,Indirect,2025,2,1,0.01
70005,Store,2025,2,1,0.08
70005,Ecom,2025,3,2,0.05
70005,Indirect,2025,3,1,0.02
70005,Store,2025,3,0,0.18
70005,Ecom,2025,4,2,0.1
70005,Indirect,2025,4,1,0.13
70005,Store,2025,4,1,0.18
70005,Ecom,2025,5,4,0.11
70005,Indirect,2025,5,2,0.1
70005,Store,2025,5,1,0.18
70005,Ecom,2025,6,2,0.06
70005,Indirect,2025,6,1,0.15
70005,Store,2025,6,1,0.05
70005,Ecom,2025,7,2,0.09
70005,Indirect,2025,7,1,0.1
70005,Store,2025,7,1,0.07
70005,Ecom,2025,8,3,0.09
70005,Indirect,2025,8,1,0.01
70005,Store,2025,8,1,0.17
70005,Ecom,2025,9,2,0.11
70005,Indirect,2025,9,1,0.11
70005,Store,2025,9,0,0.08
70005,Ecom,2025,10,2,0.02
70005,Indirect,2025,10,1,0.07
70005,Store,2025,10,1,0.06
70005,Ecom,2025,11,3,0.05
70005,Indirect,2025,11,1,0.15
70005,Store,2025,11,1,0.1
70005,Ecom,2025,12,2,0.08
70005,Indirect,2025,12,1,0.19
70005,Store,2025,12,0,0.0
70005,Ecom,2025,13,3,0.19
70005,Indirect,2025,13,1,0.07
70005,Store,2025,13,1,0.12
70005,Ecom,2025,14,2,0.06
70005,Indirect,2025,14,1,0.12
70005,Store,2025,14,1,0.12
70005,Ecom,2025,15,2,0.1
70005,Indirect,2025,15,1,0.1
70005,Store,2025,15,1,0.15
70005,Ecom,2025,16,2,0.02
70005,Indirect,2025,16,1,0.05
70005,Store,2025,16,0,0.05
70005,Ecom,2025,17,3,0.09
70005,Indirect,2025,17,2,0.17
70005,Store,2025,17,1,0.08
70005,Ecom,2025,18,2,0.14
70005,Indirect,2025,18,1,0.02
70005,Store,2025,18,1,0.2
70005,Ecom,2025,19,3,0.07
70005,Indirect,2025,19,2,0.06
70005,Store,2025,19,1,0.16
70005,Ecom,2025,20,3,0.13
70005,Indirect,2025,20,2,0.01
70005,Store,2025,20,1,0.15
70005,Ecom,2025,21,2,0.12
70005,Indirect,2025,21,1,0.11
70005,Store,2025,21,0,0.19
70005,Ecom,2025,22,3,0.0
70005,Indirect,2025,22,1,0.19
70005,Store,2025,22,1,0.15
70005,Ecom,2025,23,3,0.0
70005,Indirect,2025,23,1,0.15
70005,Store,2025,23,1,0.08
70005,Ecom,2025,24,3,0.2
70005,Indirect,2025,24,2,0.18
70005,Store,2025,24,1,0.01
70005,Ecom,2025,25,3,0.09
70005,Indirect,2025,25,2,0.15
70005,Store,2025,25,1,0.08
70005,Ecom,2025,26,3,0.09
70005,Indirect,2025,26,1,0.02
70005,Store,2025,26,1,0.06
70005,Ecom,2025,27,3,0.01
70005,Indirect,2025,27,2,0.02
70005,Store,2025,27,1,0.17
70005,Ecom,2025,28,3,0.11
70005,Indirect,2025,28,2,0.02
70005,Store,2025,28,1,0.02
70005,Ecom,2025,29,2,0.19
70005,Indirect,2025,29,1,0.11
70005,Store,2025,29,1,0.18
70005,Ecom,2025,30,2,0.08
70005,Indirect,2025,30,1,0.11
70005,Store,2025,30,1,0.17
70005,Ecom,2025,31,2,0.17
70005,Indirect,2025,31,1,0.09
70005,Store,2025,31,0,0.01
70005,Ecom,2025,32,3,0.08
70005,Indirect,2025,32,1,0.13
70005,Store,2025,32,1,0.19
70005,Ecom,2025,33,3,0.14
70005,Indirect,2025,33,1,0.08
70005,Store,2025,33,1,0.16
70005,Ecom,2025,34,2,0.15
70005,Indirect,2025,34,1,0.03
70005,Store,2025,34,0,0.12
70005,Ecom,2025,35,2,0.07
70005,Indirect,2025,35,1,0.03
70005,Store,2025,35,1,0.07
70005,Ecom,2025,36,3,0.1
70005,Indirect,2025,36,1,0.08
70005,Store,2025,36,1,0.11
70005,Ecom,2025,37,3,0.07
70005,Indirect,2025,37,2,0.12
70005,Store,2025,37,1,0.1
70005,Ecom,2025,38,4,0.07
70005,Indirect,2025,38,2,0.14
70005,Store,2025,38,1,0.05
70005,Ecom,2025,39,2,0.15
70005,Indirect,2025,39,1,0.11
70005,Store,2025,39,1,0.05
70005,Ecom,2025,40,2,0.16
70005,Indirect,2025,40,1,0.08
70005,Store,2025,40,0,0.14
70005,Ecom,2025,41,3,0.12
70005,Indirect,2025,41,1,0.11
70005,Store,2025,41,1,0.2
70005,Ecom,2025,42,3,0.09
70005,Indirect,2025,42,2,0.1
70005,Store,2025,42,1,0.05
70005,Ecom,2025,43,3,0.02
70005,Indirect,2025,43,2,0.06
70005,Store,2025,43,1,0.17
70005,Ecom,2025,44,2,0.14
70005,Indirect,2025,44,1,0.11
70005,Store,2025,44,0,0.11
70005,Ecom,2025,45,2,0.03
70005,Indirect,2025,45,1,0.19
70005,Store,2025,45,1,0.15
70005,Ecom,2025,46,3,0.02
70005,Indirect,2025,46,2,0.16
70005,Store,2025,46,1,0.04
70005,Ecom,2025,47,2,0.11
70005,Indirect,2025,47,1,0.12
70005,Store,2025,47,1,0.02
70005,Ecom,2025,48,3,0.12
70005,Indirect,2025,48,2,0.18
70005,Store,2025,48,1,0.18
70005,Ecom,2025,49,3,0.07
70005,Indirect,2025,49,2,0.19
70005,Store,2025,49,1,0.14
70005,Ecom,2025,50,2,0.17
70005,Indirect,2025,50,1,0.15
70005,Store,2025,50,1,0.05
70005,Ecom,2025,51,2,0.0
70005,Indirect,2025,51,1,0.11
70005,Store,2025,51,1,0.05
70005,Ecom,2025,52,2,0.05
70005,Indirect,2025,52,1,0.03
70005,Store,2025,52,1,0.1
70007,Ecom,2024,1,2,0.06
70007,Indirect,2024,1,1,0.06
70007,Store,2024,1,1,0.1
70007,Ecom,2024,2,3,0.03
70007,Indirect,2024,2,2,0.17
70007,Store,2024,2,1,0.17
70007,Ecom,2024,3,3,0.11
70007,Indirect,2024,3,1,0.15
70007,Store,2024,3,1,0.11
70007,Ecom,2024,4,3,0.18
70007,Indirect,2024,4,2,0.16
70007,Store,2024,4,1,0.05
70007,Ecom,2024,5,2,0.19
70007,Indirect,2024,5,1,0.07
70007,Store,2024,5,0,0.16
70007,Ecom,2024,6,2,0.09
70007,Indirect,2024,6,1,0.07
70007,Store,2024,6,1,0.15
70007,Ecom,2024,7,4,0.1
70007,Indirect,2024,7,2,0.11
70007,Store,2024,7,1,0.07
70007,Ecom,2024,8,2,0.19
70007,Indirect,2024,8,1,0.02
70007,Store,2024,8,1,0.19
70007,Ecom,2024,9,3,0.01
70007,Indirect,2024,9,2,0.18
70007,Store,2024,9,1,0.02
70007,Ecom,2024,10,3,0.02
70007,Indirect,2024,10,1,0.2
70007,Store,2024,10,1,0.06
70007,Ecom,2024,11,3,0.01
70007,Indirect,2024,11,2,0.13
70007,Store,2024,11,1,0.01
70007,Ecom,2024,12,2,0.11
70007,Indirect,2024,12,1,0.2
70007,Store,2024,12,0,0.14
70007,Ecom,2024,13,3,0.16
70007,Indirect,2024,13,2,0.1
70007,Store,2024,13,1,0.02
70007,Ecom,2024,14,3,0.04
70007,Indirect,2024,14,1,0.11
70007,Store,2024,14,1,0.07
70007,Ecom,2024,15,3,0.04
70007,Indirect,2024,15,1,0.14
70007,Store,2024,15,1,0.08
70007,Ecom,2024,16,3,0.02
70007,Indirect,2024,16,1,0.1
70007,Store,2024,16,1,0.11
70007,Ecom,2024,17,4,0.11
70007,Indirect,2024,17,2,0.03
70007,Store,2024,17,1,0.06
70007,Ecom,2024,18,2,0.14
70007,Indirect,2024,18,1,0.19
70007,Store,2024,18,1,0.2
70007,Ecom,2024,19,4,0.19
70007,Indirect,2024,19,2,0.17
70007,Store,2024,19,1,0.19
70007,Ecom,2024,20,2,0.1
70007,Indirect,2024,20,1,0.12
70007,Store,2024,20,0,0.14
70007,Ecom,2024,21,3,0.12
70007,Indirect,2024,21,1,0.19
70007,Store,2024,21,1,0.02
70007,Ecom,2024,22,3,0.19
70007,Indirect,2024,22,1,0.01
70007,Store,2024,22,1,0.02
70007,Ecom,2024,23,3,0.19
70007,Indirect,2024,23,2,0.0
70007,Store,2024,23,1,0.01
70007,Ecom,2024,24,3,0.14
70007,Indirect,2024,24,2,0.1
70007,Store,2024,24,1,0.12
70007,Ecom,2024,25,3,0.16
70007,Indirect,2024,25,2,0.0
70007,Store,2024,25,1,0.01
70007,Ecom,2024,26,3,0.2
70007,Indirect,2024,26,2,0.17
70007,Store,2024,26,1,0.08
70007,Ecom,2024,27,2,0.07
70007,Indirect,2024,27,1,0.0
70007,Store,2024,27,1,0.15
70007,Ecom,2024,28,2,0.12
70007,Indirect,2024,28,1,0.11
70007,Store,2024,28,1,0.07
70007,Ecom,2024,29,3,0.09
70007,Indirect,2024,29,2,0.05
70007,Store,2024,29,1,0.18
70007,Ecom,2024,30,2,0.03
70007,Indirect,2024,30,1,0.05
70007,Store,2024,30,1,0.1
70007,Ecom,2024,31,3,0.07
70007,Indirect,2024,31,2,0.05
70007,Store,2024,31,1,0.13
70007,Ecom,2024,32,2,0.1
70007,Indirect,2024,32,1,0.05
70007,Store,2024,32,1,0.18
70007,Ecom,2024,33,2,0.05
70007,Indirect,2024,33,1,0.06
70007,Store,2024,33,1,0.07
70007,Ecom,2024,34,3,0.13
70007,Indirect,2024,34,2,0.16
70007,Store,2024,34,1,0.11
70007,Ecom,2024,35,2,0.15
70007,Indirect,2024,35,1,0.05
70007,Store,2024,35,0,0.04
70007,Ecom,2024,36,3,0.2
70007,Indirect,2024,36,1,0.07
70007,Store,2024,36,1,0.07
70007,Ecom,2024,37,3,0.2
70007,Indirect,2024,37,2,0.08
70007,Store,2024,37,1,0.03
70007,Ecom,2024,38,3,0.16
70007,Indirect,2024,38,2,0.07
70007,Store,2024,38,1,0.16
70007,Ecom,2024,39,2,0.06
70007,Indirect,2024,39,1,0.12
70007,Store,2024,39,1,0.15
70007,Ecom,2024,40,3,0.16
70007,Indirect,2024,40,1,0.0
70007,Store,2024,40,1,0.1
70007,Ecom,2024,41,2,0.01
70007,Indirect,2024,41,1,0.18
70007,Store,2024,41,1,0.03
70007,Ecom,2024,42,2,0.18
70007,Indirect,2024,42,1,0.19
70007,Store,2024,42,1,0.19
70007,Ecom,2024,43,2,0.19
70007,Indirect,2024,43,1,0.03
70007,Store,2024,43,1,0.14
70007,Ecom,2024,44,4,0.04
70007,Indirect,2024,44,2,0.03
70007,Store,2024,44,1,0.14
70007,Ecom,2024,45,3,0.15
70007,Indirect,2024,45,2,0.19
70007,Store,2024,45,1,0.09
70007,Ecom,2024,46,2,0.02
70007,Indirect,2024,46,1,0.05
70007,Store,2024,46,1,0.19
70007,Ecom,2024,47,2,0.04
70007,Indirect,2024,47,1,0.07
70007,Store,2024,47,0,0.01
70007,Ecom,2024,48,2,0.04
70007,Indirect,2024,48,1,0.02
70007,Store,2024,48,1,0.11
70007,Ecom,2024,49,3,0.11
70007,Indirect,2024,49,1,0.15
70007,Store,2024,49,1,0.11
70007,Ecom,2024,50,4,0.02
70007,Indirect,2024,50,2,0.04
70007,Store,2024,50,1,0.02
70007,Ecom,2024,51,2,0.15
70007,Indirect,2024,51,1,0.18
70007,Store,2024,51,1,0.1
70007,Ecom,2024,52,2,0.07
70007,Indirect,2024,52,1,0.11
70007,Store,2024,52,1,0.06
70007,Ecom,2025,1,3,0.19
70007,Indirect,2025,1,2,0.09
70007,Store,2025,1,1,0.12
70007,Ecom,2025,2,3,0.09
70007,Indirect,2025,2,2,0.04
70007,Store,2025,2,1,0.19
70007,Ecom,2025,3,4,0.0
70007,Indirect,2025,3,2,0.15
70007,Store,2025,3,1,0.08
70007,Ecom,2025,4,2,0.03
70007,Indirect,2025,4,1,0.03
70007,Store,2025,4,0,0.15
70007,Ecom,2025,5,2,0.0
70007,Indirect,2025,5,1,0.04
70007,Store,2025,5,1,0.16
70007,Ecom,2025,6,3,0.13
70007,Indirect,2025,6,1,0.09
70007,Store,2025,6,1,0.04
70007,Ecom,2025,7,2,0.06
70007,Indirect,2025,7,1,0.01
70007,Store,2025,7,0,0.05
70007,Ecom,2025,8,3,0.07
70007,Indirect,2025,8,1,0.09
70007,Store,2025,8,1,0.12
70007,Ecom,2025,9,2,0.07
70007,Indirect,2025,9,1,0.18
70007,Store,2025,9,1,0.12
70007,Ecom,2025,10,3,0.11
70007,Indirect,2025,10,1,0.09
70007,Store,2025,10,1,0.07
70007,Ecom,2025,11,3,0.05
70007,Indirect,2025,11,2,0.19
70007,Store,2025,11,1,0.17
70007,Ecom,2025,12,3,0.03
70007,Indirect,2025,12,2,0.1
70007,Store,2025,12,1,0.2
70007,Ecom,2025,13,2,0.03
70007,Indirect,2025,13,1,0.14
70007,Store,2025,13,1,0.05
70007,Ecom,2025,14,3,0.03
70007,Indirect,2025,14,1,0.19
70007,Store,2025,14,1,0.06
70007,Ecom,2025,15,2,0.14
70007,Indirect,2025,15,1,0.07
70007,Store,2025,15,0,0.11
70007,Ecom,2025,16,3,0.18
70007,Indirect,2025,16,1,0.1
70007,Store,2025,16,1,0.08
70007,Ecom,2025,17,2,0.1
70007,Indirect,2025,17,1,0.05
70007,Store,2025,17,0,0.11
70007,Ecom,2025,18,3,0.09
70007,Indirect,2025,18,1,0.02
70007,Store,2025,18,1,0.1
70007,Ecom,2025,19,3,0.13
70007,Indirect,2025,19,1,0.19
70007,Store,2025,19,1,0.06
70007,Ecom,2025,20,3,0.02
70007,Indirect,2025,20,1,0.16
70007,Store,2025,20,1,0.05
70007,Ecom,2025,21,3,0.16
70007,Indirect,2025,21,2,0.05
70007,Store,2025,21,1,0.18
70007,Ecom,2025,22,3,0.09
70007,Indirect,2025,22,1,0.11
70007,Store,2025,22,1,0.19
70007,Ecom,2025,23,3,0.1
70007,Indirect,2025,23,1,0.06
70007,Store,2025,23,1,0.17
70007,Ecom,2025,24,3,0.07
70007,Indirect,2025,24,1,0.04
70007,Store,2025,24,1,0.04
70007,Ecom,2025,25,3,0.16
70007,Indirect,2025,25,2,0.2
70007,Store,2025,25,1,0.18
70007,Ecom,2025,26,3,0.16
70007,Indirect,2025,26,2,0.14
70007,Store,2025,26,1,0.16
70007,Ecom,2025,27,3,0.04
70007,Indirect,2025,27,2,0.16
70007,Store,2025,27,1,0.06
70007,Ecom,2025,28,2,0.18
70007,Indirect,2025,28,1,0.0
70007,Store,2025,28,1,0.1
70007,Ecom,2025,29,2,0.16
70007,Indirect,2025,29,1,0.12
70007,Store,2025,29,1,0.18
70007,Ecom,2025,30,4,0.13
70007,Indirect,2025,30,2,0.01
70007,Store,2025,30,1,0.13
70007,Ecom,2025,31,2,0.2
70007,Indirect,2025,31,1,0.17
70007,Store,2025,31,0,0.06
70007,Ecom,2025,32,2,0.14
70007,Indirect,2025,32,1,0.15
70007,Store,2025,32,1,0.2
70007,Ecom,2025,33,3,0.03
70007,Indirect,2025,33,1,0.15
70007,Store,2025,33,1,0.01
70007,Ecom,2025,34,3,0.15
70007,Indirect,2025,34,2,0.16
70007,Store,2025,34,1,0.17
70007,Ecom,2025,35,3,0.19
70007,Indirect,2025,35,1,0.13
70007,Store,2025,35,1,0.1
70007,Ecom,2025,36,2,0.07
70007,Indirect,2025,36,1,0.0
70007,Store,2025,36,1,0.03
70007,Ecom,2025,37,3,0.05
70007,Indirect,2025,37,2,0.13
70007,Store,2025,37,1,0.16
70007,Ecom,2025,38,3,0.1
70007,Indirect,2025,38,2,0.06
70007,Store,2025,38,1,0.05
70007,Ecom,2025,39,2,0.13
70007,Indirect,2025,39,1,0.14
70007,Store,2025,39,1,0.19
70007,Ecom,2025,40,2,0.19
70007,Indirect,2025,40,1,0.18
70007,Store,2025,40,1,0.06
70007,Ecom,2025,41,4,0.12
70007,Indirect,2025,41,2,0.19
70007,Store,2025,41,1,0.15
70007,Ecom,2025,42,2,0.06
70007,Indirect,2025,42,1,0.1
70007,Store,2025,42,1,0.1
70007,Ecom,2025,43,2,0.17
70007,Indirect,2025,43,1,0.11
70007,Store,2025,43,0,0.09
70007,Ecom,2025,44,3,0.05
70007,Indirect,2025,44,2,0.04
70007,Store,2025,44,1,0.12
70007,Ecom,2025,45,2,0.07
70007,Indirect,2025,45,1,0.01
70007,Store,2025,45,1,0.01
70007,Ecom,2025,46,2,0.11
70007,Indirect,2025,46,1,0.19
70007,Store,2025,46,1,0.13
70007,Ecom,2025,47,3,0.08
70007,Indirect,2025,47,1,0.05
70007,Store,2025,47,1,0.09
70007,Ecom,2025,48,4,0.02
70007,Indirect,2025,48,2,0.09
70007,Store,2025,48,1,0.14
70007,Ecom,2025,49,3,0.11
70007,Indirect,2025,49,2,0.13
70007,Store,2025,49,1,0.19
70007,Ecom,2025,50,3,0.05
70007,Indirect,2025,50,2,0.11
70007,Store,2025,50,1,0.2
70007,Ecom,2025,51,3,0.04
70007,Indirect,2025,51,1,0.15
70007,Store,2025,51,1,0.01
70007,Ecom,2025,52,2,0.11
70007,Indirect,2025,52,1,0.05
70007,Store,2025,52,1,0.14
70008,Ecom,2024,1,7,0.06
70008,Indirect,2024,1,4,0.15
70008,Store,2024,1,2,0.13
70008,Ecom,2024,2,7,0.09
70008,Indirect,2024,2,4,0.09
70008,Store,2024,2,2,0.02
70008,Ecom,2024,3,6,0.19
70008,Indirect,2024,3,3,0.18
70008,Store,2024,3,2,0.01
70008,Ecom,2024,4,4,0.05
70008,Indirect,2024,4,2,0.14
70008,Store,2024,4,1,0.09
70008,Ecom,2024,5,4,0.09
70008,Indirect,2024,5,2,0.11
70008,Store,2024,5,1,0.15
70008,Ecom,2024,6,6,0.13
70008,Indirect,2024,6,3,0.14
70008,Store,2024,6,2,0.12
70008,Ecom,2024,7,4,0.14
70008,Indirect,2024,7,2,0.03
70008,Store,2024,7,1,0.01
70008,Ecom,2024,8,6,0.0
70008,Indirect,2024,8,3,0.01
70008,Store,2024,8,2,0.08
70008,Ecom,2024,9,6,0.02
70008,Indirect,2024,9,3,0.19
70008,Store,2024,9,2,0.17
70008,Ecom,2024,10,6,0.12
70008,Indirect,2024,10,3,0.06
70008,Store,2024,10,2,0.2
70008,Ecom,2024,11,4,0.06
70008,Indirect,2024,11,2,0.04
70008,Store,2024,11,1,0.17
70008,Ecom,2024,12,6,0.08
70008,Indirect,2024,12,3,0.08
70008,Store,2024,12,2,0.18
70008,Ecom,2024,13,5,0.16
70008,Indirect,2024,13,3,0.14
70008,Store,2024,13,2,0.09
70008,Ecom,2024,14,5,0.09
70008,Indirect,2024,14,3,0.09
70008,Store,2024,14,2,0.06
70008,Ecom,2024,15,6,0.08
70008,Indirect,2024,15,3,0.06
70008,Store,2024,15,2,0.15
70008,Ecom,2024,16,6,0.09
70008,Indirect,2024,16,3,0.18
70008,Store,2024,16,2,0.09
70008,Ecom,2024,17,5,0.18
70008,Indirect,2024,17,3,0.2
70008,Store,2024,17,2,0.16
70008,Ecom,2024,18,6,0.13
70008,Indirect,2024,18,3,0.15
70008,Store,2024,18,2,0.06
70008,Ecom,2024,19,7,0.19
70008,Indirect,2024,19,4,0.13
70008,Store,2024,19,2,0.13
70008,Ecom,2024,20,6,0.13
70008,Indirect,2024,20,3,0.05
70008,Store,2024,20,2,0.15
70008,Ecom,2024,21,6,0.2
70008,Indirect,2024,21,3,0.07
70008,Store,2024,21,2,0.14
70008,Ecom,2024,22,4,0.08
70008,Indirect,2024,22,2,0.15
70008,Store,2024,22,1,0.05
70008,Ecom,2024,23,6,0.04
70008,Indirect,2024,23,3,0.08
70008,Store,2024,23,2,0.2
70008,Ecom,2024,24,5,0.18
70008,Indirect,2024,24,3,0.01
70008,Store,2024,24,2,0.12
70008,Ecom,2024,25,7,0.17
70008,Indirect,2024,25,4,0.08
70008,Store,2024,25,3,0.12
70008,Ecom,2024,26,7,0.15
70008,Indirect,2024,26,4,0.15
70008,Store,2024,26,2,0.12
70008,Ecom,2024,27,5,0.14
70008,Indirect,2024,27,3,0.11
70008,Store,2024,27,2,0.11
70008,Ecom,2024,28,8,0.03
70008,Indirect,2024,28,4,0.16
70008,Store,2024,28,3,0.06
70008,Ecom,2024,29,7,0.19
70008,Indirect,2024,29,4,0.05
70008,Store,2024,29,2,0.11
70008,Ecom,2024,30,6,0.1
70008,Indirect,2024,30,3,0.03
70008,Store,2024,30,2,0.13
70008,Ecom,2024,31,7,0.13
70008,Indirect,2024,31,4,0.06
70008,Store,2024,31,3,0.16
70008,Ecom,2024,32,6,0.03
70008,Indirect,2024,32,3,0.12
70008,Store,2024,32,2,0.09
70008,Ecom,2024,33,6,0.2
70008,Indirect,2024,33,3,0.11
70008,Store,2024,33,2,0.19
70008,Ecom,2024,34,5,0.15
70008,Indirect,2024,34,3,0.02
70008,Store,2024,34,2,0.06
70008,Ecom,2024,35,7,0.14
70008,Indirect,2024,35,4,0.17
70008,Store,2024,35,2,0.08
70008,Ecom,2024,36,5,0.07
70008,Indirect,2024,36,3,0.11
70008,Store,2024,36,2,0.0
70008,Ecom,2024,37,5,0.13
70008,Indirect,2024,37,3,0.03
70008,Store,2024,37,2,0.06
70008,Ecom,2024,38,7,0.19
70008,Indirect,2024,38,4,0.05
70008,Store,2024,38,3,0.04
70008,Ecom,2024,39,4,0.02
70008,Indirect,2024,39,2,0.16
70008,Store,2024,39,1,0.15
70008,Ecom,2024,40,5,0.1
70008,Indirect,2024,40,3,0.14
70008,Store,2024,40,2,0.01
70008,Ecom,2024,41,7,0.17
70008,Indirect,2024,41,4,0.04
70008,Store,2024,41,3,0.14
70008,Ecom,2024,42,7,0.07
70008,Indirect,2024,42,4,0.18
70008,Store,2024,42,2,0.04
70008,Ecom,2024,43,6,0.06
70008,Indirect,2024,43,3,0.09
70008,Store,2024,43,2,0.16
70008,Ecom,2024,44,6,0.12
70008,Indirect,2024,44,3,0.2
70008,Store,2024,44,2,0.04
70008,Ecom,2024,45,5,0.12
70008,Indirect,2024,45,3,0.03
70008,Store,2024,45,2,0.19
70008,Ecom,2024,46,5,0.09
70008,Indirect,2024,46,3,0.09
70008,Store,2024,46,2,0.17
70008,Ecom,2024,47,7,0.14
70008,Indirect,2024,47,4,0.03
70008,Store,2024,47,3,0.07
70008,Ecom,2024,48,7,0.04
70008,Indirect,2024,48,4,0.18
70008,Store,2024,48,2,0.17
70008,Ecom,2024,49,5,0.07
70008,Indirect,2024,49,3,0.05
70008,Store,2024,49,2,0.14
70008,Ecom,2024,50,4,0.14
70008,Indirect,2024,50,2,0.01
70008,Store,2024,50,1,0.17
70008,Ecom,2024,51,6,0.12
70008,Indirect,2024,51,3,0.02
70008,Store,2024,51,2,0.01
70008,Ecom,2024,52,5,0.2
70008,Indirect,2024,52,3,0.12
70008,Store,2024,52,2,0.17
70008,Ecom,2025,1,4,0.02
70008,Indirect,2025,1,2,0.0
70008,Store,2025,1,1,0.14
70008,Ecom,2025,2,5,0.05
70008,Indirect,2025,2,3,0.13
70008,Store,2025,2,2,0.14
70008,Ecom,2025,3,5,0.09
70008,Indirect,2025,3,3,0.06
70008,Store,2025,3,2,0.11
70008,Ecom,2025,4,5,0.07
70008,Indirect,2025,4,3,0.05
70008,Store,2025,4,2,0.06
70008,Ecom,2025,5,5,0.0
70008,Indirect,2025,5,3,0.06
70008,Store,2025,5,2,0.12
70008,Ecom,2025,6,5,0.02
70008,Indirect,2025,6,3,0.17
70008,Store,2025,6,2,0.09
70008,Ecom,2025,7,6,0.06
70008,Indirect,2025,7,3,0.18
70008,Store,2025,7,2,0.15
70008,Ecom,2025,8,6,0.13
70008,Indirect,2025,8,3,0.14
70008,Store,2025,8,2,0.1
70008,Ecom,2025,9,6,0.08
70008,Indirect,2025,9,3,0.1
70008,Store,2025,9,2,0.09
70008,Ecom,2025,10,6,0.11
70008,Indirect,2025,10,3,0.16
70008,Store,2025,10,2,0.18
70008,Ecom,2025,11,5,0.0
70008,Indirect,2025,11,3,0.06
70008,Store,2025,11,2,0.01
70008,Ecom,2025,12,7,0.12
70008,Indirect,2025,12,4,0.06
70008,Store,2025,12,3,0.04
70008,Ecom,2025,13,7,0.17
70008,Indirect,2025,13,4,0.14
70008,Store,2025,13,3,0.14
70008,Ecom,2025,14,7,0.09
70008,Indirect,2025,14,4,0.08
70008,Store,2025,14,2,0.11
70008,Ecom,2025,15,7,0.2
70008,Indirect,2025,15,4,0.18
70008,Store,2025,15,3,0.17
70008,Ecom,2025,16,4,0.05
70008,Indirect,2025,16,2,0.19
70008,Store,2025,16,1,0.11
70008,Ecom,2025,17,6,0.06
70008,Indirect,2025,17,3,0.17
70008,Store,2025,17,2,0.1
70008,Ecom,2025,18,8,0.02
70008,Indirect,2025,18,4,0.2
70008,Store,2025,18,3,0.0
70008,Ecom,2025,19,5,0.08
70008,Indirect,2025,19,3,0.13
70008,Store,2025,19,2,0.02
70008,Ecom,2025,20,6,0.19
70008,Indirect,2025,20,3,0.09
70008,Store,2025,20,2,0.15
70008,Ecom,2025,21,6,0.12
70008,Indirect,2025,21,3,0.03
70008,Store,2025,21,2,0.09
70008,Ecom,2025,22,7,0.13
70008,Indirect,2025,22,4,0.04
70008,Store,2025,22,3,0.09
70008,Ecom,2025,23,6,0.07
70008,Indirect,2025,23,3,0.12
70008,Store,2025,23,2,0.13
70008,Ecom,2025,24,4,0.04
70008,Indirect,2025,24,2,0.13
70008,Store,2025,24,1,0.04
70008,Ecom,2025,25,4,0.15
70008,Indirect,2025,25,2,0.07
70008,Store,2025,25,1,0.19
70008,Ecom,2025,26,6,0.02
70008,Indirect,2025,26,3,0.13
70008,Store,2025,26,2,0.05
70008,Ecom,2025,27,7,0.14
70008,Indirect,2025,27,4,0.15
70008,Store,2025,27,3,0.01
70008,Ecom,2025,28,4,0.16
70008,Indirect,2025,28,2,0.03
70008,Store,2025,28,1,0.04
70008,Ecom,2025,29,4,0.03
70008,Indirect,2025,29,2,0.09
70008,Store,2025,29,1,0.19
70008,Ecom,2025,30,5,0.05
70008,Indirect,2025,30,3,0.17
70008,Store,2025,30,2,0.04
70008,Ecom,2025,31,6,0.12
70008,Indirect,2025,31,3,0.19
70008,Store,2025,31,2,0.01
70008,Ecom,2025,32,6,0.08
70008,Indirect,2025,32,3,0.16
70008,Store,2025,32,2,0.05
70008,Ecom,2025,33,7,0.04
70008,Indirect,2025,33,4,0.1
70008,Store,2025,33,2,0.19
70008,Ecom,2025,34,5,0.06
70008,Indirect,2025,34,3,0.18
70008,Store,2025,34,2,0.13
70008,Ecom,2025,35,4,0.04
70008,Indirect,2025,35,2,0.05
70008,Store,2025,35,1,0.06
70008,Ecom,2025,36,7,0.14
70008,Indirect,2025,36,4,0.2
70008,Store,2025,36,3,0.13
70008,Ecom,2025,37,6,0.08
70008,Indirect,2025,37,3,0.14
70008,Store,2025,37,2,0.1
70008,Ecom,2025,38,4,0.1
70008,Indirect,2025,38,2,0.08
70008,Store,2025,38,1,0.11
70008,Ecom,2025,39,4,0.01
70008,Indirect,2025,39,2,0.2
70008,Store,2025,39,1,0.07
70008,Ecom,2025,40,5,0.03
70008,Indirect,2025,40,3,0.12
70008,Store,2025,40,2,0.18
70008,Ecom,2025,41,5,0.1
70008,Indirect,2025,41,3,0.1
70008,Store,2025,41,2,0.15
70008,Ecom,2025,42,6,0.05
70008,Indirect,2025,42,3,0.04
70008,Store,2025,42,2,0.14
70008,Ecom,2025,43,4,0.17
70008,Indirect,2025,43,2,0.01
70008,Store,2025,43,1,0.04
70008,Ecom,2025,44,6,0.17
70008,Indirect,2025,44,3,0.12
70008,Store,2025,44,2,0.15
70008,Ecom,2025,45,7,0.14
70008,Indirect,2025,45,4,0.01
70008,Store,2025,45,2,0.17
70008,Ecom,2025,46,5,0.03
70008,Indirect,2025,46,3,0.01
70008,Store,2025,46,2,0.01
70008,Ecom,2025,47,7,0.08
70008,Indirect,2025,47,4,0.02
70008,Store,2025,47,3,0.01
70008,Ecom,2025,48,7,0.12
70008,Indirect,2025,48,4,0.18
70008,Store,2025,48,3,0.01
70008,Ecom,2025,49,4,0.06
70008,Indirect,2025,49,2,0.04
70008,Store,2025,49,1,0.02
70008,Ecom,2025,50,5,0.13
70008,Indirect,2025,50,3,0.03
70008,Store,2025,50,2,0.03
70008,Ecom,2025,51,6,0.08
70008,Indirect,2025,51,3,0.03
70008,Store,2025,51,2,0.11
70008,Ecom,2025,52,6,0.08
70008,Indirect,2025,52,3,0.09
70008,Store,2025,52,2,0.01
70009,Ecom,2024,1,4,0.04
70009,Indirect,2024,1,2,0.07
70009,Store,2024,1,1,0.0
70009,Ecom,2024,2,4,0.12
70009,Indirect,2024,2,2,0.08
70009,Store,2024,2,1,0.11
70009,Ecom,2024,3,5,0.03
70009,Indirect,2024,3,3,0.08
70009,Store,2024,3,2,0.14
70009,Ecom,2024,4,3,0.14
70009,Indirect,2024,4,2,0.18
70009,Store,2024,4,1,0.01
70009,Ecom,2024,5,3,0.06
70009,Indirect,2024,5,1,0.15
70009,Store,2024,5,1,0.16
70009,Ecom,2024,6,4,0.18
70009,Indirect,2024,6,2,0.04
70009,Store,2024,6,1,0.08
70009,Ecom,2024,7,4,0.15
70009,Indirect,2024,7,2,0.02
70009,Store,2024,7,1,0.2
70009,Ecom,2024,8,4,0.17
70009,Indirect,2024,8,2,0.07
70009,Store,2024,8,1,0.12
70009,Ecom,2024,9,5,0.18
70009,Indirect,2024,9,3,0.12
70009,Store,2024,9,2,0.18
70009,Ecom,2024,10,5,0.17
70009,Indirect,2024,10,3,0.13
70009,Store,2024,10,2,0.19
70009,Ecom,2024,11,3,0.08
70009,Indirect,2024,11,1,0.11
70009,Store,2024,11,1,0.03
70009,Ecom,2024,12,4,0.01
70009,Indirect,2024,12,2,0.13
70009,Store,2024,12,1,0.06
70009,Ecom,2024,13,3,0.12
70009,Indirect,2024,13,2,0.04
70009,Store,2024,13,1,0.09
70009,Ecom,2024,14,4,0.2
70009,Indirect,2024,14,2,0.05
70009,Store,2024,14,1,0.07
70009,Ecom,2024,15,4,0.04
70009,Indirect,2024,15,2,0.17
70009,Store,2024,15,1,0.04
70009,Ecom,2024,16,4,0.07
70009,Indirect,2024,16,2,0.0
70009,Store,2024,16,1,0.0
70009,Ecom,2024,17,2,0.07
70009,Indirect,2024,17,1,0.06
70009,Store,2024,17,1,0.2
70009,Ecom,2024,18,4,0.01
70009,Indirect,2024,18,2,0.14
70009,Store,2024,18,1,0.05
70009,Ecom,2024,19,3,0.14
70009,Indirect,2024,19,2,0.17
70009,Store,2024,19,1,0.19
70009,Ecom,2024,20,3,0.06
70009,Indirect,2024,20,2,0.08
70009,Store,2024,20,1,0.06
70009,Ecom,2024,21,4,0.09
70009,Indirect,2024,21,2,0.14
70009,Store,2024,21,1,0.03
70009,Ecom,2024,22,4,0.19
70009,Indirect,2024,22,2,0.04
70009,Store,2024,22,1,0.12
70009,Ecom,2024,23,3,0.01
70009,Indirect,2024,23,1,0.08
70009,Store,2024,23,1,0.04
70009,Ecom,2024,24,4,0.11
70009,Indirect,2024,24,2,0.13
70009,Store,2024,24,1,0.19
70009,Ecom,2024,25,2,0.02
70009,Indirect,2024,25,1,0.01
70009,Store,2024,25,1,0.09
70009,Ecom,2024,26,4,0.14
70009,Indirect,2024,26,2,0.11
70009,Store,2024,26,1,0.17
70009,Ecom,2024,27,3,0.02
70009,Indirect,2024,27,2,0.13
70009,Store,2024,27,1,0.01
70009,Ecom,2024,28,3,0.01
70009,Indirect,2024,28,1,0.03
70009,Store,2024,28,1,0.01
70009,Ecom,2024,29,4,0.03
70009,Indirect,2024,29,2,0.12
70009,Store,2024,29,1,0.16
70009,Ecom,2024,30,3,0.02
70009,Indirect,2024,30,2,0.13
70009,Store,2024,30,1,0.15
70009,Ecom,2024,31,4,0.11
70009,Indirect,2024,31,2,0.12
70009,Store,2024,31,1,0.17
70009,Ecom,2024,32,4,0.19
70009,Indirect,2024,32,2,0.06
70009,Store,2024,32,1,0.15
70009,Ecom,2024,33,4,0.09
70009,Indirect,2024,33,2,0.0
70009,Store,2024,33,1,0.1
70009,Ecom,2024,34,3,0.12
70009,Indirect,2024,34,1,0.1
70009,Store,2024,34,1,0.1
70009,Ecom,2024,35,2,0.03
70009,Indirect,2024,35,1,0.12
70009,Store,2024,35,1,0.14
70009,Ecom,2024,36,5,0.16
70009,Indirect,2024,36,3,0.06
70009,Store,2024,36,2,0.09
70009,Ecom,2024,37,4,0.16
70009,Indirect,2024,37,2,0.08
70009,Store,2024,37,1,0.18
70009,Ecom,2024,38,3,0.08
70009,Indirect,2024,38,2,0.1
70009,Store,2024,38,1,0.07
70009,Ecom,2024,39,5,0.01
70009,Indirect,2024,39,3,0.08
70009,Store,2024,39,2,0.02
70009,Ecom,2024,40,4,0.03
70009,Indirect,2024,40,2,0.03
70009,Store,2024,40,1,0.08
70009,Ecom,2024,41,4,0.15
70009,Indirect,2024,41,2,0.09
70009,Store,2024,41,1,0.06
70009,Ecom,2024,42,3,0.18
70009,Indirect,2024,42,2,0.04
70009,Store,2024,42,1,0.0
70009,Ecom,2024,43,4,0.1
70009,Indirect,2024,43,2,0.03
70009,Store,2024,43,1,0.03
70009,Ecom,2024,44,4,0.15
70009,Indirect,2024,44,2,0.01
70009,Store,2024,44,1,0.14
70009,Ecom,2024,45,3,0.09
70009,Indirect,2024,45,1,0.12
70009,Store,2024,45,1,0.01
70009,Ecom,2024,46,5,0.07
70009,Indirect,2024,46,3,0.03
70009,Store,2024,46,2,0.16
70009,Ecom,2024,47,3,0.01
70009,Indirect,2024,47,1,0.13
70009,Store,2024,47,1,0.09
70009,Ecom,2024,48,4,0.16
70009,Indirect,2024,48,2,0.04
70009,Store,2024,48,1,0.01
70009,Ecom,2024,49,4,0.09
70009,Indirect,2024,49,2,0.06
70009,Store,2024,49,1,0.18
70009,Ecom,2024,50,3,0.13
70009,Indirect,2024,50,1,0.01
70009,Store,2024,50,1,0.18
70009,Ecom,2024,51,5,0.12
70009,Indirect,2024,51,3,0.06
70009,Store,2024,51,2,0.14
70009,Ecom,2024,52,4,0.16
70009,Indirect,2024,52,2,0.01
70009,Store,2024,52,1,0.1
70009,Ecom,2025,1,3,0.11
70009,Indirect,2025,1,1,0.19
70009,Store,2025,1,1,0.17
70009,Ecom,2025,2,3,0.11
70009,Indirect,2025,2,1,0.06
70009,Store,2025,2,1,0.03
70009,Ecom,2025,3,4,0.15
70009,Indirect,2025,3,2,0.07
70009,Store,2025,3,1,0.08
70009,Ecom,2025,4,4,0.15
70009,Indirect,2025,4,2,0.09
70009,Store,2025,4,1,0.02
70009,Ecom,2025,5,3,0.03
70009,Indirect,2025,5,1,0.17
70009,Store,2025,5,1,0.1
70009,Ecom,2025,6,4,0.07
70009,Indirect,2025,6,2,0.07
70009,Store,2025,6,1,0.04
70009,Ecom,2025,7,5,0.12
70009,Indirect,2025,7,3,0.03
70009,Store,2025,7,2,0.14
70009,Ecom,2025,8,4,0.12
70009,Indirect,2025,8,2,0.15
70009,Store,2025,8,1,0.12
70009,Ecom,2025,9,4,0.19
70009,Indirect,2025,9,2,0.08
70009,Store,2025,9,1,0.13
70009,Ecom,2025,10,3,0.08
70009,Indirect,2025,10,2,0.07
70009,Store,2025,10,1,0.13
70009,Ecom,2025,11,3,0.07
70009,Indirect,2025,11,2,0.17
70009,Store,2025,11,1,0.16
70009,Ecom,2025,12,4,0.17
70009,Indirect,2025,12,2,0.08
70009,Store,2025,12,1,0.13
70009,Ecom,2025,13,3,0.06
70009,Indirect,2025,13,1,0.02
70009,Store,2025,13,1,0.16
70009,Ecom,2025,14,5,0.06
70009,Indirect,2025,14,3,0.08
70009,Store,2025,14,2,0.02
70009,Ecom,2025,15,3,0.13
70009,Indirect,2025,15,1,0.18
70009,Store,2025,15,1,0.02
70009,Ecom,2025,16,3,0.15
70009,Indirect,2025,16,1,0.05
70009,Store,2025,16,1,0.18
70009,Ecom,2025,17,3,0.09
70009,Indirect,2025,17,2,0.04
70009,Store,2025,17,1,0.06
70009,Ecom,2025,18,3,0.06
70009,Indirect,2025,18,2,0.15
70009,Store,2025,18,1,0.01
70009,Ecom,2025,19,4,0.16
70009,Indirect,2025,19,2,0.07
70009,Store,2025,19,1,0.04
70009,Ecom,2025,20,3,0.02
70009,Indirect,2025,20,1,0.16
70009,Store,2025,20,1,0.12
70009,Ecom,2025,21,2,0.09
70009,Indirect,2025,21,1,0.12
70009,Store,2025,21,1,0.06
70009,Ecom,2025,22,2,0.08
70009,Indirect,2025,22,1,0.07
70009,Store,2025,22,1,0.19
70009,Ecom,2025,23,3,0.18
70009,Indirect,2025,23,2,0.17
70009,Store,2025,23,1,0.11
70009,Ecom,2025,24,3,0.16
70009,Indirect,2025,24,1,0.02
70009,Store,2025,24,1,0.11
70009,Ecom,2025,25,3,0.02
70009,Indirect,2025,25,1,0.08
70009,Store,2025,25,1,0.03
70009,Ecom,2025,26,5,0.12
70009,Indirect,2025,26,3,0.18
70009,Store,2025,26,2,0.19
70009,Ecom,2025,27,4,0.13
70009,Indirect,2025,27,2,0.09
70009,Store,2025,27,1,0.16
70009,Ecom,2025,28,4,0.03
70009,Indirect,2025,28,2,0.11
70009,Store,2025,28,1,0.08
70009,Ecom,2025,29,4,0.14
70009,Indirect,2025,29,2,0.14
70009,Store,2025,29,1,0.11
70009,Ecom,2025,30,4,0.17
70009,Indirect,2025,30,2,0.02
70009,Store,2025,30,1,0.03
70009,Ecom,2025,31,2,0.03
70009,Indirect,2025,31,1,0.19
70009,Store,2025,31,1,0.06
70009,Ecom,2025,32,3,0.09
70009,Indirect,2025,32,2,0.11
70009,Store,2025,32,1,0.06
70009,Ecom,2025,33,4,0.07
70009,Indirect,2025,33,2,0.17
70009,Store,2025,33,1,0.16
70009,Ecom,2025,34,2,0.11
70009,Indirect,2025,34,1,0.02
70009,Store,2025,34,1,0.18
70009,Ecom,2025,35,2,0.05
70009,Indirect,2025,35,1,0.15
70009,Store,2025,35,1,0.12
70009,Ecom,2025,36,4,0.08
70009,Indirect,2025,36,2,0.1
70009,Store,2025,36,1,0.04
70009,Ecom,2025,37,3,0.05
70009,Indirect,2025,37,2,0.14
70009,Store,2025,37,1,0.02
70009,Ecom,2025,38,3,0.04
70009,Indirect,2025,38,1,0.11
70009,Store,2025,38,1,0.12
70009,Ecom,2025,39,2,0.2
70009,Indirect,2025,39,1,0.17
70009,Store,2025,39,1,0.08
70009,Ecom,2025,40,3,0.17
70009,Indirect,2025,40,1,0.2
70009,Store,2025,40,1,0.04
70009,Ecom,2025,41,4,0.16
70009,Indirect,2025,41,2,0.19
70009,Store,2025,41,1,0.04
70009,Ecom,2025,42,3,0.03
70009,Indirect,2025,42,1,0.05
70009,Store,2025,42,1,0.18
70009,Ecom,2025,43,4,0.09
70009,Indirect,2025,43,2,0.03
70009,Store,2025,43,1,0.07
70009,Ecom,2025,44,3,0.13
70009,Indirect,2025,44,1,0.14
70009,Store,2025,44,1,0.16
70009,Ecom,2025,45,3,0.09
70009,Indirect,2025,45,2,0.09
70009,Store,2025,45,1,0.07
70009,Ecom,2025,46,3,0.14
70009,Indirect,2025,46,2,0.14
70009,Store,2025,46,1,0.07
70009,Ecom,2025,47,4,0.03
70009,Indirect,2025,47,2,0.01
70009,Store,2025,47,1,0.08
70009,Ecom,2025,48,3,0.01
70009,Indirect,2025,48,2,0.02
70009,Store,2025,48,1,0.09
70009,Ecom,2025,49,5,0.17
70009,Indirect,2025,49,3,0.01
70009,Store,2025,49,2,0.06
70009,Ecom,2025,50,3,0.06
70009,Indirect,2025,50,2,0.03
70009,Store,2025,50,1,0.12
70009,Ecom,2025,51,4,0.08
70009,Indirect,2025,51,2,0.04
70009,Store,2025,51,1,0.02
70009,Ecom,2025,52,2,0.15
70009,Indirect,2025,52,1,0.05
70009,Store,2025,52,1,0.14
70010,Ecom,2024,1,3,0.02
70010,Indirect,2024,1,2,0.04
70010,Store,2024,1,1,0.06
70010,Ecom,2024,2,3,0.15
70010,Indirect,2024,2,2,0.06
70010,Store,2024,2,1,0.09
70010,Ecom,2024,3,2,0.09
70010,Indirect,2024,3,1,0.16
70010,Store,2024,3,1,0.05
70010,Ecom,2024,4,3,0.18
70010,Indirect,2024,4,2,0.12
70010,Store,2024,4,1,0.19
70010,Ecom,2024,5,4,0.03
70010,Indirect,2024,5,2,0.2
70010,Store,2024,5,1,0.04
70010,Ecom,2024,6,3,0.02
70010,Indirect,2024,6,2,0.06
70010,Store,2024,6,1,0.09
70010,Ecom,2024,7,3,0.14
70010,Indirect,2024,7,2,0.04
70010,Store,2024,7,1,0.18
70010,Ecom,2024,8,3,0.1
70010,Indirect,2024,8,2,0.01
70010,Store,2024,8,1,0.06
70010,Ecom,2024,9,2,0.08
70010,Indirect,2024,9,1,0.19
70010,Store,2024,9,1,0.12
70010,Ecom,2024,10,3,0.01
70010,Indirect,2024,10,2,0.05
70010,Store,2024,10,1,0.15
70010,Ecom,2024,11,2,0.05
70010,Indirect,2024,11,1,0.01
70010,Store,2024,11,1,0.01
70010,Ecom,2024,12,3,0.11
70010,Indirect,2024,12,1,0.08
70010,Store,2024,12,1,0.11
70010,Ecom,2024,13,2,0.0
70010,Indirect,2024,13,1,0.13
70010,Store,2024,13,1,0.07
70010,Ecom,2024,14,3,0.08
70010,Indirect,2024,14,1,0.05
70010,Store,2024,14,1,0.01
70010,Ecom,2024,15,2,0.06
70010,Indirect,2024,15,1,0.02
70010,Store,2024,15,1,0.01
70010,Ecom,2024,16,3,0.0
70010,Indirect,2024,16,1,0.18
70010,Store,2024,16,1,0.07
70010,Ecom,2024,17,3,0.11
70010,Indirect,2024,17,1,0.0
70010,Store,2024,17,1,0.02
70010,Ecom,2024,18,3,0.11
70010,Indirect,2024,18,2,0.1
70010,Store,2024,18,1,0.07
70010,Ecom,2024,19,3,0.1
70010,Indirect,2024,19,2,0.16
70010,Store,2024,19,1,0.17
70010,Ecom,2024,20,3,0.15
70010,Indirect,2024,20,2,0.13
70010,Store,2024,20,1,0.09
70010,Ecom,2024,21,3,0.12
70010,Indirect,2024,21,1,0.11
70010,Store,2024,21,1,0.16
70010,Ecom,2024,22,3,0.01
70010,Indirect,2024,22,2,0.15
70010,Store,2024,22,1,0.12
70010,Ecom,2024,23,3,0.18
70010,Indirect,2024,23,1,0.01
70010,Store,2024,23,1,0.1
70010,Ecom,2024,24,2,0.19
70010,Indirect,2024,24,1,0.03
70010,Store,2024,24,1,0.11
70010,Ecom,2024,25,2,0.15
70010,Indirect,2024,25,1,0.1
70010,Store,2024,25,1,0.15
70010,Ecom,2024,26,2,0.18
70010,Indirect,2024,26,1,0.0
70010,Store,2024,26,1,0.04
70010,Ecom,2024,27,3,0.18
70010,Indirect,2024,27,2,0.16
70010,Store,2024,27,1,0.06
70010,Ecom,2024,28,2,0.14
70010,Indirect,2024,28,1,0.15
70010,Store,2024,28,0,0.01
70010,Ecom,2024,29,4,0.11
70010,Indirect,2024,29,2,0.01
70010,Store,2024,29,1,0.1
70010,Ecom,2024,30,2,0.02
70010,Indirect,2024,30,1,0.18
70010,Store,2024,30,1,0.19
70010,Ecom,2024,31,2,0.09
70010,Indirect,2024,31,1,0.05
70010,Store,2024,31,0,0.13
70010,Ecom,2024,32,2,0.07
70010,Indirect,2024,32,1,0.08
70010,Store,2024,32,0,0.09
70010,Ecom,2024,33,3,0.12
70010,Indirect,2024,33,1,0.19
70010,Store,2024,33,1,0.19
70010,Ecom,2024,34,3,0.17
70010,Indirect,2024,34,2,0.05
70010,Store,2024,34,1,0.05
70010,Ecom,2024,35,3,0.13
70010,Indirect,2024,35,1,0.12
70010,Store,2024,35,1,0.07
70010,Ecom,2024,36,4,0.06
70010,Indirect,2024,36,2,0.0
70010,Store,2024,36,1,0.02
70010,Ecom,2024,37,2,0.15
70010,Indirect,2024,37,1,0.17
70010,Store,2024,37,1,0.01
70010,Ecom,2024,38,2,0.05
70010,Indirect,2024,38,1,0.16
70010,Store,2024,38,1,0.18
70010,Ecom,2024,39,2,0.02
70010,Indirect,2024,39,1,0.19
70010,Store,2024,39,1,0.19
70010,Ecom,2024,40,3,0.09
70010,Indirect,2024,40,2,0.15
70010,Store,2024,40,1,0.15
70010,Ecom,2024,41,3,0.05
70010,Indirect,2024,41,1,0.11
70010,Store,2024,41,1,0.13
70010,Ecom,2024,42,2,0.13
70010,Indirect,2024,42,1,0.03
70010,Store,2024,42,1,0.19
70010,Ecom,2024,43,2,0.05
70010,Indirect,2024,43,1,0.19
70010,Store,2024,43,1,0.19
70010,Ecom,2024,44,4,0.17
70010,Indirect,2024,44,2,0.17
70010,Store,2024,44,1,0.16
70010,Ecom,2024,45,3,0.01
70010,Indirect,2024,45,1,0.15
70010,Store,2024,45,1,0.17
70010,Ecom,2024,46,3,0.01
70010,Indirect,2024,46,2,0.01
70010,Store,2024,46,1,0.15
70010,Ecom,2024,47,3,0.18
70010,Indirect,2024,47,1,0.2
70010,Store,2024,47,1,0.09
70010,Ecom,2024,48,3,0.13
70010,Indirect,2024,48,2,0.14
70010,Store,2024,48,1,0.07
70010,Ecom,2024,49,3,0.01
70010,Indirect,2024,49,1,0.18
70010,Store,2024,49,1,0.14
70010,Ecom,2024,50,3,0.09
70010,Indirect,2024,50,2,0.04
70010,Store,2024,50,1,0.09
70010,Ecom,2024,51,3,0.11
70010,Indirect,2024,51,2,0.02
70010,Store,2024,51,1,0.0
70010,Ecom,2024,52,3,0.05
70010,Indirect,2024,52,1,0.05
70010,Store,2024,52,1,0.04
70010,Ecom,2025,1,3,0.14
70010,Indirect,2025,1,1,0.18
70010,Store,2025,1,1,0.14
70010,Ecom,2025,2,2,0.17
70010,Indirect,2025,2,1,0.12
70010,Store,2025,2,0,0.15
70010,Ecom,2025,3,3,0.07
70010,Indirect,2025,3,1,0.07
70010,Store,2025,3,1,0.01
70010,Ecom,2025,4,3,0.01
70010,Indirect,2025,4,2,0.14
70010,Store,2025,4,1,0.18
70010,Ecom,2025,5,3,0.12
70010,Indirect,2025,5,2,0.16
70010,Store,2025,5,1,0.19
70010,Ecom,2025,6,3,0.2
70010,Indirect,2025,6,2,0.09
70010,Store,2025,6,1,0.0
70010,Ecom,2025,7,3,0.13
70010,Indirect,2025,7,1,0.17
70010,Store,2025,7,1,0.12
70010,Ecom,2025,8,2,0.0
70010,Indirect,2025,8,1,0.17
70010,Store,2025,8,1,0.12
70010,Ecom,2025,9,4,0.12
70010,Indirect,2025,9,2,0.17
70010,Store,2025,9,1,0.15
70010,Ecom,2025,10,4,0.09
70010,Indirect,2025,10,2,0.18
70010,Store,2025,10,1,0.08
70010,Ecom,2025,11,2,0.07
70010,Indirect,2025,11,1,0.07
70010,Store,2025,11,0,0.2
70010,Ecom,2025,12,2,0.05
70010,Indirect,2025,12,1,0.14
70010,Store,2025,12,1,0.02
70010,Ecom,2025,13,2,0.08
70010,Indirect,2025,13,1,0.02
70010,Store,2025,13,1,0.12
70010,Ecom,2025,14,3,0.16
70010,Indirect,2025,14,1,0.07
70010,Store,2025,14,1,0.2
70010,Ecom,2025,15,2,0.11
70010,Indirect,2025,15,1,0.05
70010,Store,2025,15,1,0.0
70010,Ecom,2025,16,2,0.18
70010,Indirect,2025,16,1,0.06
70010,Store,2025,16,1,0.1
70010,Ecom,2025,17,3,0.05
70010,Indirect,2025,17,1,0.11
70010,Store,2025,17,1,0.01
70010,Ecom,2025,18,2,0.06
70010,Indirect,2025,18,1,0.16
70010,Store,2025,18,1,0.15
70010,Ecom,2025,19,3,0.12
70010,Indirect,2025,19,2,0.17
70010,Store,2025,19,1,0.15
70010,Ecom,2025,20,2,0.03
70010,Indirect,2025,20,1,0.15
70010,Store,2025,20,0,0.17
70010,Ecom,2025,21,4,0.16
70010,Indirect,2025,21,2,0.03
70010,Store,2025,21,1,0.11
70010,Ecom,2025,22,3,0.12
70010,Indirect,2025,22,1,0.03
70010,Store,2025,22,1,0.19
70010,Ecom,2025,23,3,0.05
70010,Indirect,2025,23,1,0.2
70010,Store,2025,23,1,0.08
70010,Ecom,2025,24,2,0.13
70010,Indirect,2025,24,1,0.05
70010,Store,2025,24,0,0.04
70010,Ecom,2025,25,2,0.12
70010,Indirect,2025,25,1,0.06
70010,Store,2025,25,1,0.13
70010,Ecom,2025,26,3,0.2
70010,Indirect,2025,26,2,0.18
70010,Store,2025,26,1,0.18
70010,Ecom,2025,27,2,0.16
70010,Indirect,2025,27,1,0.02
70010,Store,2025,27,1,0.12
70010,Ecom,2025,28,2,0.02
70010,Indirect,2025,28,1,0.19
70010,Store,2025,28,0,0.03
70010,Ecom,2025,29,3,0.11
70010,Indirect,2025,29,2,0.0
70010,Store,2025,29,1,0.16
70010,Ecom,2025,30,2,0.18
70010,Indirect,2025,30,1,0.16
70010,Store,2025,30,0,0.1
70010,Ecom,2025,31,3,0.01
70010,Indirect,2025,31,1,0.14
70010,Store,2025,31,1,0.01
70010,Ecom,2025,32,3,0.19
70010,Indirect,2025,32,1,0.14
70010,Store,2025,32,1,0.02
70010,Ecom,2025,33,3,0.14
70010,Indirect,2025,33,2,0.07
70010,Store,2025,33,1,0.15
70010,Ecom,2025,34,3,0.08
70010,Indirect,2025,34,1,0.11
70010,Store,2025,34,1,0.06
70010,Ecom,2025,35,2,0.18
70010,Indirect,2025,35,1,0.07
70010,Store,2025,35,1,0.15
70010,Ecom,2025,36,2,0.04
70010,Indirect,2025,36,1,0.0
70010,Store,2025,36,1,0.19
70010,Ecom,2025,37,3,0.2
70010,Indirect,2025,37,2,0.12
70010,Store,2025,37,1,0.01
70010,Ecom,2025,38,2,0.01
70010,Indirect,2025,38,1,0.12
70010,Store,2025,38,1,0.12
70010,Ecom,2025,39,4,0.06
70010,Indirect,2025,39,2,0.05
70010,Store,2025,39,1,0.04
70010,Ecom,2025,40,2,0.01
70010,Indirect,2025,40,1,0.1
70010,Store,2025,40,1,0.08
70010,Ecom,2025,41,2,0.19
70010,Indirect,2025,41,1,0.06
70010,Store,2025,41,1,0.17
70010,Ecom,2025,42,3,0.02
70010,Indirect,2025,42,1,0.01
70010,Store,2025,42,1,0.12
70010,Ecom,2025,43,3,0.01
70010,Indirect,2025,43,2,0.14
70010,Store,2025,43,1,0.05
70010,Ecom,2025,44,3,0.17
70010,Indirect,2025,44,2,0.15
70010,Store,2025,44,1,0.05
70010,Ecom,2025,45,2,0.19
70010,Indirect,2025,45,1,0.18
70010,Store,2025,45,1,0.18
70010,Ecom,2025,46,3,0.01
70010,Indirect,2025,46,1,0.07
70010,Store,2025,46,1,0.18
70010,Ecom,2025,47,2,0.06
70010,Indirect,2025,47,1,0.01
70010,Store,2025,47,0,0.18
70010,Ecom,2025,48,2,0.02
70010,Indirect,2025,48,1,0.07
70010,Store,2025,48,1,0.04
70010,Ecom,2025,49,3,0.12
70010,Indirect,2025,49,1,0.13
70010,Store,2025,49,1,0.02
70010,Ecom,2025,50,3,0.01
70010,Indirect,2025,50,1,0.09
70010,Store,2025,50,1,0.16
70010,Ecom,2025,51,2,0.16
70010,Indirect,2025,51,1,0.05
70010,Store,2025,51,1,0.08
70010,Ecom,2025,52,3,0.0
70010,Indirect,2025,52,2,0.11
70010,Store,2025,52,1,0.11
70011,Ecom,2024,1,9,0.19
70011,Indirect,2024,1,5,0.14
70011,Store,2024,1,3,0.04
70011,Ecom,2024,2,6,0.1
70011,Indirect,2024,2,3,0.06
70011,Store,2024,2,2,0.11
70011,Ecom,2024,3,6,0.14
70011,Indirect,2024,3,3,0.08
70011,Store,2024,3,2,0.01
70011,Ecom,2024,4,6,0.19
70011,Indirect,2024,4,3,0.17
70011,Store,2024,4,2,0.18
70011,Ecom,2024,5,7,0.2
70011,Indirect,2024,5,4,0.03
70011,Store,2024,5,2,0.15
70011,Ecom,2024,6,10,0.04
70011,Indirect,2024,6,6,0.0
70011,Store,2024,6,4,0.03
70011,Ecom,2024,7,6,0.16
70011,Indirect,2024,7,3,0.12
70011,Store,2024,7,2,0.1
70011,Ecom,2024,8,6,0.13
70011,Indirect,2024,8,3,0.03
70011,Store,2024,8,2,0.03
70011,Ecom,2024,9,8,0.13
70011,Indirect,2024,9,4,0.16
70011,Store,2024,9,3,0.17
70011,Ecom,2024,10,6,0.06
70011,Indirect,2024,10,3,0.03
70011,Store,2024,10,2,0.1
70011,Ecom,2024,11,5,0.17
70011,Indirect,2024,11,3,0.14
70011,Store,2024,11,2,0.16
70011,Ecom,2024,12,7,0.18
70011,Indirect,2024,12,4,0.17
70011,Store,2024,12,3,0.17
70011,Ecom,2024,13,9,0.04
70011,Indirect,2024,13,5,0.07
70011,Store,2024,13,3,0.01
70011,Ecom,2024,14,9,0.09
70011,Indirect,2024,14,5,0.2
70011,Store,2024,14,3,0.06
70011,Ecom,2024,15,7,0.17
70011,Indirect,2024,15,4,0.19
70011,Store,2024,15,3,0.15
70011,Ecom,2024,16,9,0.18
70011,Indirect,2024,16,5,0.05
70011,Store,2024,16,3,0.12
70011,Ecom,2024,17,5,0.14
70011,Indirect,2024,17,3,0.19
70011,Store,2024,17,2,0.1
70011,Ecom,2024,18,6,0.11
70011,Indirect,2024,18,3,0.01
70011,Store,2024,18,2,0.09
70011,Ecom,2024,19,5,0.08
70011,Indirect,2024,19,3,0.16
70011,Store,2024,19,2,0.15
70011,Ecom,2024,20,9,0.09
70011,Indirect,2024,20,5,0.09
70011,Store,2024,20,3,0.01
70011,Ecom,2024,21,9,0.11
70011,Indirect,2024,21,5,0.08
70011,Store,2024,21,3,0.03
70011,Ecom,2024,22,7,0.01
70011,Indirect,2024,22,4,0.02
70011,Store,2024,22,3,0.02
70011,Ecom,2024,23,7,0.03
70011,Indirect,2024,23,4,0.17
70011,Store,2024,23,3,0.12
70011,Ecom,2024,24,9,0.11
70011,Indirect,2024,24,5,0.03
70011,Store,2024,24,3,0.06
70011,Ecom,2024,25,9,0.12
70011,Indirect,2024,25,5,0.13
70011,Store,2024,25,3,0.13
70011,Ecom,2024,26,5,0.04
70011,Indirect,2024,26,3,0.09
70011,Store,2024,26,2,0.17
70011,Ecom,2024,27,10,0.12
70011,Indirect,2024,27,6,0.05
70011,Store,2024,27,4,0.01
70011,Ecom,2024,28,8,0.08
70011,Indirect,2024,28,4,0.19
70011,Store,2024,28,3,0.04
70011,Ecom,2024,29,6,0.0
70011,Indirect,2024,29,3,0.01
70011,Store,2024,29,2,0.16
70011,Ecom,2024,30,9,0.03
70011,Indirect,2024,30,5,0.0
70011,Store,2024,30,3,0.12
70011,Ecom,2024,31,6,0.12
70011,Indirect,2024,31,3,0.18
70011,Store,2024,31,2,0.15
70011,Ecom,2024,32,6,0.12
70011,Indirect,2024,32,3,0.06
70011,Store,2024,32,2,0.15
70011,Ecom,2024,33,6,0.17
70011,Indirect,2024,33,3,0.14
70011,Store,2024,33,2,0.18
70011,Ecom,2024,34,7,0.19
70011,Indirect,2024,34,4,0.12
70011,Store,2024,34,2,0.05
70011,Ecom,2024,35,8,0.06
70011,Indirect,2024,35,5,0.02
70011,Store,2024,35,3,0.01
70011,Ecom,2024,36,8,0.05
70011,Indirect,2024,36,5,0.02
70011,Store,2024,36,3,0.16
70011,Ecom,2024,37,6,0.15
70011,Indirect,2024,37,3,0.05
70011,Store,2024,37,2,0.07
70011,Ecom,2024,38,10,0.17
70011,Indirect,2024,38,6,0.17
70011,Store,2024,38,4,0.2
70011,Ecom,2024,39,8,0.19
70011,Indirect,2024,39,4,0.12
70011,Store,2024,39,3,0.12
70011,Ecom,2024,40,7,0.08
70011,Indirect,2024,40,4,0.11
70011,Store,2024,40,2,0.05
70011,Ecom,2024,41,8,0.17
70011,Indirect,2024,41,5,0.14
70011,Store,2024,41,3,0.05
70011,Ecom,2024,42,5,0.07
70011,Indirect,2024,42,3,0.09
70011,Store,2024,42,2,0.17
70011,Ecom,2024,43,8,0.1
70011,Indirect,2024,43,4,0.12
70011,Store,2024,43,3,0.11
70011,Ecom,2024,44,8,0.11
70011,Indirect,2024,44,5,0.11
70011,Store,2024,44,3,0.05
70011,Ecom,2024,45,6,0.09
70011,Indirect,2024,45,3,0.18
70011,Store,2024,45,2,0.19
70011,Ecom,2024,46,7,0.11
70011,Indirect,2024,46,4,0.1
70011,Store,2024,46,2,0.09
70011,Ecom,2024,47,6,0.16
70011,Indirect,2024,47,3,0.02
70011,Store,2024,47,2,0.05
70011,Ecom,2024,48,6,0.04
70011,Indirect,2024,48,3,0.04
70011,Store,2024,48,2,0.02
70011,Ecom,2024,49,8,0.03
70011,Indirect,2024,49,4,0.13
70011,Store,2024,49,3,0.12
70011,Ecom,2024,50,8,0.1
70011,Indirect,2024,50,5,0.12
70011,Store,2024,50,3,0.06
70011,Ecom,2024,51,7,0.14
70011,Indirect,2024,51,4,0.04
70011,Store,2024,51,3,0.15
70011,Ecom,2024,52,8,0.19
70011,Indirect,2024,52,4,0.12
70011,Store,2024,52,3,0.11
70011,Ecom,2025,1,9,0.06
70011,Indirect,2025,1,5,0.07
70011,Store,2025,1,3,0.09
70011,Ecom,2025,2,9,0.14
70011,Indirect,2025,2,5,0.04
70011,Store,2025,2,3,0.19
70011,Ecom,2025,3,10,0.1
70011,Indirect,2025,3,6,0.2
70011,Store,2025,3,4,0.12
70011,Ecom,2025,4,7,0.02
70011,Indirect,2025,4,4,0.0
70011,Store,2025,4,2,0.12
70011,Ecom,2025,5,9,0.12
70011,Indirect,2025,5,5,0.16
70011,Store,2025,5,3,0.09
70011,Ecom,2025,6,9,0.12
70011,Indirect,2025,6,5,0.13
70011,Store,2025,6,3,0.11
70011,Ecom,2025,7,8,0.11
70011,Indirect,2025,7,5,0.02
70011,Store,2025,7,3,0.13
70011,Ecom,2025,8,8,0.09
70011,Indirect,2025,8,5,0.19
70011,Store,2025,8,3,0.1
70011,Ecom,2025,9,6,0.1
70011,Indirect,2025,9,3,0.07
70011,Store,2025,9,2,0.03
70011,Ecom,2025,10,9,0.04
70011,Indirect,2025,10,5,0.14
70011,Store,2025,10,3,0.03
70011,Ecom,2025,11,8,0.2
70011,Indirect,2025,11,4,0.02
70011,Store,2025,11,3,0.17
70011,Ecom,2025,12,5,0.2
70011,Indirect,2025,12,3,0.18
70011,Store,2025,12,2,0.09
70011,Ecom,2025,13,8,0.09
70011,Indirect,2025,13,5,0.03
70011,Store,2025,13,3,0.07
70011,Ecom,2025,14,7,0.17
70011,Indirect,2025,14,4,0.02
70011,Store,2025,14,3,0.11
70011,Ecom,2025,15,7,0.11
70011,Indirect,2025,15,4,0.16
70011,Store,2025,15,3,0.12
70011,Ecom,2025,16,7,0.19
70011,Indirect,2025,16,4,0.12
70011,Store,2025,16,2,0.05
70011,Ecom,2025,17,8,0.17
70011,Indirect,2025,17,4,0.01
70011,Store,2025,17,3,0.13
70011,Ecom,2025,18,7,0.06
70011,Indirect,2025,18,4,0.03
70011,Store,2025,18,3,0.05
70011,Ecom,2025,19,7,0.08
70011,Indirect,2025,19,4,0.12
70011,Store,2025,19,3,0.05
70011,Ecom,2025,20,8,0.09
70011,Indirect,2025,20,5,0.16
70011,Store,2025,20,3,0.16
70011,Ecom,2025,21,6,0.2
70011,Indirect,2025,21,3,0.11
70011,Store,2025,21,2,0.07
70011,Ecom,2025,22,6,0.14
70011,Indirect,2025,22,3,0.09
70011,Store,2025,22,2,0.14
70011,Ecom,2025,23,6,0.17
70011,Indirect,2025,23,3,0.05
70011,Store,2025,23,2,0.17
70011,Ecom,2025,24,7,0.08
70011,Indirect,2025,24,4,0.12
70011,Store,2025,24,3,0.1
70011,Ecom,2025,25,8,0.11
70011,Indirect,2025,25,4,0.19
70011,Store,2025,25,3,0.15
70011,Ecom,2025,26,6,0.2
70011,Indirect,2025,26,3,0.0
70011,Store,2025,26,2,0.01
70011,Ecom,2025,27,9,0.06
70011,Indirect,2025,27,5,0.01
70011,Store,2025,27,3,0.04
70011,Ecom,2025,28,7,0.17
70011,Indirect,2025,28,4,0.0
70011,Store,2025,28,3,0.03
70011,Ecom,2025,29,5,0.01
70011,Indirect,2025,29,3,0.06
70011,Store,2025,29,2,0.1
70011,Ecom,2025,30,10,0.13
70011,Indirect,2025,30,6,0.17
70011,Store,2025,30,4,0.12
70011,Ecom,2025,31,9,0.13
70011,Indirect,2025,31,5,0.05
70011,Store,2025,31,3,0.07
70011,Ecom,2025,32,7,0.02
70011,Indirect,2025,32,4,0.18
70011,Store,2025,32,3,0.1
70011,Ecom,2025,33,6,0.1
70011,Indirect,2025,33,3,0.16
70011,Store,2025,33,2,0.05
70011,Ecom,2025,34,8,0.02
70011,Indirect,2025,34,4,0.05
70011,Store,2025,34,3,0.04
70011,Ecom,2025,35,8,0.14
70011,Indirect,2025,35,4,0.05
70011,Store,2025,35,3,0.14
70011,Ecom,2025,36,8,0.15
70011,Indirect,2025,36,4,0.2
70011,Store,2025,36,3,0.07
70011,Ecom,2025,37,10,0.09
70011,Indirect,2025,37,6,0.1
70011,Store,2025,37,4,0.04
70011,Ecom,2025,38,6,0.13
70011,Indirect,2025,38,3,0.02
70011,Store,2025,38,2,0.01
70011,Ecom,2025,39,6,0.11
70011,Indirect,2025,39,3,0.04
70011,Store,2025,39,2,0.05
70011,Ecom,2025,40,9,0.09
70011,Indirect,2025,40,5,0.03
70011,Store,2025,40,3,0.14
70011,Ecom,2025,41,10,0.12
70011,Indirect,2025,41,6,0.09
70011,Store,2025,41,4,0.11
70011,Ecom,2025,42,8,0.17
70011,Indirect,2025,42,5,0.16
70011,Store,2025,42,3,0.05
70011,Ecom,2025,43,9,0.02
70011,Indirect,2025,43,5,0.03
70011,Store,2025,43,3,0.1
70011,Ecom,2025,44,6,0.11
70011,Indirect,2025,44,3,0.06
70011,Store,2025,44,2,0.19
70011,Ecom,2025,45,7,0.16
70011,Indirect,2025,45,4,0.19
70011,Store,2025,45,3,0.09
70011,Ecom,2025,46,9,0.1
70011,Indirect,2025,46,5,0.08
70011,Store,2025,46,3,0.02
70011,Ecom,2025,47,8,0.18
70011,Indirect,2025,47,5,0.14
70011,Store,2025,47,3,0.06
70011,Ecom,2025,48,8,0.07
70011,Indirect,2025,48,4,0.08
70011,Store,2025,48,3,0.15
70011,Ecom,2025,49,5,0.1
70011,Indirect,2025,49,3,0.1
70011,Store,2025,49,2,0.03
70011,Ecom,2025,50,9,0.05
70011,Indirect,2025,50,5,0.08
70011,Store,2025,50,3,0.05
70011,Ecom,2025,51,8,0.09
70011,Indirect,2025,51,4,0.14
70011,Store,2025,51,3,0.09
70011,Ecom,2025,52,9,0.11
70011,Indirect,2025,52,5,0.02
70011,Store,2025,52,3,0.1
70012,Ecom,2024,1,6,0.06
70012,Indirect,2024,1,3,0.19
70012,Store,2024,1,2,0.1
70012,Ecom,2024,2,9,0.03
70012,Indirect,2024,2,5,0.13
70012,Store,2024,2,3,0.02
70012,Ecom,2024,3,6,0.03
70012,Indirect,2024,3,3,0.0
70012,Store,2024,3,2,0.18
70012,Ecom,2024,4,10,0.07
70012,Indirect,2024,4,6,0.0
70012,Store,2024,4,4,0.15
70012,Ecom,2024,5,8,0.01
70012,Indirect,2024,5,5,0.15
70012,Store,2024,5,3,0.01
70012,Ecom,2024,6,6,0.16
70012,Indirect,2024,6,3,0.15
70012,Store,2024,6,2,0.05
70012,Ecom,2024,7,8,0.16
70012,Indirect,2024,7,4,0.12
70012,Store,2024,7,3,0.11
70012,Ecom,2024,8,6,0.01
70012,Indirect,2024,8,3,0.04
70012,Store,2024,8,2,0.1
70012,Ecom,2024,9,8,0.09
70012,Indirect,2024,9,4,0.13
70012,Store,2024,9,3,0.11
70012,Ecom,2024,10,8,0.08
70012,Indirect,2024,10,5,0.17
70012,Store,2024,10,3,0.11
70012,Ecom,2024,11,9,0.2
70012,Indirect,2024,11,5,0.17
70012,Store,2024,11,3,0.15
70012,Ecom,2024,12,8,0.11
70012,Indirect,2024,12,5,0.05
70012,Store,2024,12,3,0.02
70012,Ecom,2024,13,8,0.05
70012,Indirect,2024,13,5,0.12
70012,Store,2024,13,3,0.11
70012,Ecom,2024,14,8,0.09
70012,Indirect,2024,14,5,0.05
70012,Store,2024,14,3,0.06
70012,Ecom,2024,15,8,0.18
70012,Indirect,2024,15,5,0.06
70012,Store,2024,15,3,0.06
70012,Ecom,2024,16,7,0.09
70012,Indirect,2024,16,4,0.13
70012,Store,2024,16,3,0.15
70012,Ecom,2024,17,9,0.16
70012,Indirect,2024,17,5,0.15
70012,Store,2024,17,3,0.19
70012,Ecom,2024,18,7,0.09
70012,Indirect,2024,18,4,0.13
70012,Store,2024,18,3,0.06
70012,Ecom,2024,19,9,0.08
70012,Indirect,2024,19,5,0.11
70012,Store,2024,19,3,0.1
70012,Ecom,2024,20,7,0.0
70012,Indirect,2024,20,4,0.06
70012,Store,2024,20,2,0.1
70012,Ecom,2024,21,10,0.03
70012,Indirect,2024,21,6,0.18
70012,Store,2024,21,4,0.19
70012,Ecom,2024,22,9,0.06
70012,Indirect,2024,22,5,0.0
70012,Store,2024,22,3,0.18
70012,Ecom,2024,23,5,0.06
70012,Indirect,2024,23,3,0.19
70012,Store,2024,23,2,0.13
70012,Ecom,2024,24,9,0.17
70012,Indirect,2024,24,5,0.04
70012,Store,2024,24,3,0.1
70012,Ecom,2024,25,6,0.08
70012,Indirect,2024,25,3,0.1
70012,Store,2024,25,2,0.16
70012,Ecom,2024,26,6,0.13
70012,Indirect,2024,26,3,0.03
70012,Store,2024,26,2,0.05
70012,Ecom,2024,27,5,0.12
70012,Indirect,2024,27,3,0.12
70012,Store,2024,27,2,0.14
70012,Ecom,2024,28,7,0.19
70012,Indirect,2024,28,4,0.14
70012,Store,2024,28,3,0.11
70012,Ecom,2024,29,9,0.04
70012,Indirect,2024,29,5,0.06
70012,Store,2024,29,3,0.11
70012,Ecom,2024,30,8,0.19
70012,Indirect,2024,30,4,0.14
70012,Store,2024,30,3,0.01
70012,Ecom,2024,31,10,0.09
70012,Indirect,2024,31,6,0.04
70012,Store,2024,31,4,0.15
70012,Ecom,2024,32,8,0.17
70012,Indirect,2024,32,5,0.11
70012,Store,2024,32,3,0.05
70012,Ecom,2024,33,7,0.09
70012,Indirect,2024,33,4,0.07
70012,Store,2024,33,3,0.12
70012,Ecom,2024,34,6,0.05
70012,Indirect,2024,34,3,0.02
70012,Store,2024,34,2,0.01
70012,Ecom,2024,35,8,0.15
70012,Indirect,2024,35,4,0.08
70012,Store,2024,35,3,0.18
70012,Ecom,2024,36,8,0.13
70012,Indirect,2024,36,5,0.06
70012,Store,2024,36,3,0.18
70012,Ecom,2024,37,7,0.17
70012,Indirect,2024,37,4,0.05
70012,Store,2024,37,2,0.19
70012,Ecom,2024,38,8,0.04
70012,Indirect,2024,38,5,0.15
70012,Store,2024,38,3,0.03
70012,Ecom,2024,39,7,0.08
70012,Indirect,2024,39,4,0.07
70012,Store,2024,39,2,0.07
70012,Ecom,2024,40,6,0.08
70012,Indirect,2024,40,3,0.02
70012,Store,2024,40,2,0.16
70012,Ecom,2024,41,7,0.14
70012,Indirect,2024,41,4,0.09
70012,Store,2024,41,2,0.19
70012,Ecom,2024,42,9,0.14
70012,Indirect,2024,42,5,0.17
70012,Store,2024,42,3,0.18
70012,Ecom,2024,43,10,0.08
70012,Indirect,2024,43,6,0.12
70012,Store,2024,43,4,0.01
70012,Ecom,2024,44,7,0.07
70012,Indirect,2024,44,4,0.12
70012,Store,2024,44,2,0.0
70012,Ecom,2024,45,9,0.01
70012,Indirect,2024,45,5,0.08
70012,Store,2024,45,3,0.1
70012,Ecom,2024,46,9,0.13
70012,Indirect,2024,46,5,0.03
70012,Store,2024,46,3,0.13
70012,Ecom,2024,47,6,0.12
70012,Indirect,2024,47,3,0.08
70012,Store,2024,47,2,0.19
70012,Ecom,2024,48,7,0.05
70012,Indirect,2024,48,4,0.06
70012,Store,2024,48,3,0.19
70012,Ecom,2024,49,7,0.05
70012,Indirect,2024,49,4,0.11
70012,Store,2024,49,2,0.13
70012,Ecom,2024,50,10,0.02
70012,Indirect,2024,50,6,0.07
70012,Store,2024,50,4,0.14
70012,Ecom,2024,51,7,0.14
70012,Indirect,2024,51,4,0.13
70012,Store,2024,51,3,0.02
70012,Ecom,2024,52,5,0.04
70012,Indirect,2024,52,3,0.06
70012,Store,2024,52,2,0.04
70012,Ecom,2025,1,6,0.02
70012,Indirect,2025,1,3,0.01
70012,Store,2025,1,2,0.1
70012,Ecom,2025,2,9,0.03
70012,Indirect,2025,2,5,0.02
70012,Store,2025,2,3,0.15
70012,Ecom,2025,3,5,0.03
70012,Indirect,2025,3,3,0.1
70012,Store,2025,3,2,0.06
70012,Ecom,2025,4,9,0.1
70012,Indirect,2025,4,5,0.1
70012,Store,2025,4,3,0.07
70012,Ecom,2025,5,5,0.16
70012,Indirect,2025,5,3,0.08
70012,Store,2025,5,2,0.17
70012,Ecom,2025,6,6,0.09
70012,Indirect,2025,6,3,0.11
70012,Store,2025,6,2,0.03
70012,Ecom,2025,7,5,0.19
70012,Indirect,2025,7,3,0.19
70012,Store,2025,7,2,0.2
70012,Ecom,2025,8,8,0.15
70012,Indirect,2025,8,4,0.12
70012,Store,2025,8,3,0.1
70012,Ecom,2025,9,6,0.13
70012,Indirect,2025,9,3,0.09
70012,Store,2025,9,2,0.14
70012,Ecom,2025,10,5,0.06
70012,Indirect,2025,10,3,0.02
70012,Store,2025,10,2,0.15
70012,Ecom,2025,11,7,0.06
70012,Indirect,2025,11,4,0.16
70012,Store,2025,11,3,0.1
70012,Ecom,2025,12,6,0.08
70012,Indirect,2025,12,3,0.0
70012,Store,2025,12,2,0.01
70012,Ecom,2025,13,5,0.19
70012,Indirect,2025,13,3,0.18
70012,Store,2025,13,2,0.11
70012,Ecom,2025,14,10,0.11
70012,Indirect,2025,14,6,0.14
70012,Store,2025,14,4,0.02
70012,Ecom,2025,15,7,0.12
70012,Indirect,2025,15,4,0.08
70012,Store,2025,15,3,0.13
70012,Ecom,2025,16,7,0.13
70012,Indirect,2025,16,4,0.04
70012,Store,2025,16,2,0.1
70012,Ecom,2025,17,7,0.11
70012,Indirect,2025,17,4,0.01
70012,Store,2025,17,3,0.05
70012,Ecom,2025,18,9,0.03
70012,Indirect,2025,18,5,0.1
70012,Store,2025,18,3,0.2
70012,Ecom,2025,19,8,0.15
70012,Indirect,2025,19,5,0.15
70012,Store,2025,19,3,0.19
70012,Ecom,2025,20,7,0.08
70012,Indirect,2025,20,4,0.15
70012,Store,2025,20,2,0.01
70012,Ecom,2025,21,7,0.05
70012,Indirect,2025,21,4,0.11
70012,Store,2025,21,3,0.15
70012,Ecom,2025,22,9,0.1
70012,Indirect,2025,22,5,0.14
70012,Store,2025,22,3,0.02
70012,Ecom,2025,23,8,0.19
70012,Indirect,2025,23,5,0.12
70012,Store,2025,23,3,0.1
70012,Ecom,2025,24,8,0.08
70012,Indirect,2025,24,4,0.04
70012,Store,2025,24,3,0.04
70012,Ecom,2025,25,9,0.1
70012,Indirect,2025,25,5,0.01
70012,Store,2025,25,3,0.12
70012,Ecom,2025,26,9,0.13
70012,Indirect,2025,26,5,0.04
70012,Store,2025,26,3,0.19
70012,Ecom,2025,27,6,0.1
70012,Indirect,2025,27,3,0.09
70012,Store,2025,27,2,0.03
70012,Ecom,2025,28,6,0.04
70012,Indirect,2025,28,3,0.03
70012,Store,2025,28,2,0.01
70012,Ecom,2025,29,8,0.13
70012,Indirect,2025,29,5,0.05
70012,Store,2025,29,3,0.19
70012,Ecom,2025,30,7,0.09
70012,Indirect,2025,30,4,0.19
70012,Store,2025,30,3,0.13
70012,Ecom,2025,31,7,0.15
70012,Indirect,2025,31,4,0.15
70012,Store,2025,31,3,0.06
70012,Ecom,2025,32,5,0.15
70012,Indirect,2025,32,3,0.15
70012,Store,2025,32,2,0.12
70012,Ecom,2025,33,6,0.15
70012,Indirect,2025,33,3,0.04
70012,Store,2025,33,2,0.16
70012,Ecom,2025,34,8,0.13
70012,Indirect,2025,34,5,0.02
70012,Store,2025,34,3,0.07
70012,Ecom,2025,35,9,0.02
70012,Indirect,2025,35,5,0.01
70012,Store,2025,35,3,0.08
70012,Ecom,2025,36,9,0.13
70012,Indirect,2025,36,5,0.05
70012,Store,2025,36,3,0.02
70012,Ecom,2025,37,9,0.17
70012,Indirect,2025,37,5,0.14
70012,Store,2025,37,3,0.04
70012,Ecom,2025,38,9,0.0
70012,Indirect,2025,38,5,0.03
70012,Store,2025,38,3,0.06
70012,Ecom,2025,39,10,0.01
70012,Indirect,2025,39,6,0.03
70012,Store,2025,39,4,0.15
70012,Ecom,2025,40,9,0.05
70012,Indirect,2025,40,5,0.02
70012,Store,2025,40,3,0.17
70012,Ecom,2025,41,10,0.18
70012,Indirect,2025,41,6,0.11
70012,Store,2025,41,4,0.02
70012,Ecom,2025,42,9,0.13
70012,Indirect,2025,42,5,0.17
70012,Store,2025,42,3,0.15
70012,Ecom,2025,43,8,0.2
70012,Indirect,2025,43,4,0.09
70012,Store,2025,43,3,0.09
70012,Ecom,2025,44,8,0.16
70012,Indirect,2025,44,5,0.12
70012,Store,2025,44,3,0.19
70012,Ecom,2025,45,6,0.18
70012,Indirect,2025,45,3,0.18
70012,Store,2025,45,2,0.07
70012,Ecom,2025,46,5,0.12
70012,Indirect,2025,46,3,0.12
70012,Store,2025,46,2,0.19
70012,Ecom,2025,47,8,0.14
70012,Indirect,2025,47,4,0.15
70012,Store,2025,47,3,0.03
70012,Ecom,2025,48,8,0.09
70012,Indirect,2025,48,5,0.04
70012,Store,2025,48,3,0.05
70012,Ecom,2025,49,7,0.15
70012,Indirect,2025,49,4,0.11
70012,Store,2025,49,2,0.06
70012,Ecom,2025,50,5,0.16
70012,Indirect,2025,50,3,0.15
70012,Store,2025,50,2,0.17
70012,Ecom,2025,51,9,0.01
70012,Indirect,2025,51,5,0.06
70012,Store,2025,51,3,0.09
70012,Ecom,2025,52,7,0.16
70012,Indirect,2025,52,4,0.04
70012,Store,2025,52,2,0.0
70013,Ecom,2024,1,5,0.01
70013,Indirect,2024,1,3,0.01
70013,Store,2024,1,2,0.12
70013,Ecom,2024,2,5,0.11
70013,Indirect,2024,2,3,0.01
70013,Store,2024,2,2,0.11
70013,Ecom,2024,3,5,0.06
70013,Indirect,2024,3,3,0.04
70013,Store,2024,3,2,0.03
70013,Ecom,2024,4,5,0.07
70013,Indirect,2024,4,3,0.12
70013,Store,2024,4,2,0.13
70013,Ecom,2024,5,4,0.12
70013,Indirect,2024,5,2,0.05
70013,Store,2024,5,1,0.15
70013,Ecom,2024,6,4,0.12
70013,Indirect,2024,6,2,0.15
70013,Store,2024,6,1,0.16
70013,Ecom,2024,7,5,0.18
70013,Indirect,2024,7,3,0.2
70013,Store,2024,7,2,0.16
70013,Ecom,2024,8,4,0.05
70013,Indirect,2024,8,2,0.13
70013,Store,2024,8,1,0.03
70013,Ecom,2024,9,4,0.02
70013,Indirect,2024,9,2,0.13
70013,Store,2024,9,1,0.08
70013,Ecom,2024,10,6,0.16
70013,Indirect,2024,10,3,0.11
70013,Store,2024,10,2,0.07
70013,Ecom,2024,11,4,0.01
70013,Indirect,2024,11,2,0.02
70013,Store,2024,11,1,0.17
70013,Ecom,2024,12,4,0.0
70013,Indirect,2024,12,2,0.2
70013,Store,2024,12,1,0.08
70013,Ecom,2024,13,6,0.09
70013,Indirect,2024,13,3,0.19
70013,Store,2024,13,2,0.02
70013,Ecom,2024,14,5,0.13
70013,Indirect,2024,14,3,0.0
70013,Store,2024,14,2,0.18
70013,Ecom,2024,15,4,0.14
70013,Indirect,2024,15,2,0.02
70013,Store,2024,15,1,0.02
70013,Ecom,2024,16,3,0.16
70013,Indirect,2024,16,2,0.19
70013,Store,2024,16,1,0.18
70013,Ecom,2024,17,5,0.02
70013,Indirect,2024,17,3,0.16
70013,Store,2024,17,2,0.1
70013,Ecom,2024,18,6,0.13
70013,Indirect,2024,18,3,0.11
70013,Store,2024,18,2,0.03
70013,Ecom,2024,19,4,0.02
70013,Indirect,2024,19,2,0.09
70013,Store,2024,19,1,0.06
70013,Ecom,2024,20,6,0.01
70013,Indirect,2024,20,3,0.15
70013,Store,2024,20,2,0.02
70013,Ecom,2024,21,3,0.18
70013,Indirect,2024,21,2,0.04
70013,Store,2024,21,1,0.12
70013,Ecom,2024,22,5,0.08
70013,Indirect,2024,22,3,0.07
70013,Store,2024,22,2,0.03
70013,Ecom,2024,23,5,0.07
70013,Indirect,2024,23,3,0.12
70013,Store,2024,23,2,0.16
70013,Ecom,2024,24,3,0.08
70013,Indirect,2024,24,2,0.07
70013,Store,2024,24,1,0.19
70013,Ecom,2024,25,5,0.04
70013,Indirect,2024,25,3,0.09
70013,Store,2024,25,2,0.0
70013,Ecom,2024,26,5,0.01
70013,Indirect,2024,26,3,0.03
70013,Store,2024,26,2,0.1
70013,Ecom,2024,27,5,0.04
70013,Indirect,2024,27,3,0.12
70013,Store,2024,27,2,0.06
70013,Ecom,2024,28,5,0.01
70013,Indirect,2024,28,3,0.17
70013,Store,2024,28,2,0.09
70013,Ecom,2024,29,4,0.06
70013,Indirect,2024,29,2,0.13
70013,Store,2024,29,1,0.02
70013,Ecom,2024,30,6,0.04
70013,Indirect,2024,30,3,0.08
70013,Store,2024,30,2,0.01
70013,Ecom,2024,31,5,0.19
70013,Indirect,2024,31,3,0.04
70013,Store,2024,31,2,0.04
70013,Ecom,2024,32,5,0.13
70013,Indirect,2024,32,3,0.03
70013,Store,2024,32,2,0.04
70013,Ecom,2024,33,5,0.05
70013,Indirect,2024,33,3,0.01
70013,Store,2024,33,2,0.14
70013,Ecom,2024,34,6,0.16
70013,Indirect,2024,34,3,0.17
70013,Store,2024,34,2,0.04
70013,Ecom,2024,35,4,0.12
70013,Indirect,2024,35,2,0.12
70013,Store,2024,35,1,0.13
70013,Ecom,2024,36,5,0.05
70013,Indirect,2024,36,3,0.05
70013,Store,2024,36,2,0.02
70013,Ecom,2024,37,3,0.12
70013,Indirect,2024,37,2,0.02
70013,Store,2024,37,1,0.18
70013,Ecom,2024,38,6,0.03
70013,Indirect,2024,38,3,0.19
70013,Store,2024,38,2,0.12
70013,Ecom,2024,39,3,0.08
70013,Indirect,2024,39,2,0.07
70013,Store,2024,39,1,0.06
70013,Ecom,2024,40,3,0.05
70013,Indirect,2024,40,2,0.0
70013,Store,2024,40,1,0.09
70013,Ecom,2024,41,5,0.05
70013,Indirect,2024,41,3,0.18
70013,Store,2024,41,2,0.18
70013,Ecom,2024,42,5,0.16
70013,Indirect,2024,42,3,0.07
70013,Store,2024,42,2,0.15
70013,Ecom,2024,43,6,0.07
70013,Indirect,2024,43,3,0.15
70013,Store,2024,43,2,0.07
70013,Ecom,2024,44,4,0.08
70013,Indirect,2024,44,2,0.02
70013,Store,2024,44,1,0.14
70013,Ecom,2024,45,4,0.1
70013,Indirect,2024,45,2,0.16
70013,Store,2024,45,1,0.12
70013,Ecom,2024,46,6,0.15
70013,Indirect,2024,46,3,0.14
70013,Store,2024,46,2,0.15
70013,Ecom,2024,47,5,0.18
70013,Indirect,2024,47,3,0.12
70013,Store,2024,47,2,0.13
70013,Ecom,2024,48,5,0.11
70013,Indirect,2024,48,3,0.19
70013,Store,2024,48,2,0.06
70013,Ecom,2024,49,4,0.1
70013,Indirect,2024,49,2,0.06
70013,Store,2024,49,1,0.14
70013,Ecom,2024,50,5,0.0
70013,Indirect,2024,50,3,0.04
70013,Store,2024,50,2,0.12
70013,Ecom,2024,51,4,0.14
70013,Indirect,2024,51,2,0.09
70013,Store,2024,51,1,0.02
70013,Ecom,2024,52,5,0.19
70013,Indirect,2024,52,3,0.02
70013,Store,2024,52,2,0.12
70013,Ecom,2025,1,5,0.12
70013,Indirect,2025,1,3,0.1
70013,Store,2025,1,2,0.1
70013,Ecom,2025,2,6,0.17
70013,Indirect,2025,2,3,0.09
70013,Store,2025,2,2,0.16
70013,Ecom,2025,3,5,0.16
70013,Indirect,2025,3,3,0.2
70013,Store,2025,3,2,0.01
70013,Ecom,2025,4,4,0.05
70013,Indirect,2025,4,2,0.16
70013,Store,2025,4,1,0.18
70013,Ecom,2025,5,4,0.1
70013,Indirect,2025,5,2,0.18
70013,Store,2025,5,1,0.14
70013,Ecom,2025,6,5,0.18
70013,Indirect,2025,6,3,0.18
70013,Store,2025,6,2,0.02
70013,Ecom,2025,7,6,0.06
70013,Indirect,2025,7,3,0.12
70013,Store,2025,7,2,0.15
70013,Ecom,2025,8,4,0.06
70013,Indirect,2025,8,2,0.18
70013,Store,2025,8,1,0.16
70013,Ecom,2025,9,6,0.02
70013,Indirect,2025,9,3,0.13
70013,Store,2025,9,2,0.15
70013,Ecom,2025,10,6,0.15
70013,Indirect,2025,10,3,0.06
70013,Store,2025,10,2,0.02
70013,Ecom,2025,11,4,0.05
70013,Indirect,2025,11,2,0.11
70013,Store,2025,11,1,0.06
70013,Ecom,2025,12,4,0.02
70013,Indirect,2025,12,2,0.14
70013,Store,2025,12,1,0.16
70013,Ecom,2025,13,4,0.1
70013,Indirect,2025,13,2,0.2
70013,Store,2025,13,1,0.07
70013,Ecom,2025,14,5,0.16
70013,Indirect,2025,14,3,0.0
70013,Store,2025,14,2,0.17
70013,Ecom,2025,15,6,0.15
70013,Indirect,2025,15,3,0.07
70013,Store,2025,15,2,0.1
70013,Ecom,2025,16,6,0.01
70013,Indirect,2025,16,3,0.02
70013,Store,2025,16,2,0.13
70013,Ecom,2025,17,6,0.03
70013,Indirect,2025,17,3,0.04
70013,Store,2025,17,2,0.09
70013,Ecom,2025,18,6,0.11
70013,Indirect,2025,18,3,0.13
70013,Store,2025,18,2,0.01
70013,Ecom,2025,19,4,0.12
70013,Indirect,2025,19,2,0.14
70013,Store,2025,19,1,0.02
70013,Ecom,2025,20,3,0.06
70013,Indirect,2025,20,2,0.08
70013,Store,2025,20,1,0.07
70013,Ecom,2025,21,4,0.01
70013,Indirect,2025,21,2,0.13
70013,Store,2025,21,1,0.19
70013,Ecom,2025,22,5,0.18
70013,Indirect,2025,22,3,0.03
70013,Store,2025,22,2,0.12
70013,Ecom,2025,23,4,0.17
70013,Indirect,2025,23,2,0.12
70013,Store,2025,23,1,0.12
70013,Ecom,2025,24,6,0.19
70013,Indirect,2025,24,3,0.03
70013,Store,2025,24,2,0.09
70013,Ecom,2025,25,3,0.11
70013,Indirect,2025,25,2,0.04
70013,Store,2025,25,1,0.14
70013,Ecom,2025,26,4,0.0
70013,Indirect,2025,26,2,0.18
70013,Store,2025,26,1,0.03
70013,Ecom,2025,27,4,0.1
70013,Indirect,2025,27,2,0.01
70013,Store,2025,27,1,0.15
70013,Ecom,2025,28,5,0.02
70013,Indirect,2025,28,3,0.12
70013,Store,2025,28,2,0.03
70013,Ecom,2025,29,5,0.02
70013,Indirect,2025,29,3,0.06
70013,Store,2025,29,2,0.09
70013,Ecom,2025,30,5,0.13
70013,Indirect,2025,30,3,0.19
70013,Store,2025,30,2,0.07
70013,Ecom,2025,31,4,0.04
70013,Indirect,2025,31,2,0.15
70013,Store,2025,31,1,0.07
70013,Ecom,2025,32,4,0.04
70013,Indirect,2025,32,2,0.08
70013,Store,2025,32,1,0.17
70013,Ecom,2025,33,5,0.16
70013,Indirect,2025,33,3,0.09
70013,Store,2025,33,2,0.12
70013,Ecom,2025,34,4,0.08
70013,Indirect,2025,34,2,0.14
70013,Store,2025,34,1,0.02
70013,Ecom,2025,35,5,0.05
70013,Indirect,2025,35,3,0.06
70013,Store,2025,35,2,0.07
70013,Ecom,2025,36,4,0.12
70013,Indirect,2025,36,2,0.01
70013,Store,2025,36,1,0.05
70013,Ecom,2025,37,4,0.04
70013,Indirect,2025,37,2,0.17
70013,Store,2025,37,1,0.14
70013,Ecom,2025,38,6,0.03
70013,Indirect,2025,38,3,0.04
70013,Store,2025,38,2,0.06
70013,Ecom,2025,39,5,0.17
70013,Indirect,2025,39,3,0.17
70013,Store,2025,39,2,0.17
70013,Ecom,2025,40,3,0.01
70013,Indirect,2025,40,2,0.07
70013,Store,2025,40,1,0.09
70013,Ecom,2025,41,3,0.07
70013,Indirect,2025,41,2,0.03
70013,Store,2025,41,1,0.17
70013,Ecom,2025,42,4,0.06
70013,Indirect,2025,42,2,0.03
70013,Store,2025,42,1,0.17
70013,Ecom,2025,43,3,0.09
70013,Indirect,2025,43,2,0.04
70013,Store,2025,43,1,0.05
70013,Ecom,2025,44,6,0.14
70013,Indirect,2025,44,3,0.15
70013,Store,2025,44,2,0.07
70013,Ecom,2025,45,6,0.19
70013,Indirect,2025,45,3,0.13
70013,Store,2025,45,2,0.05
70013,Ecom,2025,46,3,0.11
70013,Indirect,2025,46,2,0.1
70013,Store,2025,46,1,0.17
70013,Ecom,2025,47,6,0.16
70013,Indirect,2025,47,3,0.05
70013,Store,2025,47,2,0.2
70013,Ecom,2025,48,5,0.01
70013,Indirect,2025,48,3,0.04
70013,Store,2025,48,2,0.19
70013,Ecom,2025,49,6,0.15
70013,Indirect,2025,49,3,0.13
70013,Store,2025,49,2,0.0
70013,Ecom,2025,50,6,0.06
70013,Indirect,2025,50,3,0.15
70013,Store,2025,50,2,0.11
70013,Ecom,2025,51,5,0.11
70013,Indirect,2025,51,3,0.18
70013,Store,2025,51,2,0.17
70013,Ecom,2025,52,4,0.17
70013,Indirect,2025,52,2,0.04
70013,Store,2025,52,1,0.07
70014,Ecom,2024,1,3,0.01
70014,Indirect,2024,1,2,0.08
70014,Store,2024,1,1,0.0
70014,Ecom,2024,2,5,0.16
70014,Indirect,2024,2,3,0.1
70014,Store,2024,2,2,0.01
70014,Ecom,2024,3,3,0.15
70014,Indirect,2024,3,1,0.06
70014,Store,2024,3,1,0.02
70014,Ecom,2024,4,3,0.12
70014,Indirect,2024,4,2,0.03
70014,Store,2024,4,1,0.08
70014,Ecom,2024,5,4,0.15
70014,Indirect,2024,5,2,0.08
70014,Store,2024,5,1,0.2
70014,Ecom,2024,6,3,0.15
70014,Indirect,2024,6,1,0.02
70014,Store,2024,6,1,0.18
70014,Ecom,2024,7,4,0.03
70014,Indirect,2024,7,2,0.16
70014,Store,2024,7,1,0.18
70014,Ecom,2024,8,3,0.18
70014,Indirect,2024,8,1,0.19
70014,Store,2024,8,1,0.07
70014,Ecom,2024,9,4,0.14
70014,Indirect,2024,9,2,0.11
70014,Store,2024,9,1,0.08
70014,Ecom,2024,10,3,0.16
70014,Indirect,2024,10,2,0.16
70014,Store,2024,10,1,0.19
70014,Ecom,2024,11,2,0.11
70014,Indirect,2024,11,1,0.14
70014,Store,2024,11,1,0.04
70014,Ecom,2024,12,2,0.18
70014,Indirect,2024,12,1,0.16
70014,Store,2024,12,1,0.14
70014,Ecom,2024,13,3,0.09
70014,Indirect,2024,13,2,0.16
70014,Store,2024,13,1,0.02
70014,Ecom,2024,14,4,0.14
70014,Indirect,2024,14,2,0.09
70014,Store,2024,14,1,0.19
70014,Ecom,2024,15,4,0.18
70014,Indirect,2024,15,2,0.04
70014,Store,2024,15,1,0.08
70014,Ecom,2024,16,3,0.1
70014,Indirect,2024,16,2,0.15
70014,Store,2024,16,1,0.2
70014,Ecom,2024,17,4,0.17
70014,Indirect,2024,17,2,0.2
70014,Store,2024,17,1,0.15
70014,Ecom,2024,18,4,0.02
70014,Indirect,2024,18,2,0.08
70014,Store,2024,18,1,0.1
70014,Ecom,2024,19,3,0.18
70014,Indirect,2024,19,1,0.07
70014,Store,2024,19,1,0.05
70014,Ecom,2024,20,2,0.11
70014,Indirect,2024,20,1,0.07
70014,Store,2024,20,1,0.19
70014,Ecom,2024,21,4,0.09
70014,Indirect,2024,21,2,0.03
70014,Store,2024,21,1,0.01
70014,Ecom,2024,22,4,0.12
70014,Indirect,2024,22,2,0.1
70014,Store,2024,22,1,0.1
70014,Ecom,2024,23,3,0.18
70014,Indirect,2024,23,2,0.01
70014,Store,2024,23,1,0.05
70014,Ecom,2024,24,4,0.06
70014,Indirect,2024,24,2,0.07
70014,Store,2024,24,1,0.09
70014,Ecom,2024,25,3,0.15
70014,Indirect,2024,25,2,0.02
70014,Store,2024,25,1,0.11
70014,Ecom,2024,26,4,0.07
70014,Indirect,2024,26,2,0.15
70014,Store,2024,26,1,0.07
70014,Ecom,2024,27,4,0.02
70014,Indirect,2024,27,2,0.06
70014,Store,2024,27,1,0.11
70014,Ecom,2024,28,4,0.09
70014,Indirect,2024,28,2,0.01
70014,Store,2024,28,1,0.11
70014,Ecom,2024,29,4,0.05
70014,Indirect,2024,29,2,0.04
70014,Store,2024,29,1,0.12
70014,Ecom,2024,30,3,0.02
70014,Indirect,2024,30,1,0.01
70014,Store,2024,30,1,0.12
70014,Ecom,2024,31,4,0.15
70014,Indirect,2024,31,2,0.12
70014,Store,2024,31,1,0.17
70014,Ecom,2024,32,4,0.05
70014,Indirect,2024,32,2,0.08
70014,Store,2024,32,1,0.19
70014,Ecom,2024,33,5,0.13
70014,Indirect,2024,33,3,0.13
70014,Store,2024,33,2,0.07
70014,Ecom,2024,34,3,0.07
70014,Indirect,2024,34,1,0.05
70014,Store,2024,34,1,0.13
70014,Ecom,2024,35,4,0.13
70014,Indirect,2024,35,2,0.18
70014,Store,2024,35,1,0.0
70014,Ecom,2024,36,3,0.02
70014,Indirect,2024,36,1,0.07
70014,Store,2024,36,1,0.18
70014,Ecom,2024,37,3,0.16
70014,Indirect,2024,37,2,0.04
70014,Store,2024,37,1,0.07
70014,Ecom,2024,38,4,0.06
70014,Indirect,2024,38,2,0.15
70014,Store,2024,38,1,0.12
70014,Ecom,2024,39,4,0.01
70014,Indirect,2024,39,2,0.07
70014,Store,2024,39,1,0.2
70014,Ecom,2024,40,3,0.06
70014,Indirect,2024,40,2,0.2
70014,Store,2024,40,1,0.12
70014,Ecom,2024,41,4,0.1
70014,Indirect,2024,41,2,0.12
70014,Store,2024,41,1,0.08
70014,Ecom,2024,42,3,0.06
70014,Indirect,2024,42,1,0.05
70014,Store,2024,42,1,0.14
70014,Ecom,2024,43,3,0.02
70014,Indirect,2024,43,1,0.1
70014,Store,2024,43,1,0.2
70014,Ecom,2024,44,4,0.13
70014,Indirect,2024,44,2,0.15
70014,Store,2024,44,1,0.04
70014,Ecom,2024,45,4,0.0
70014,Indirect,2024,45,2,0.1
70014,Store,2024,45,1,0.01
70014,Ecom,2024,46,3,0.02
70014,Indirect,2024,46,1,0.07
70014,Store,2024,46,1,0.1
70014,Ecom,2024,47,3,0.02
70014,Indirect,2024,47,1,0.02
70014,Store,2024,47,1,0.19
70014,Ecom,2024,48,5,0.18
70014,Indirect,2024,48,3,0.03
70014,Store,2024,48,2,0.04
70014,Ecom,2024,49,4,0.0
70014,Indirect,2024,49,2,0.03
70014,Store,2024,49,1,0.13
70014,Ecom,2024,50,5,0.19
70014,Indirect,2024,50,3,0.17
70014,Store,2024,50,2,0.06
70014,Ecom,2024,51,4,0.19
70014,Indirect,2024,51,2,0.18
70014,Store,2024,51,1,0.19
70014,Ecom,2024,52,4,0.16
70014,Indirect,2024,52,2,0.14
70014,Store,2024,52,1,0.08
70014,Ecom,2025,1,4,0.19
70014,Indirect,2025,1,2,0.11
70014,Store,2025,1,1,0.01
70014,Ecom,2025,2,3,0.17
70014,Indirect,2025,2,2,0.14
70014,Store,2025,2,1,0.1
70014,Ecom,2025,3,5,0.15
70014,Indirect,2025,3,3,0.04
70014,Store,2025,3,2,0.14
70014,Ecom,2025,4,4,0.0
70014,Indirect,2025,4,2,0.19
70014,Store,2025,4,1,0.09
70014,Ecom,2025,5,4,0.0
70014,Indirect,2025,5,2,0.06
70014,Store,2025,5,1,0.06
70014,Ecom,2025,6,3,0.13
70014,Indirect,2025,6,1,0.16
70014,Store,2025,6,1,0.13
70014,Ecom,2025,7,4,0.02
70014,Indirect,2025,7,2,0.06
70014,Store,2025,7,1,0.08
70014,Ecom,2025,8,4,0.15
70014,Indirect,2025,8,2,0.2
70014,Store,2025,8,1,0.17
70014,Ecom,2025,9,4,0.15
70014,Indirect,2025,9,2,0.16
70014,Store,2025,9,1,0.1
70014,Ecom,2025,10,4,0.17
70014,Indirect,2025,10,2,0.17
70014,Store,2025,10,1,0.03
70014,Ecom,2025,11,2,0.14
70014,Indirect,2025,11,1,0.16
70014,Store,2025,11,1,0.04
70014,Ecom,2025,12,4,0.15
70014,Indirect,2025,12,2,0.03
70014,Store,2025,12,1,0.03
70014,Ecom,2025,13,4,0.12
70014,Indirect,2025,13,2,0.03
70014,Store,2025,13,1,0.18
70014,Ecom,2025,14,3,0.17
70014,Indirect,2025,14,1,0.19
70014,Store,2025,14,1,0.02
70014,Ecom,2025,15,4,0.11
70014,Indirect,2025,15,2,0.18
70014,Store,2025,15,1,0.09
70014,Ecom,2025,16,3,0.05
70014,Indirect,2025,16,2,0.17
70014,Store,2025,16,1,0.06
70014,Ecom,2025,17,4,0.01
70014,Indirect,2025,17,2,0.18
70014,Store,2025,17,1,0.0
70014,Ecom,2025,18,4,0.19
70014,Indirect,2025,18,2,0.06
70014,Store,2025,18,1,0.12
70014,Ecom,2025,19,3,0.01
70014,Indirect,2025,19,2,0.17
70014,Store,2025,19,1,0.1
70014,Ecom,2025,20,4,0.01
70014,Indirect,2025,20,2,0.03
70014,Store,2025,20,1,0.05
70014,Ecom,2025,21,4,0.0
70014,Indirect,2025,21,2,0.0
70014,Store,2025,21,1,0.08
70014,Ecom,2025,22,3,0.17
70014,Indirect,2025,22,2,0.17
70014,Store,2025,22,1,0.05
70014,Ecom,2025,23,4,0.07
70014,Indirect,2025,23,2,0.15
70014,Store,2025,23,1,0.13
70014,Ecom,2025,24,2,0.09
70014,Indirect,2025,24,1,0.08
70014,Store,2025,24,1,0.09
70014,Ecom,2025,25,4,0.14
70014,Indirect,2025,25,2,0.08
70014,Store,2025,25,1,0.1
70014,Ecom,2025,26,4,0.14
70014,Indirect,2025,26,2,0.04
70014,Store,2025,26,1,0.03
70014,Ecom,2025,27,3,0.19
70014,Indirect,2025,27,1,0.08
70014,Store,2025,27,1,0.18
70014,Ecom,2025,28,5,0.14
70014,Indirect,2025,28,3,0.07
70014,Store,2025,28,2,0.15
70014,Ecom,2025,29,4,0.19
70014,Indirect,2025,29,2,0.1
70014,Store,2025,29,1,0.13
70014,Ecom,2025,30,4,0.13
70014,Indirect,2025,30,2,0.04
70014,Store,2025,30,1,0.11
70014,Ecom,2025,31,3,0.14
70014,Indirect,2025,31,2,0.15
70014,Store,2025,31,1,0.04
70014,Ecom,2025,32,3,0.05
70014,Indirect,2025,32,2,0.19
70014,Store,2025,32,1,0.1
70014,Ecom,2025,33,3,0.19
70014,Indirect,2025,33,2,0.16
70014,Store,2025,33,1,0.17
70014,Ecom,2025,34,4,0.03
70014,Indirect,2025,34,2,0.07
70014,Store,2025,34,1,0.02
70014,Ecom,2025,35,3,0.09
70014,Indirect,2025,35,2,0.1
70014,Store,2025,35,1,0.2
70014,Ecom,2025,36,4,0.03
70014,Indirect,2025,36,2,0.04
70014,Store,2025,36,1,0.14
70014,Ecom,2025,37,4,0.08
70014,Indirect,2025,37,2,0.1
70014,Store,2025,37,1,0.08
70014,Ecom,2025,38,4,0.12
70014,Indirect,2025,38,2,0.01
70014,Store,2025,38,1,0.1
70014,Ecom,2025,39,3,0.12
70014,Indirect,2025,39,1,0.09
70014,Store,2025,39,1,0.15
70014,Ecom,2025,40,5,0.15
70014,Indirect,2025,40,3,0.12
70014,Store,2025,40,2,0.1
70014,Ecom,2025,41,3,0.15
70014,Indirect,2025,41,1,0.04
70014,Store,2025,41,1,0.08
70014,Ecom,2025,42,4,0.05
70014,Indirect,2025,42,2,0.17
70014,Store,2025,42,1,0.11
70014,Ecom,2025,43,5,0.0
70014,Indirect,2025,43,3,0.09
70014,Store,2025,43,2,0.06
70014,Ecom,2025,44,4,0.13
70014,Indirect,2025,44,2,0.12
70014,Store,2025,44,1,0.19
70014,Ecom,2025,45,3,0.07
70014,Indirect,2025,45,2,0.15
70014,Store,2025,45,1,0.11
70014,Ecom,2025,46,3,0.18
70014,Indirect,2025,46,1,0.05
70014,Store,2025,46,1,0.01
70014,Ecom,2025,47,4,0.18
70014,Indirect,2025,47,2,0.17
70014,Store,2025,47,1,0.16
70014,Ecom,2025,48,4,0.1
70014,Indirect,2025,48,2,0.06
70014,Store,2025,48,1,0.03
70014,Ecom,2025,49,3,0.17
70014,Indirect,2025,49,2,0.11
70014,Store,2025,49,1,0.2
70014,Ecom,2025,50,4,0.11
70014,Indirect,2025,50,2,0.12
70014,Store,2025,50,1,0.08
70014,Ecom,2025,51,4,0.17
70014,Indirect,2025,51,2,0.04
70014,Store,2025,51,1,0.18
70014,Ecom,2025,52,4,0.07
70014,Indirect,2025,52,2,0.15
70014,Store,2025,52,1,0.08
70015,Ecom,2024,1,5,0.1
70015,Indirect,2024,1,3,0.13
70015,Store,2024,1,2,0.18
70015,Ecom,2024,2,6,0.1
70015,Indirect,2024,2,3,0.08
70015,Store,2024,2,2,0.14
70015,Ecom,2024,3,5,0.02
70015,Indirect,2024,3,3,0.1
70015,Store,2024,3,2,0.06
70015,Ecom,2024,4,5,0.03
70015,Indirect,2024,4,3,0.06
70015,Store,2024,4,2,0.05
70015,Ecom,2024,5,4,0.11
70015,Indirect,2024,5,2,0.17
70015,Store,2024,5,1,0.13
70015,Ecom,2024,6,5,0.15
70015,Indirect,2024,6,3,0.08
70015,Store,2024,6,2,0.09
70015,Ecom,2024,7,5,0.04
70015,Indirect,2024,7,3,0.15
70015,Store,2024,7,2,0.18
70015,Ecom,2024,8,6,0.01
70015,Indirect,2024,8,3,0.18
70015,Store,2024,8,2,0.04
70015,Ecom,2024,9,4,0.12
70015,Indirect,2024,9,2,0.07
70015,Store,2024,9,1,0.04
70015,Ecom,2024,10,5,0.11
70015,Indirect,2024,10,3,0.11
70015,Store,2024,10,2,0.1
70015,Ecom,2024,11,5,0.16
70015,Indirect,2024,11,3,0.14
70015,Store,2024,11,2,0.14
70015,Ecom,2024,12,6,0.09
70015,Indirect,2024,12,3,0.13
70015,Store,2024,12,2,0.02
70015,Ecom,2024,13,3,0.09
70015,Indirect,2024,13,2,0.14
70015,Store,2024,13,1,0.05
70015,Ecom,2024,14,6,0.06
70015,Indirect,2024,14,3,0.1
70015,Store,2024,14,2,0.09
70015,Ecom,2024,15,6,0.03
70015,Indirect,2024,15,3,0.05
70015,Store,2024,15,2,0.13
70015,Ecom,2024,16,4,0.07
70015,Indirect,2024,16,2,0.03
70015,Store,2024,16,1,0.18
70015,Ecom,2024,17,5,0.12
70015,Indirect,2024,17,3,0.05
70015,Store,2024,17,2,0.19
70015,Ecom,2024,18,3,0.14
70015,Indirect,2024,18,2,0.01
70015,Store,2024,18,1,0.11
70015,Ecom,2024,19,4,0.19
70015,Indirect,2024,19,2,0.09
70015,Store,2024,19,1,0.17
70015,Ecom,2024,20,3,0.05
70015,Indirect,2024,20,2,0.2
70015,Store,2024,20,1,0.07
70015,Ecom,2024,21,3,0.05
70015,Indirect,2024,21,2,0.07
70015,Store,2024,21,1,0.11
70015,Ecom,2024,22,4,0.06
70015,Indirect,2024,22,2,0.09
70015,Store,2024,22,1,0.09
70015,Ecom,2024,23,4,0.1
70015,Indirect,2024,23,2,0.12
70015,Store,2024,23,1,0.11
70015,Ecom,2024,24,5,0.09
70015,Indirect,2024,24,3,0.04
70015,Store,2024,24,2,0.19
70015,Ecom,2024,25,4,0.06
70015,Indirect,2024,25,2,0.08
70015,Store,2024,25,1,0.08
70015,Ecom,2024,26,4,0.17
70015,Indirect,2024,26,2,0.06
70015,Store,2024,26,1,0.11
70015,Ecom,2024,27,5,0.03
70015,Indirect,2024,27,3,0.09
70015,Store,2024,27,2,0.03
70015,Ecom,2024,28,5,0.15
70015,Indirect,2024,28,3,0.17
70015,Store,2024,28,2,0.19
70015,Ecom,2024,29,3,0.09
70015,Indirect,2024,29,2,0.13
70015,Store,2024,29,1,0.07
70015,Ecom,2024,30,6,0.1
70015,Indirect,2024,30,3,0.17
70015,Store,2024,30,2,0.01
70015,Ecom,2024,31,4,0.14
70015,Indirect,2024,31,2,0.17
70015,Store,2024,31,1,0.1
70015,Ecom,2024,32,6,0.15
70015,Indirect,2024,32,3,0.08
70015,Store,2024,32,2,0.14
70015,Ecom,2024,33,5,0.02
70015,Indirect,2024,33,3,0.18
70015,Store,2024,33,2,0.17
70015,Ecom,2024,34,6,0.05
70015,Indirect,2024,34,3,0.16
70015,Store,2024,34,2,0.01
70015,Ecom,2024,35,5,0.06
70015,Indirect,2024,35,3,0.1
70015,Store,2024,35,2,0.08
70015,Ecom,2024,36,5,0.09
70015,Indirect,2024,36,3,0.15
70015,Store,2024,36,2,0.13
70015,Ecom,2024,37,4,0.04
70015,Indirect,2024,37,2,0.05
70015,Store,2024,37,1,0.07
70015,Ecom,2024,38,4,0.1
70015,Indirect,2024,38,2,0.15
70015,Store,2024,38,1,0.2
70015,Ecom,2024,39,4,0.06
70015,Indirect,2024,39,2,0.1
70015,Store,2024,39,1,0.0
70015,Ecom,2024,40,5,0.01
70015,Indirect,2024,40,3,0.12
70015,Store,2024,40,2,0.12
70015,Ecom,2024,41,4,0.2
70015,Indirect,2024,41,2,0.06
70015,Store,2024,41,1,0.0
70015,Ecom,2024,42,3,0.05
70015,Indirect,2024,42,2,0.15
70015,Store,2024,42,1,0.15
70015,Ecom,2024,43,4,0.18
70015,Indirect,2024,43,2,0.03
70015,Store,2024,43,1,0.05
70015,Ecom,2024,44,5,0.11
70015,Indirect,2024,44,3,0.16
70015,Store,2024,44,2,0.06
70015,Ecom,2024,45,6,0.13
70015,Indirect,2024,45,3,0.14
70015,Store,2024,45,2,0.11
70015,Ecom,2024,46,4,0.11
70015,Indirect,2024,46,2,0.19
70015,Store,2024,46,1,0.0
70015,Ecom,2024,47,4,0.06
70015,Indirect,2024,47,2,0.05
70015,Store,2024,47,1,0.15
70015,Ecom,2024,48,5,0.03
70015,Indirect,2024,48,3,0.14
70015,Store,2024,48,2,0.18
70015,Ecom,2024,49,3,0.0
70015,Indirect,2024,49,2,0.12
70015,Store,2024,49,1,0.18
70015,Ecom,2024,50,5,0.1
70015,Indirect,2024,50,3,0.08
70015,Store,2024,50,2,0.11
70015,Ecom,2024,51,6,0.12
70015,Indirect,2024,51,3,0.15
70015,Store,2024,51,2,0.09
70015,Ecom,2024,52,6,0.15
70015,Indirect,2024,52,3,0.1
70015,Store,2024,52,2,0.06
70015,Ecom,2025,1,4,0.2
70015,Indirect,2025,1,2,0.13
70015,Store,2025,1,1,0.01
70015,Ecom,2025,2,5,0.09
70015,Indirect,2025,2,3,0.12
70015,Store,2025,2,2,0.06
70015,Ecom,2025,3,6,0.1
70015,Indirect,2025,3,3,0.17
70015,Store,2025,3,2,0.05
70015,Ecom,2025,4,6,0.11
70015,Indirect,2025,4,3,0.11
70015,Store,2025,4,2,0.09
70015,Ecom,2025,5,6,0.11
70015,Indirect,2025,5,3,0.11
70015,Store,2025,5,2,0.07
70015,Ecom,2025,6,5,0.05
70015,Indirect,2025,6,3,0.09
70015,Store,2025,6,2,0.05
70015,Ecom,2025,7,3,0.07
70015,Indirect,2025,7,2,0.01
70015,Store,2025,7,1,0.13
70015,Ecom,2025,8,3,0.18
70015,Indirect,2025,8,2,0.06
70015,Store,2025,8,1,0.05
70015,Ecom,2025,9,5,0.06
70015,Indirect,2025,9,3,0.14
70015,Store,2025,9,2,0.06
70015,Ecom,2025,10,6,0.01
70015,Indirect,2025,10,3,0.01
70015,Store,2025,10,2,0.18
70015,Ecom,2025,11,5,0.05
70015,Indirect,2025,11,3,0.13
70015,Store,2025,11,2,0.07
70015,Ecom,2025,12,5,0.05
70015,Indirect,2025,12,3,0.11
70015,Store,2025,12,2,0.13
70015,Ecom,2025,13,6,0.05
70015,Indirect,2025,13,3,0.11
70015,Store,2025,13,2,0.11
70015,Ecom,2025,14,6,0.1
70015,Indirect,2025,14,3,0.17
70015,Store,2025,14,2,0.18
70015,Ecom,2025,15,4,0.08
70015,Indirect,2025,15,2,0.19
70015,Store,2025,15,1,0.12
70015,Ecom,2025,16,5,0.16
70015,Indirect,2025,16,3,0.12
70015,Store,2025,16,2,0.1
70015,Ecom,2025,17,5,0.05
70015,Indirect,2025,17,3,0.08
70015,Store,2025,17,2,0.0
70015,Ecom,2025,18,5,0.16
70015,Indirect,2025,18,3,0.15
70015,Store,2025,18,2,0.19
70015,Ecom,2025,19,5,0.02
70015,Indirect,2025,19,3,0.06
70015,Store,2025,19,2,0.18
70015,Ecom,2025,20,3,0.18
70015,Indirect,2025,20,2,0.16
70015,Store,2025,20,1,0.03
70015,Ecom,2025,21,4,0.15
70015,Indirect,2025,21,2,0.13
70015,Store,2025,21,1,0.01
70015,Ecom,2025,22,5,0.04
70015,Indirect,2025,22,3,0.17
70015,Store,2025,22,2,0.11
70015,Ecom,2025,23,3,0.08
70015,Indirect,2025,23,2,0.0
70015,Store,2025,23,1,0.18
70015,Ecom,2025,24,6,0.14
70015,Indirect,2025,24,3,0.0
70015,Store,2025,24,2,0.19
70015,Ecom,2025,25,4,0.13
70015,Indirect,2025,25,2,0.15
70015,Store,2025,25,1,0.11
70015,Ecom,2025,26,4,0.05
70015,Indirect,2025,26,2,0.15
70015,Store,2025,26,1,0.02
70015,Ecom,2025,27,4,0.19
70015,Indirect,2025,27,2,0.08
70015,Store,2025,27,1,0.03
70015,Ecom,2025,28,5,0.07
70015,Indirect,2025,28,3,0.16
70015,Store,2025,28,2,0.07
70015,Ecom,2025,29,6,0.17
70015,Indirect,2025,29,3,0.04
70015,Store,2025,29,2,0.11
70015,Ecom,2025,30,5,0.02
70015,Indirect,2025,30,3,0.18
70015,Store,2025,30,2,0.07
70015,Ecom,2025,31,5,0.01
70015,Indirect,2025,31,3,0.19
70015,Store,2025,31,2,0.2
70015,Ecom,2025,32,5,0.03
70015,Indirect,2025,32,3,0.13
70015,Store,2025,32,2,0.09
70015,Ecom,2025,33,5,0.04
70015,Indirect,2025,33,3,0.03
70015,Store,2025,33,2,0.17
70015,Ecom,2025,34,5,0.15
70015,Indirect,2025,34,3,0.15
70015,Store,2025,34,2,0.08
70015,Ecom,2025,35,5,0.06
70015,Indirect,2025,35,3,0.13
70015,Store,2025,35,2,0.09
70015,Ecom,2025,36,6,0.06
70015,Indirect,2025,36,3,0.08
70015,Store,2025,36,2,0.02
70015,Ecom,2025,37,3,0.04
70015,Indirect,2025,37,2,0.0
70015,Store,2025,37,1,0.08
70015,Ecom,2025,38,4,0.18
70015,Indirect,2025,38,2,0.01
70015,Store,2025,38,1,0.2
70015,Ecom,2025,39,3,0.17
70015,Indirect,2025,39,2,0.07
70015,Store,2025,39,1,0.05
70015,Ecom,2025,40,5,0.07
70015,Indirect,2025,40,3,0.0
70015,Store,2025,40,2,0.03
70015,Ecom,2025,41,5,0.14
70015,Indirect,2025,41,3,0.2
70015,Store,2025,41,2,0.05
70015,Ecom,2025,42,6,0.07
70015,Indirect,2025,42,3,0.1
70015,Store,2025,42,2,0.06
70015,Ecom,2025,43,4,0.18
70015,Indirect,2025,43,2,0.05
70015,Store,2025,43,1,0.08
70015,Ecom,2025,44,6,0.09
70015,Indirect,2025,44,3,0.16
70015,Store,2025,44,2,0.11
70015,Ecom,2025,45,4,0.14
70015,Indirect,2025,45,2,0.13
70015,Store,2025,45,1,0.08
70015,Ecom,2025,46,6,0.02
70015,Indirect,2025,46,3,0.17
70015,Store,2025,46,2,0.14
70015,Ecom,2025,47,5,0.09
70015,Indirect,2025,47,3,0.15
70015,Store,2025,47,2,0.01
70015,Ecom,2025,48,5,0.17
70015,Indirect,2025,48,3,0.08
70015,Store,2025,48,2,0.15
70015,Ecom,2025,49,5,0.1
70015,Indirect,2025,49,3,0.15
70015,Store,2025,49,2,0.1
70015,Ecom,2025,50,4,0.1
70015,Indirect,2025,50,2,0.15
70015,Store,2025,50,1,0.03
70015,Ecom,2025,51,5,0.17
70015,Indirect,2025,51,3,0.0
70015,Store,2025,51,2,0.17
70015,Ecom,2025,52,4,0.07
70015,Indirect,2025,52,2,0.14
70015,Store,2025,52,1,0.11
70016,Ecom,2024,1,4,0.03
70016,Indirect,2024,1,2,0.08
70016,Store,2024,1,1,0.18
70016,Ecom,2024,2,6,0.14
70016,Indirect,2024,2,3,0.14
70016,Store,2024,2,2,0.14
70016,Ecom,2024,3,6,0.03
70016,Indirect,2024,3,3,0.03
70016,Store,2024,3,2,0.17
70016,Ecom,2024,4,3,0.1
70016,Indirect,2024,4,2,0.08
70016,Store,2024,4,1,0.18
70016,Ecom,2024,5,5,0.05
70016,Indirect,2024,5,3,0.01
70016,Store,2024,5,2,0.09
70016,Ecom,2024,6,5,0.09
70016,Indirect,2024,6,3,0.12
70016,Store,2024,6,2,0.01
70016,Ecom,2024,7,4,0.17
70016,Indirect,2024,7,2,0.06
70016,Store,2024,7,1,0.04
70016,Ecom,2024,8,4,0.19
70016,Indirect,2024,8,2,0.17
70016,Store,2024,8,1,0.08
70016,Ecom,2024,9,4,0.07
70016,Indirect,2024,9,2,0.18
70016,Store,2024,9,1,0.18
70016,Ecom,2024,10,6,0.17
70016,Indirect,2024,10,3,0.14
70016,Store,2024,10,2,0.02
70016,Ecom,2024,11,6,0.03
70016,Indirect,2024,11,3,0.15
70016,Store,2024,11,2,0.07
70016,Ecom,2024,12,3,0.13
70016,Indirect,2024,12,2,0.05
70016,Store,2024,12,1,0.18
70016,Ecom,2024,13,4,0.13
70016,Indirect,2024,13,2,0.09
70016,Store,2024,13,1,0.01
70016,Ecom,2024,14,4,0.06
70016,Indirect,2024,14,2,0.15
70016,Store,2024,14,1,0.15
70016,Ecom,2024,15,6,0.03
70016,Indirect,2024,15,3,0.04
70016,Store,2024,15,2,0.07
70016,Ecom,2024,16,4,0.04
70016,Indirect,2024,16,2,0.15
70016,Store,2024,16,1,0.0
70016,Ecom,2024,17,5,0.03
70016,Indirect,2024,17,3,0.06
70016,Store,2024,17,2,0.06
70016,Ecom,2024,18,5,0.19
70016,Indirect,2024,18,3,0.15
70016,Store,2024,18,2,0.09
70016,Ecom,2024,19,6,0.05
70016,Indirect,2024,19,3,0.04
70016,Store,2024,19,2,0.13
70016,Ecom,2024,20,6,0.14
70016,Indirect,2024,20,3,0.1
70016,Store,2024,20,2,0.14
70016,Ecom,2024,21,4,0.19
70016,Indirect,2024,21,2,0.15
70016,Store,2024,21,1,0.16
70016,Ecom,2024,22,5,0.18
70016,Indirect,2024,22,3,0.09
70016,Store,2024,22,2,0.19
70016,Ecom,2024,23,5,0.19
70016,Indirect,2024,23,3,0.06
70016,Store,2024,23,2,0.1
70016,Ecom,2024,24,5,0.11
70016,Indirect,2024,24,3,0.17
70016,Store,2024,24,2,0.17
70016,Ecom,2024,25,4,0.14
70016,Indirect,2024,25,2,0.11
70016,Store,2024,25,1,0.08
70016,Ecom,2024,26,4,0.18
70016,Indirect,2024,26,2,0.2
70016,Store,2024,26,1,0.14
70016,Ecom,2024,27,5,0.02
70016,Indirect,2024,27,3,0.06
70016,Store,2024,27,2,0.07
70016,Ecom,2024,28,3,0.08
70016,Indirect,2024,28,2,0.07
70016,Store,2024,28,1,0.08
70016,Ecom,2024,29,3,0.03
70016,Indirect,2024,29,2,0.19
70016,Store,2024,29,1,0.11
70016,Ecom,2024,30,4,0.09
70016,Indirect,2024,30,2,0.07
70016,Store,2024,30,1,0.1
70016,Ecom,2024,31,4,0.15
70016,Indirect,2024,31,2,0.19
70016,Store,2024,31,1,0.13
70016,Ecom,2024,32,6,0.16
70016,Indirect,2024,32,3,0.11
70016,Store,2024,32,2,0.1
70016,Ecom,2024,33,5,0.07
70016,Indirect,2024,33,3,0.02
70016,Store,2024,33,2,0.09
70016,Ecom,2024,34,6,0.13
70016,Indirect,2024,34,3,0.01
70016,Store,2024,34,2,0.17
70016,Ecom,2024,35,3,0.1
70016,Indirect,2024,35,2,0.04
70016,Store,2024,35,1,0.06
70016,Ecom,2024,36,4,0.12
70016,Indirect,2024,36,2,0.14
70016,Store,2024,36,1,0.18
70016,Ecom,2024,37,5,0.01
70016,Indirect,2024,37,3,0.01
70016,Store,2024,37,2,0.02
70016,Ecom,2024,38,4,0.04
70016,Indirect,2024,38,2,0.06
70016,Store,2024,38,1,0.03
70016,Ecom,2024,39,6,0.07
70016,Indirect,2024,39,3,0.1
70016,Store,2024,39,2,0.16
70016,Ecom,2024,40,4,0.1
70016,Indirect,2024,40,2,0.01
70016,Store,2024,40,1,0.1
70016,Ecom,2024,41,6,0.11
70016,Indirect,2024,41,3,0.06
70016,Store,2024,41,2,0.13
70016,Ecom,2024,42,5,0.1
70016,Indirect,2024,42,3,0.13
70016,Store,2024,42,2,0.14
70016,Ecom,2024,43,6,0.2
70016,Indirect,2024,43,3,0.19
70016,Store,2024,43,2,0.16
70016,Ecom,2024,44,5,0.16
70016,Indirect,2024,44,3,0.04
70016,Store,2024,44,2,0.04
70016,Ecom,2024,45,6,0.09
70016,Indirect,2024,45,3,0.0
70016,Store,2024,45,2,0.15
70016,Ecom,2024,46,4,0.05
70016,Indirect,2024,46,2,0.18
70016,Store,2024,46,1,0.04
70016,Ecom,2024,47,6,0.05
70016,Indirect,2024,47,3,0.16
70016,Store,2024,47,2,0.08
70016,Ecom,2024,48,5,0.14
70016,Indirect,2024,48,3,0.14
70016,Store,2024,48,2,0.04
70016,Ecom,2024,49,5,0.03
70016,Indirect,2024,49,3,0.05
70016,Store,2024,49,2,0.16
70016,Ecom,2024,50,4,0.08
70016,Indirect,2024,50,2,0.02
70016,Store,2024,50,1,0.12
70016,Ecom,2024,51,4,0.07
70016,Indirect,2024,51,2,0.2
70016,Store,2024,51,1,0.09
70016,Ecom,2024,52,5,0.01
70016,Indirect,2024,52,3,0.05
70016,Store,2024,52,2,0.02
70016,Ecom,2025,1,5,0.03
70016,Indirect,2025,1,3,0.04
70016,Store,2025,1,2,0.03
70016,Ecom,2025,2,5,0.13
70016,Indirect,2025,2,3,0.06
70016,Store,2025,2,2,0.06
70016,Ecom,2025,3,4,0.11
70016,Indirect,2025,3,2,0.11
70016,Store,2025,3,1,0.03
70016,Ecom,2025,4,4,0.13
70016,Indirect,2025,4,2,0.06
70016,Store,2025,4,1,0.13
70016,Ecom,2025,5,4,0.02
70016,Indirect,2025,5,2,0.01
70016,Store,2025,5,1,0.17
70016,Ecom,2025,6,5,0.0
70016,Indirect,2025,6,3,0.07
70016,Store,2025,6,2,0.13
70016,Ecom,2025,7,4,0.17
70016,Indirect,2025,7,2,0.0
70016,Store,2025,7,1,0.11
70016,Ecom,2025,8,5,0.04
70016,Indirect,2025,8,3,0.2
70016,Store,2025,8,2,0.11
70016,Ecom,2025,9,4,0.15
70016,Indirect,2025,9,2,0.01
70016,Store,2025,9,1,0.14
70016,Ecom,2025,10,6,0.13
70016,Indirect,2025,10,3,0.0
70016,Store,2025,10,2,0.01
70016,Ecom,2025,11,6,0.17
70016,Indirect,2025,11,3,0.05
70016,Store,2025,11,2,0.19
70016,Ecom,2025,12,6,0.02
70016,Indirect,2025,12,3,0.18
70016,Store,2025,12,2,0.0
70016,Ecom,2025,13,4,0.04
70016,Indirect,2025,13,2,0.04
70016,Store,2025,13,1,0.1
70016,Ecom,2025,14,3,0.19
70016,Indirect,2025,14,2,0.04
70016,Store,2025,14,1,0.14
70016,Ecom,2025,15,4,0.18
70016,Indirect,2025,15,2,0.11
70016,Store,2025,15,1,0.1
70016,Ecom,2025,16,6,0.11
70016,Indirect,2025,16,3,0.09
70016,Store,2025,16,2,0.03
70016,Ecom,2025,17,6,0.13
70016,Indirect,2025,17,3,0.09
70016,Store,2025,17,2,0.2
70016,Ecom,2025,18,5,0.15
70016,Indirect,2025,18,3,0.03
70016,Store,2025,18,2,0.07
70016,Ecom,2025,19,5,0.05
70016,Indirect,2025,19,3,0.2
70016,Store,2025,19,2,0.2
70016,Ecom,2025,20,5,0.14
70016,Indirect,2025,20,3,0.05
70016,Store,2025,20,2,0.15
70016,Ecom,2025,21,6,0.09
70016,Indirect,2025,21,3,0.11
70016,Store,2025,21,2,0.13
70016,Ecom,2025,22,4,0.01
70016,Indirect,2025,22,2,0.04
70016,Store,2025,22,1,0.11
70016,Ecom,2025,23,5,0.17
70016,Indirect,2025,23,3,0.05
70016,Store,2025,23,2,0.03
70016,Ecom,2025,24,4,0.03
70016,Indirect,2025,24,2,0.05
70016,Store,2025,24,1,0.1
70016,Ecom,2025,25,5,0.02
70016,Indirect,2025,25,3,0.03
70016,Store,2025,25,2,0.09
70016,Ecom,2025,26,5,0.04
70016,Indirect,2025,26,3,0.13
70016,Store,2025,26,2,0.11
70016,Ecom,2025,27,6,0.19
70016,Indirect,2025,27,3,0.13
70016,Store,2025,27,2,0.02
70016,Ecom,2025,28,5,0.05
70016,Indirect,2025,28,3,0.06
70016,Store,2025,28,2,0.02
70016,Ecom,2025,29,5,0.13
70016,Indirect,2025,29,3,0.05
70016,Store,2025,29,2,0.05
70016,Ecom,2025,30,6,0.11
70016,Indirect,2025,30,3,0.14
70016,Store,2025,30,2,0.05
70016,Ecom,2025,31,6,0.14
70016,Indirect,2025,31,3,0.1
70016,Store,2025,31,2,0.02
70016,Ecom,2025,32,5,0.0
70016,Indirect,2025,32,3,0.04
70016,Store,2025,32,2,0.16
70016,Ecom,2025,33,3,0.04
70016,Indirect,2025,33,2,0.07
70016,Store,2025,33,1,0.19
70016,Ecom,2025,34,4,0.08
70016,Indirect,2025,34,2,0.11
70016,Store,2025,34,1,0.01
70016,Ecom,2025,35,5,0.01
70016,Indirect,2025,35,3,0.06
70016,Store,2025,35,2,0.06
70016,Ecom,2025,36,6,0.09
70016,Indirect,2025,36,3,0.06
70016,Store,2025,36,2,0.07
70016,Ecom,2025,37,4,0.03
70016,Indirect,2025,37,2,0.06
70016,Store,2025,37,1,0.14
70016,Ecom,2025,38,4,0.05
70016,Indirect,2025,38,2,0.01
70016,Store,2025,38,1,0.16
70016,Ecom,2025,39,4,0.05
70016,Indirect,2025,39,2,0.17
70016,Store,2025,39,1,0.19
70016,Ecom,2025,40,5,0.01
70016,Indirect,2025,40,3,0.17
70016,Store,2025,40,2,0.15
70016,Ecom,2025,41,3,0.06
70016,Indirect,2025,41,2,0.17
70016,Store,2025,41,1,0.1
70016,Ecom,2025,42,4,0.2
70016,Indirect,2025,42,2,0.04
70016,Store,2025,42,1,0.04
70016,Ecom,2025,43,5,0.2
70016,Indirect,2025,43,3,0.14
70016,Store,2025,43,2,0.0
70016,Ecom,2025,44,3,0.04
70016,Indirect,2025,44,2,0.13
70016,Store,2025,44,1,0.19
70016,Ecom,2025,45,4,0.13
70016,Indirect,2025,45,2,0.14
70016,Store,2025,45,1,0.01
70016,Ecom,2025,46,6,0.06
70016,Indirect,2025,46,3,0.07
70016,Store,2025,46,2,0.16
70016,Ecom,2025,47,5,0.13
70016,Indirect,2025,47,3,0.01
70016,Store,2025,47,2,0.12
70016,Ecom,2025,48,4,0.16
70016,Indirect,2025,48,2,0.15
70016,Store,2025,48,1,0.13
70016,Ecom,2025,49,5,0.2
70016,Indirect,2025,49,3,0.17
70016,Store,2025,49,2,0.14
70016,Ecom,2025,50,4,0.0
70016,Indirect,2025,50,2,0.2
70016,Store,2025,50,1,0.01
70016,Ecom,2025,51,3,0.12
70016,Indirect,2025,51,2,0.2
70016,Store,2025,51,1,0.09
70016,Ecom,2025,52,4,0.0
70016,Indirect,2025,52,2,0.03
70016,Store,2025,52,1,0.07
70017,Ecom,2024,1,3,0.05
70017,Indirect,2024,1,2,0.18
70017,Store,2024,1,1,0.2
70017,Ecom,2024,2,5,0.04
70017,Indirect,2024,2,3,0.14
70017,Store,2024,2,2,0.03
70017,Ecom,2024,3,3,0.1
70017,Indirect,2024,3,2,0.06
70017,Store,2024,3,1,0.16
70017,Ecom,2024,4,3,0.16
70017,Indirect,2024,4,1,0.15
70017,Store,2024,4,1,0.13
70017,Ecom,2024,5,2,0.02
70017,Indirect,2024,5,1,0.16
70017,Store,2024,5,1,0.19
70017,Ecom,2024,6,3,0.13
70017,Indirect,2024,6,1,0.15
70017,Store,2024,6,1,0.17
70017,Ecom,2024,7,3,0.04
70017,Indirect,2024,7,1,0.01
70017,Store,2024,7,1,0.14
70017,Ecom,2024,8,3,0.14
70017,Indirect,2024,8,2,0.03
70017,Store,2024,8,1,0.13
70017,Ecom,2024,9,3,0.09
70017,Indirect,2024,9,1,0.12
70017,Store,2024,9,1,0.19
70017,Ecom,2024,10,3,0.16
70017,Indirect,2024,10,1,0.01
70017,Store,2024,10,1,0.04
70017,Ecom,2024,11,4,0.02
70017,Indirect,2024,11,2,0.17
70017,Store,2024,11,1,0.18
70017,Ecom,2024,12,3,0.14
70017,Indirect,2024,12,1,0.13
70017,Store,2024,12,1,0.2
70017,Ecom,2024,13,3,0.07
70017,Indirect,2024,13,2,0.18
70017,Store,2024,13,1,0.05
70017,Ecom,2024,14,4,0.07
70017,Indirect,2024,14,2,0.08
70017,Store,2024,14,1,0.17
70017,Ecom,2024,15,4,0.04
70017,Indirect,2024,15,2,0.13
70017,Store,2024,15,1,0.2
70017,Ecom,2024,16,3,0.11
70017,Indirect,2024,16,2,0.13
70017,Store,2024,16,1,0.14
70017,Ecom,2024,17,3,0.08
70017,Indirect,2024,17,2,0.04
70017,Store,2024,17,1,0.13
70017,Ecom,2024,18,3,0.16
70017,Indirect,2024,18,2,0.01
70017,Store,2024,18,1,0.15
70017,Ecom,2024,19,3,0.17
70017,Indirect,2024,19,1,0.16
70017,Store,2024,19,1,0.07
70017,Ecom,2024,20,3,0.04
70017,Indirect,2024,20,1,0.04
70017,Store,2024,20,1,0.2
70017,Ecom,2024,21,4,0.0
70017,Indirect,2024,21,2,0.0
70017,Store,2024,21,1,0.11
70017,Ecom,2024,22,3,0.11
70017,Indirect,2024,22,2,0.17
70017,Store,2024,22,1,0.17
70017,Ecom,2024,23,3,0.19
70017,Indirect,2024,23,1,0.09
70017,Store,2024,23,1,0.09
70017,Ecom,2024,24,3,0.05
70017,Indirect,2024,24,1,0.04
70017,Store,2024,24,1,0.06
70017,Ecom,2024,25,4,0.05
70017,Indirect,2024,25,2,0.05
70017,Store,2024,25,1,0.02
70017,Ecom,2024,26,2,0.18
70017,Indirect,2024,26,1,0.09
70017,Store,2024,26,1,0.09
70017,Ecom,2024,27,3,0.2
70017,Indirect,2024,27,1,0.0
70017,Store,2024,27,1,0.16
70017,Ecom,2024,28,2,0.06
70017,Indirect,2024,28,1,0.1
70017,Store,2024,28,1,0.09
70017,Ecom,2024,29,4,0.11
70017,Indirect,2024,29,2,0.14
70017,Store,2024,29,1,0.01
70017,Ecom,2024,30,3,0.05
70017,Indirect,2024,30,2,0.1
70017,Store,2024,30,1,0.08
70017,Ecom,2024,31,3,0.03
70017,Indirect,2024,31,1,0.01
70017,Store,2024,31,1,0.01
70017,Ecom,2024,32,4,0.19
70017,Indirect,2024,32,2,0.12
70017,Store,2024,32,1,0.04
70017,Ecom,2024,33,4,0.1
70017,Indirect,2024,33,2,0.06
70017,Store,2024,33,1,0.16
70017,Ecom,2024,34,3,0.06
70017,Indirect,2024,34,1,0.01
70017,Store,2024,34,1,0.05
70017,Ecom,2024,35,5,0.1
70017,Indirect,2024,35,3,0.15
70017,Store,2024,35,2,0.1
70017,Ecom,2024,36,3,0.07
70017,Indirect,2024,36,1,0.1
70017,Store,2024,36,1,0.06
70017,Ecom,2024,37,4,0.01
70017,Indirect,2024,37,2,0.08
70017,Store,2024,37,1,0.02
70017,Ecom,2024,38,3,0.11
70017,Indirect,2024,38,2,0.18
70017,Store,2024,38,1,0.17
70017,Ecom,2024,39,4,0.09
70017,Indirect,2024,39,2,0.06
70017,Store,2024,39,1,0.17
70017,Ecom,2024,40,3,0.08
70017,Indirect,2024,40,1,0.01
70017,Store,2024,40,1,0.16
70017,Ecom,2024,41,4,0.19
70017,Indirect,2024,41,2,0.04
70017,Store,2024,41,1,0.17
70017,Ecom,2024,42,4,0.11
70017,Indirect,2024,42,2,0.09
70017,Store,2024,42,1,0.16
70017,Ecom,2024,43,3,0.19
70017,Indirect,2024,43,2,0.19
70017,Store,2024,43,1,0.07
70017,Ecom,2024,44,4,0.09
70017,Indirect,2024,44,2,0.18
70017,Store,2024,44,1,0.17
70017,Ecom,2024,45,3,0.07
70017,Indirect,2024,45,2,0.06
70017,Store,2024,45,1,0.13
70017,Ecom,2024,46,4,0.12
70017,Indirect,2024,46,2,0.1
70017,Store,2024,46,1,0.13
70017,Ecom,2024,47,2,0.1
70017,Indirect,2024,47,1,0.14
70017,Store,2024,47,1,0.15
70017,Ecom,2024,48,4,0.05
70017,Indirect,2024,48,2,0.19
70017,Store,2024,48,1,0.19
70017,Ecom,2024,49,4,0.16
70017,Indirect,2024,49,2,0.04
70017,Store,2024,49,1,0.04
70017,Ecom,2024,50,3,0.11
70017,Indirect,2024,50,1,0.18
70017,Store,2024,50,1,0.07
70017,Ecom,2024,51,5,0.17
70017,Indirect,2024,51,3,0.01
70017,Store,2024,51,2,0.01
70017,Ecom,2024,52,5,0.1
70017,Indirect,2024,52,3,0.16
70017,Store,2024,52,2,0.17
70017,Ecom,2025,1,3,0.0
70017,Indirect,2025,1,2,0.17
70017,Store,2025,1,1,0.19
70017,Ecom,2025,2,3,0.13
70017,Indirect,2025,2,2,0.0
70017,Store,2025,2,1,0.19
70017,Ecom,2025,3,4,0.2
70017,Indirect,2025,3,2,0.14
70017,Store,2025,3,1,0.07
70017,Ecom,2025,4,3,0.1
70017,Indirect,2025,4,1,0.17
70017,Store,2025,4,1,0.11
70017,Ecom,2025,5,4,0.04
70017,Indirect,2025,5,2,0.03
70017,Store,2025,5,1,0.05
70017,Ecom,2025,6,3,0.09
70017,Indirect,2025,6,2,0.19
70017,Store,2025,6,1,0.05
70017,Ecom,2025,7,3,0.15
70017,Indirect,2025,7,1,0.19
70017,Store,2025,7,1,0.05
70017,Ecom,2025,8,3,0.08
70017,Indirect,2025,8,2,0.01
70017,Store,2025,8,1,0.02
70017,Ecom,2025,9,4,0.05
70017,Indirect,2025,9,2,0.05
70017,Store,2025,9,1,0.16
70017,Ecom,2025,10,3,0.11
70017,Indirect,2025,10,2,0.13
70017,Store,2025,10,1,0.15
70017,Ecom,2025,11,5,0.19
70017,Indirect,2025,11,3,0.02
70017,Store,2025,11,2,0.15
70017,Ecom,2025,12,2,0.02
70017,Indirect,2025,12,1,0.05
70017,Store,2025,12,1,0.03
70017,Ecom,2025,13,3,0.05
70017,Indirect,2025,13,1,0.16
70017,Store,2025,13,1,0.16
70017,Ecom,2025,14,4,0.11
70017,Indirect,2025,14,2,0.15
70017,Store,2025,14,1,0.12
70017,Ecom,2025,15,2,0.09
70017,Indirect,2025,15,1,0.04
70017,Store,2025,15,1,0.09
70017,Ecom,2025,16,5,0.04
70017,Indirect,2025,16,3,0.06
70017,Store,2025,16,2,0.12
70017,Ecom,2025,17,4,0.06
70017,Indirect,2025,17,2,0.08
70017,Store,2025,17,1,0.1
70017,Ecom,2025,18,5,0.01
70017,Indirect,2025,18,3,0.18
70017,Store,2025,18,2,0.11
70017,Ecom,2025,19,4,0.08
70017,Indirect,2025,19,2,0.13
70017,Store,2025,19,1,0.0
70017,Ecom,2025,20,3,0.13
70017,Indirect,2025,20,1,0.07
70017,Store,2025,20,1,0.1
70017,Ecom,2025,21,5,0.11
70017,Indirect,2025,21,3,0.13
70017,Store,2025,21,2,0.11
70017,Ecom,2025,22,3,0.2
70017,Indirect,2025,22,1,0.08
70017,Store,2025,22,1,0.0
70017,Ecom,2025,23,3,0.08
70017,Indirect,2025,23,2,0.04
70017,Store,2025,23,1,0.09
70017,Ecom,2025,24,2,0.19
70017,Indirect,2025,24,1,0.1
70017,Store,2025,24,1,0.06
70017,Ecom,2025,25,4,0.12
70017,Indirect,2025,25,2,0.08
70017,Store,2025,25,1,0.16
70017,Ecom,2025,26,3,0.18
70017,Indirect,2025,26,2,0.15
70017,Store,2025,26,1,0.14
70017,Ecom,2025,27,3,0.14
70017,Indirect,2025,27,1,0.2
70017,Store,2025,27,1,0.16
70017,Ecom,2025,28,2,0.06
70017,Indirect,2025,28,1,0.0
70017,Store,2025,28,1,0.13
70017,Ecom,2025,29,4,0.14
70017,Indirect,2025,29,2,0.13
70017,Store,2025,29,1,0.11
70017,Ecom,2025,30,4,0.11
70017,Indirect,2025,30,2,0.16
70017,Store,2025,30,1,0.03
70017,Ecom,2025,31,3,0.13
70017,Indirect,2025,31,2,0.01
70017,Store,2025,31,1,0.11
70017,Ecom,2025,32,4,0.02
70017,Indirect,2025,32,2,0.15
70017,Store,2025,32,1,0.14
70017,Ecom,2025,33,4,0.19
70017,Indirect,2025,33,2,0.13
70017,Store,2025,33,1,0.12
70017,Ecom,2025,34,3,0.09
70017,Indirect,2025,34,2,0.12
70017,Store,2025,34,1,0.07
70017,Ecom,2025,35,4,0.11
70017,Indirect,2025,35,2,0.09
70017,Store,2025,35,1,0.1
70017,Ecom,2025,36,4,0.17
70017,Indirect,2025,36,2,0.16
70017,Store,2025,36,1,0.14
70017,Ecom,2025,37,3,0.0
70017,Indirect,2025,37,1,0.02
70017,Store,2025,37,1,0.02
70017,Ecom,2025,38,4,0.02
70017,Indirect,2025,38,2,0.09
70017,Store,2025,38,1,0.15
70017,Ecom,2025,39,3,0.17
70017,Indirect,2025,39,2,0.07
70017,Store,2025,39,1,0.1
70017,Ecom,2025,40,3,0.03
70017,Indirect,2025,40,1,0.12
70017,Store,2025,40,1,0.02
70017,Ecom,2025,41,3,0.06
70017,Indirect,2025,41,1,0.15
70017,Store,2025,41,1,0.2
70017,Ecom,2025,42,3,0.05
70017,Indirect,2025,42,1,0.19
70017,Store,2025,42,1,0.12
70017,Ecom,2025,43,4,0.2
70017,Indirect,2025,43,2,0.13
70017,Store,2025,43,1,0.05
70017,Ecom,2025,44,5,0.18
70017,Indirect,2025,44,3,0.0
70017,Store,2025,44,2,0.19
70017,Ecom,2025,45,4,0.05
70017,Indirect,2025,45,2,0.09
70017,Store,2025,45,1,0.06
70017,Ecom,2025,46,4,0.08
70017,Indirect,2025,46,2,0.02
70017,Store,2025,46,1,0.18
70017,Ecom,2025,47,3,0.03
70017,Indirect,2025,47,2,0.14
70017,Store,2025,47,1,0.03
70017,Ecom,2025,48,4,0.09
70017,Indirect,2025,48,2,0.02
70017,Store,2025,48,1,0.19
70017,Ecom,2025,49,4,0.01
70017,Indirect,2025,49,2,0.18
70017,Store,2025,49,1,0.13
70017,Ecom,2025,50,4,0.15
70017,Indirect,2025,50,2,0.03
70017,Store,2025,50,1,0.06
70017,Ecom,2025,51,3,0.16
70017,Indirect,2025,51,1,0.19
70017,Store,2025,51,1,0.11
70017,Ecom,2025,52,4,0.2
70017,Indirect,2025,52,2,0.1
70017,Store,2025,52,1,0.09
70018,Ecom,2024,1,5,0.2
70018,Indirect,2024,1,3,0.02
70018,Store,2024,1,2,0.04
70018,Ecom,2024,2,7,0.01
70018,Indirect,2024,2,4,0.04
70018,Store,2024,2,3,0.11
70018,Ecom,2024,3,5,0.08
70018,Indirect,2024,3,3,0.01
70018,Store,2024,3,2,0.13
70018,Ecom,2024,4,4,0.06
70018,Indirect,2024,4,2,0.02
70018,Store,2024,4,1,0.14
70018,Ecom,2024,5,5,0.11
70018,Indirect,2024,5,3,0.01
70018,Store,2024,5,2,0.11
70018,Ecom,2024,6,5,0.18
70018,Indirect,2024,6,3,0.04
70018,Store,2024,6,2,0.06
70018,Ecom,2024,7,7,0.01
70018,Indirect,2024,7,4,0.1
70018,Store,2024,7,3,0.1
70018,Ecom,2024,8,5,0.03
70018,Indirect,2024,8,3,0.1
70018,Store,2024,8,2,0.01
70018,Ecom,2024,9,4,0.06
70018,Indirect,2024,9,2,0.08
70018,Store,2024,9,1,0.05
70018,Ecom,2024,10,7,0.08
70018,Indirect,2024,10,4,0.12
70018,Store,2024,10,2,0.12
70018,Ecom,2024,11,7,0.19
70018,Indirect,2024,11,4,0.11
70018,Store,2024,11,2,0.14
70018,Ecom,2024,12,6,0.02
70018,Indirect,2024,12,3,0.17
70018,Store,2024,12,2,0.11
70018,Ecom,2024,13,4,0.15
70018,Indirect,2024,13,2,0.1
70018,Store,2024,13,1,0.19
70018,Ecom,2024,14,6,0.09
70018,Indirect,2024,14,3,0.18
70018,Store,2024,14,2,0.19
70018,Ecom,2024,15,7,0.09
70018,Indirect,2024,15,4,0.09
70018,Store,2024,15,2,0.15
70018,Ecom,2024,16,7,0.09
70018,Indirect,2024,16,4,0.14
70018,Store,2024,16,3,0.11
70018,Ecom,2024,17,6,0.04
70018,Indirect,2024,17,3,0.06
70018,Store,2024,17,2,0.05
70018,Ecom,2024,18,8,0.01
70018,Indirect,2024,18,4,0.04
70018,Store,2024,18,3,0.04
70018,Ecom,2024,19,7,0.13
70018,Indirect,2024,19,4,0.06
70018,Store,2024,19,3,0.02
70018,Ecom,2024,20,7,0.15
70018,Indirect,2024,20,4,0.13
70018,Store,2024,20,2,0.14
70018,Ecom,2024,21,6,0.01
70018,Indirect,2024,21,3,0.16
70018,Store,2024,21,2,0.17
70018,Ecom,2024,22,5,0.08
70018,Indirect,2024,22,3,0.2
70018,Store,2024,22,2,0.2
70018,Ecom,2024,23,7,0.17
70018,Indirect,2024,23,4,0.03
70018,Store,2024,23,3,0.18
70018,Ecom,2024,24,7,0.04
70018,Indirect,2024,24,4,0.18
70018,Store,2024,24,3,0.16
70018,Ecom,2024,25,7,0.18
70018,Indirect,2024,25,4,0.02
70018,Store,2024,25,3,0.03
70018,Ecom,2024,26,7,0.03
70018,Indirect,2024,26,4,0.07
70018,Store,2024,26,3,0.16
70018,Ecom,2024,27,7,0.08
70018,Indirect,2024,27,4,0.08
70018,Store,2024,27,3,0.14
70018,Ecom,2024,28,8,0.13
70018,Indirect,2024,28,4,0.07
70018,Store,2024,28,3,0.05
70018,Ecom,2024,29,5,0.12
70018,Indirect,2024,29,3,0.14
70018,Store,2024,29,2,0.04
70018,Ecom,2024,30,7,0.12
70018,Indirect,2024,30,4,0.11
70018,Store,2024,30,2,0.11
70018,Ecom,2024,31,6,0.0
70018,Indirect,2024,31,3,0.11
70018,Store,2024,31,2,0.13
70018,Ecom,2024,32,7,0.19
70018,Indirect,2024,32,4,0.13
70018,Store,2024,32,3,0.03
70018,Ecom,2024,33,7,0.08
70018,Indirect,2024,33,4,0.19
70018,Store,2024,33,3,0.19
70018,Ecom,2024,34,4,0.01
70018,Indirect,2024,34,2,0.01
70018,Store,2024,34,1,0.14
70018,Ecom,2024,35,6,0.12
70018,Indirect,2024,35,3,0.06
70018,Store,2024,35,2,0.12
70018,Ecom,2024,36,4,0.04
70018,Indirect,2024,36,2,0.15
70018,Store,2024,36,1,0.05
70018,Ecom,2024,37,4,0.13
70018,Indirect,2024,37,2,0.2
70018,Store,2024,37,1,0.19
70018,Ecom,2024,38,7,0.14
70018,Indirect,2024,38,4,0.0
70018,Store,2024,38,3,0.03
70018,Ecom,2024,39,6,0.11
70018,Indirect,2024,39,3,0.17
70018,Store,2024,39,2,0.01
70018,Ecom,2024,40,6,0.01
70018,Indirect,2024,40,3,0.15
70018,Store,2024,40,2,0.02
70018,Ecom,2024,41,6,0.15
70018,Indirect,2024,41,3,0.2
70018,Store,2024,41,2,0.16
70018,Ecom,2024,42,7,0.06
70018,Indirect,2024,42,4,0.13
70018,Store,2024,42,2,0.11
70018,Ecom,2024,43,6,0.12
70018,Indirect,2024,43,3,0.09
70018,Store,2024,43,2,0.08
70018,Ecom,2024,44,7,0.13
70018,Indirect,2024,44,4,0.2
70018,Store,2024,44,2,0.19
70018,Ecom,2024,45,7,0.02
70018,Indirect,2024,45,4,0.1
70018,Store,2024,45,3,0.1
70018,Ecom,2024,46,7,0.18
70018,Indirect,2024,46,4,0.04
70018,Store,2024,46,3,0.0
70018,Ecom,2024,47,7,0.2
70018,Indirect,2024,47,4,0.07
70018,Store,2024,47,3,0.12
70018,Ecom,2024,48,5,0.08
70018,Indirect,2024,48,3,0.13
70018,Store,2024,48,2,0.14
70018,Ecom,2024,49,7,0.07
70018,Indirect,2024,49,4,0.1
70018,Store,2024,49,3,0.09
70018,Ecom,2024,50,8,0.1
70018,Indirect,2024,50,4,0.18
70018,Store,2024,50,3,0.19
70018,Ecom,2024,51,4,0.15
70018,Indirect,2024,51,2,0.02
70018,Store,2024,51,1,0.1
70018,Ecom,2024,52,6,0.02
70018,Indirect,2024,52,3,0.12
70018,Store,2024,52,2,0.14
70018,Ecom,2025,1,5,0.11
70018,Indirect,2025,1,3,0.08
70018,Store,2025,1,2,0.03
70018,Ecom,2025,2,5,0.19
70018,Indirect,2025,2,3,0.13
70018,Store,2025,2,2,0.11
70018,Ecom,2025,3,7,0.17
70018,Indirect,2025,3,4,0.15
70018,Store,2025,3,3,0.08
70018,Ecom,2025,4,6,0.06
70018,Indirect,2025,4,3,0.01
70018,Store,2025,4,2,0.18
70018,Ecom,2025,5,4,0.07
70018,Indirect,2025,5,2,0.17
70018,Store,2025,5,1,0.06
70018,Ecom,2025,6,7,0.0
70018,Indirect,2025,6,4,0.03
70018,Store,2025,6,3,0.09
70018,Ecom,2025,7,6,0.16
70018,Indirect,2025,7,3,0.18
70018,Store,2025,7,2,0.16
70018,Ecom,2025,8,5,0.2
70018,Indirect,2025,8,3,0.01
70018,Store,2025,8,2,0.09
70018,Ecom,2025,9,5,0.0
70018,Indirect,2025,9,3,0.04
70018,Store,2025,9,2,0.2
70018,Ecom,2025,10,8,0.07
70018,Indirect,2025,10,4,0.2
70018,Store,2025,10,3,0.15
70018,Ecom,2025,11,4,0.12
70018,Indirect,2025,11,2,0.04
70018,Store,2025,11,1,0.06
70018,Ecom,2025,12,7,0.04
70018,Indirect,2025,12,4,0.07
70018,Store,2025,12,2,0.0
70018,Ecom,2025,13,5,0.06
70018,Indirect,2025,13,3,0.02
70018,Store,2025,13,2,0.02
70018,Ecom,2025,14,6,0.02
70018,Indirect,2025,14,3,0.19
70018,Store,2025,14,2,0.05
70018,Ecom,2025,15,5,0.01
70018,Indirect,2025,15,3,0.16
70018,Store,2025,15,2,0.04
70018,Ecom,2025,16,4,0.07
70018,Indirect,2025,16,2,0.18
70018,Store,2025,16,1,0.18
70018,Ecom,2025,17,6,0.12
70018,Indirect,2025,17,3,0.01
70018,Store,2025,17,2,0.18
70018,Ecom,2025,18,7,0.05
70018,Indirect,2025,18,4,0.17
70018,Store,2025,18,2,0.03
70018,Ecom,2025,19,6,0.06
70018,Indirect,2025,19,3,0.11
70018,Store,2025,19,2,0.05
70018,Ecom,2025,20,6,0.05
70018,Indirect,2025,20,3,0.0
70018,Store,2025,20,2,0.02
70018,Ecom,2025,21,7,0.09
70018,Indirect,2025,21,4,0.1
70018,Store,2025,21,3,0.13
70018,Ecom,2025,22,5,0.04
70018,Indirect,2025,22,3,0.08
70018,Store,2025,22,2,0.15
70018,Ecom,2025,23,7,0.09
70018,Indirect,2025,23,4,0.12
70018,Store,2025,23,2,0.05
70018,Ecom,2025,24,8,0.13
70018,Indirect,2025,24,4,0.16
70018,Store,2025,24,3,0.07
70018,Ecom,2025,25,6,0.14
70018,Indirect,2025,25,3,0.11
70018,Store,2025,25,2,0.15
70018,Ecom,2025,26,5,0.16
70018,Indirect,2025,26,3,0.06
70018,Store,2025,26,2,0.1
70018,Ecom,2025,27,5,0.08
70018,Indirect,2025,27,3,0.18
70018,Store,2025,27,2,0.01
70018,Ecom,2025,28,5,0.11
70018,Indirect,2025,28,3,0.13
70018,Store,2025,28,2,0.14
70018,Ecom,2025,29,7,0.14
70018,Indirect,2025,29,4,0.12
70018,Store,2025,29,2,0.03
70018,Ecom,2025,30,6,0.06
70018,Indirect,2025,30,3,0.0
70018,Store,2025,30,2,0.1
70018,Ecom,2025,31,8,0.09
70018,Indirect,2025,31,4,0.15
70018,Store,2025,31,3,0.12
70018,Ecom,2025,32,4,0.11
70018,Indirect,2025,32,2,0.2
70018,Store,2025,32,1,0.13
70018,Ecom,2025,33,5,0.18
70018,Indirect,2025,33,3,0.13
70018,Store,2025,33,2,0.19
70018,Ecom,2025,34,7,0.12
70018,Indirect,2025,34,4,0.09
70018,Store,2025,34,3,0.11
70018,Ecom,2025,35,5,0.17
70018,Indirect,2025,35,3,0.03
70018,Store,2025,35,2,0.2
70018,Ecom,2025,36,5,0.09
70018,Indirect,2025,36,3,0.12
70018,Store,2025,36,2,0.06
70018,Ecom,2025,37,6,0.01
70018,Indirect,2025,37,3,0.17
70018,Store,2025,37,2,0.02
70018,Ecom,2025,38,7,0.17
70018,Indirect,2025,38,4,0.16
70018,Store,2025,38,3,0.15
70018,Ecom,2025,39,5,0.11
70018,Indirect,2025,39,3,0.01
70018,Store,2025,39,2,0.15
70018,Ecom,2025,40,7,0.04
70018,Indirect,2025,40,4,0.09
70018,Store,2025,40,3,0.02
70018,Ecom,2025,41,7,0.14
70018,Indirect,2025,41,4,0.01
70018,Store,2025,41,2,0.12
70018,Ecom,2025,42,7,0.04
70018,Indirect,2025,42,4,0.18
70018,Store,2025,42,3,0.05
70018,Ecom,2025,43,4,0.02
70018,Indirect,2025,43,2,0.15
70018,Store,2025,43,1,0.04
70018,Ecom,2025,44,7,0.09
70018,Indirect,2025,44,4,0.02
70018,Store,2025,44,3,0.16
70018,Ecom,2025,45,5,0.03
70018,Indirect,2025,45,3,0.0
70018,Store,2025,45,2,0.06
70018,Ecom,2025,46,6,0.1
70018,Indirect,2025,46,3,0.12
70018,Store,2025,46,2,0.02
70018,Ecom,2025,47,4,0.18
70018,Indirect,2025,47,2,0.08
70018,Store,2025,47,1,0.14
70018,Ecom,2025,48,7,0.12
70018,Indirect,2025,48,4,0.15
70018,Store,2025,48,3,0.04
70018,Ecom,2025,49,5,0.1
70018,Indirect,2025,49,3,0.2
70018,Store,2025,49,2,0.19
70018,Ecom,2025,50,5,0.13
70018,Indirect,2025,50,3,0.06
70018,Store,2025,50,2,0.07
70018,Ecom,2025,51,5,0.2
70018,Indirect,2025,51,3,0.08
70018,Store,2025,51,2,0.09
70018,Ecom,2025,52,4,0.17
70018,Indirect,2025,52,2,0.02
70018,Store,2025,52,1,0.17
70019,Ecom,2024,1,4,0.05
70019,Indirect,2024,1,2,0.01
70019,Store,2024,1,1,0.07
70019,Ecom,2024,2,6,0.07
70019,Indirect,2024,2,3,0.07
70019,Store,2024,2,2,0.15
70019,Ecom,2024,3,4,0.15
70019,Indirect,2024,3,2,0.19
70019,Store,2024,3,1,0.17
70019,Ecom,2024,4,3,0.16
70019,Indirect,2024,4,2,0.16
70019,Store,2024,4,1,0.16
70019,Ecom,2024,5,5,0.02
70019,Indirect,2024,5,3,0.14
70019,Store,2024,5,2,0.12
70019,Ecom,2024,6,5,0.15
70019,Indirect,2024,6,3,0.04
70019,Store,2024,6,2,0.08
70019,Ecom,2024,7,5,0.18
70019,Indirect,2024,7,3,0.2
70019,Store,2024,7,2,0.18
70019,Ecom,2024,8,4,0.08
70019,Indirect,2024,8,2,0.1
70019,Store,2024,8,1,0.09
70019,Ecom,2024,9,3,0.07
70019,Indirect,2024,9,2,0.19
70019,Store,2024,9,1,0.08
70019,Ecom,2024,10,6,0.18
70019,Indirect,2024,10,3,0.1
70019,Store,2024,10,2,0.18
70019,Ecom,2024,11,6,0.0
70019,Indirect,2024,11,3,0.12
70019,Store,2024,11,2,0.19
70019,Ecom,2024,12,4,0.07
70019,Indirect,2024,12,2,0.03
70019,Store,2024,12,1,0.18
70019,Ecom,2024,13,5,0.12
70019,Indirect,2024,13,3,0.12
70019,Store,2024,13,2,0.18
70019,Ecom,2024,14,5,0.11
70019,Indirect,2024,14,3,0.09
70019,Store,2024,14,2,0.07
70019,Ecom,2024,15,6,0.13
70019,Indirect,2024,15,3,0.1
70019,Store,2024,15,2,0.02
70019,Ecom,2024,16,5,0.01
70019,Indirect,2024,16,3,0.09
70019,Store,2024,16,2,0.04
70019,Ecom,2024,17,4,0.04
70019,Indirect,2024,17,2,0.04
70019,Store,2024,17,1,0.09
70019,Ecom,2024,18,4,0.05
70019,Indirect,2024,18,2,0.14
70019,Store,2024,18,1,0.02
70019,Ecom,2024,19,6,0.08
70019,Indirect,2024,19,3,0.04
70019,Store,2024,19,2,0.15
70019,Ecom,2024,20,4,0.07
70019,Indirect,2024,20,2,0.0
70019,Store,2024,20,1,0.04
70019,Ecom,2024,21,6,0.1
70019,Indirect,2024,21,3,0.09
70019,Store,2024,21,2,0.12
70019,Ecom,2024,22,3,0.03
70019,Indirect,2024,22,2,0.17
70019,Store,2024,22,1,0.13
70019,Ecom,2024,23,4,0.17
70019,Indirect,2024,23,2,0.06
70019,Store,2024,23,1,0.09
70019,Ecom,2024,24,6,0.17
70019,Indirect,2024,24,3,0.06
70019,Store,2024,24,2,0.2
70019,Ecom,2024,25,4,0.05
70019,Indirect,2024,25,2,0.1
70019,Store,2024,25,1,0.11
70019,Ecom,2024,26,5,0.09
70019,Indirect,2024,26,3,0.16
70019,Store,2024,26,2,0.05
70019,Ecom,2024,27,4,0.14
70019,Indirect,2024,27,2,0.18
70019,Store,2024,27,1,0.05
70019,Ecom,2024,28,4,0.09
70019,Indirect,2024,28,2,0.05
70019,Store,2024,28,1,0.1
70019,Ecom,2024,29,6,0.05
70019,Indirect,2024,29,3,0.17
70019,Store,2024,29,2,0.18
70019,Ecom,2024,30,5,0.07
70019,Indirect,2024,30,3,0.02
70019,Store,2024,30,2,0.11
70019,Ecom,2024,31,6,0.08
70019,Indirect,2024,31,3,0.05
70019,Store,2024,31,2,0.17
70019,Ecom,2024,32,4,0.11
70019,Indirect,2024,32,2,0.15
70019,Store,2024,32,1,0.1
70019,Ecom,2024,33,4,0.12
70019,Indirect,2024,33,2,0.07
70019,Store,2024,33,1,0.13
70019,Ecom,2024,34,6,0.16
70019,Indirect,2024,34,3,0.15
70019,Store,2024,34,2,0.02
70019,Ecom,2024,35,4,0.13
70019,Indirect,2024,35,2,0.13
70019,Store,2024,35,1,0.18
70019,Ecom,2024,36,5,0.01
70019,Indirect,2024,36,3,0.01
70019,Store,2024,36,2,0.01
70019,Ecom,2024,37,5,0.06
70019,Indirect,2024,37,3,0.01
70019,Store,2024,37,2,0.18
70019,Ecom,2024,38,3,0.07
70019,Indirect,2024,38,2,0.15
70019,Store,2024,38,1,0.14
70019,Ecom,2024,39,4,0.19
70019,Indirect,2024,39,2,0.09
70019,Store,2024,39,1,0.16
70019,Ecom,2024,40,4,0.13
70019,Indirect,2024,40,2,0.19
70019,Store,2024,40,1,0.01
70019,Ecom,2024,41,5,0.12
70019,Indirect,2024,41,3,0.19
70019,Store,2024,41,2,0.12
70019,Ecom,2024,42,4,0.03
70019,Indirect,2024,42,2,0.11
70019,Store,2024,42,1,0.03
70019,Ecom,2024,43,4,0.19
70019,Indirect,2024,43,2,0.04
70019,Store,2024,43,1,0.04
70019,Ecom,2024,44,5,0.1
70019,Indirect,2024,44,3,0.18
70019,Store,2024,44,2,0.07
70019,Ecom,2024,45,6,0.08
70019,Indirect,2024,45,3,0.2
70019,Store,2024,45,2,0.18
70019,Ecom,2024,46,4,0.07
70019,Indirect,2024,46,2,0.09
70019,Store,2024,46,1,0.09
70019,Ecom,2024,47,5,0.14
70019,Indirect,2024,47,3,0.03
70019,Store,2024,47,2,0.13
70019,Ecom,2024,48,6,0.08
70019,Indirect,2024,48,3,0.05
70019,Store,2024,48,2,0.05
70019,Ecom,2024,49,5,0.02
70019,Indirect,2024,49,3,0.04
70019,Store,2024,49,2,0.06
70019,Ecom,2024,50,5,0.15
70019,Indirect,2024,50,3,0.11
70019,Store,2024,50,2,0.03
70019,Ecom,2024,51,4,0.01
70019,Indirect,2024,51,2,0.2
70019,Store,2024,51,1,0.09
70019,Ecom,2024,52,6,0.05
70019,Indirect,2024,52,3,0.06
70019,Store,2024,52,2,0.03
70019,Ecom,2025,1,4,0.14
70019,Indirect,2025,1,2,0.11
70019,Store,2025,1,1,0.06
70019,Ecom,2025,2,4,0.05
70019,Indirect,2025,2,2,0.15
70019,Store,2025,2,1,0.04
70019,Ecom,2025,3,6,0.17
70019,Indirect,2025,3,3,0.03
70019,Store,2025,3,2,0.0
70019,Ecom,2025,4,6,0.01
70019,Indirect,2025,4,3,0.13
70019,Store,2025,4,2,0.1
70019,Ecom,2025,5,4,0.12
70019,Indirect,2025,5,2,0.0
70019,Store,2025,5,1,0.15
70019,Ecom,2025,6,6,0.01
70019,Indirect,2025,6,3,0.06
70019,Store,2025,6,2,0.17
70019,Ecom,2025,7,4,0.03
70019,Indirect,2025,7,2,0.16
70019,Store,2025,7,1,0.2
70019,Ecom,2025,8,6,0.04
70019,Indirect,2025,8,3,0.03
70019,Store,2025,8,2,0.0
70019,Ecom,2025,9,4,0.07
70019,Indirect,2025,9,2,0.19
70019,Store,2025,9,1,0.15
70019,Ecom,2025,10,4,0.08
70019,Indirect,2025,10,2,0.11
70019,Store,2025,10,1,0.03
70019,Ecom,2025,11,3,0.04
70019,Indirect,2025,11,2,0.06
70019,Store,2025,11,1,0.01
70019,Ecom,2025,12,6,0.19
70019,Indirect,2025,12,3,0.09
70019,Store,2025,12,2,0.09
70019,Ecom,2025,13,5,0.17
70019,Indirect,2025,13,3,0.08
70019,Store,2025,13,2,0.18
70019,Ecom,2025,14,6,0.06
70019,Indirect,2025,14,3,0.12
70019,Store,2025,14,2,0.19
70019,Ecom,2025,15,4,0.2
70019,Indirect,2025,15,2,0.1
70019,Store,2025,15,1,0.13
70019,Ecom,2025,16,3,0.08
70019,Indirect,2025,16,2,0.13
70019,Store,2025,16,1,0.04
70019,Ecom,2025,17,6,0.08
70019,Indirect,2025,17,3,0.11
70019,Store,2025,17,2,0.16
70019,Ecom,2025,18,4,0.14
70019,Indirect,2025,18,2,0.15
70019,Store,2025,18,1,0.16
70019,Ecom,2025,19,4,0.07
70019,Indirect,2025,19,2,0.12
70019,Store,2025,19,1,0.09
70019,Ecom,2025,20,5,0.11
70019,Indirect,2025,20,3,0.15
70019,Store,2025,20,2,0.03
70019,Ecom,2025,21,4,0.03
70019,Indirect,2025,21,2,0.1
70019,Store,2025,21,1,0.04
70019,Ecom,2025,22,6,0.04
70019,Indirect,2025,22,3,0.09
70019,Store,2025,22,2,0.15
70019,Ecom,2025,23,4,0.02
70019,Indirect,2025,23,2,0.05
70019,Store,2025,23,1,0.14
70019,Ecom,2025,24,4,0.19
70019,Indirect,2025,24,2,0.03
70019,Store,2025,24,1,0.06
70019,Ecom,2025,25,5,0.07
70019,Indirect,2025,25,3,0.06
70019,Store,2025,25,2,0.02
70019,Ecom,2025,26,5,0.15
70019,Indirect,2025,26,3,0.07
70019,Store,2025,26,2,0.2
70019,Ecom,2025,27,5,0.07
70019,Indirect,2025,27,3,0.07
70019,Store,2025,27,2,0.06
70019,Ecom,2025,28,3,0.09
70019,Indirect,2025,28,2,0.11
70019,Store,2025,28,1,0.16
70019,Ecom,2025,29,3,0.01
70019,Indirect,2025,29,2,0.18
70019,Store,2025,29,1,0.07
70019,Ecom,2025,30,5,0.18
70019,Indirect,2025,30,3,0.06
70019,Store,2025,30,2,0.04
70019,Ecom,2025,31,6,0.06
70019,Indirect,2025,31,3,0.1
70019,Store,2025,31,2,0.0
70019,Ecom,2025,32,5,0.09
70019,Indirect,2025,32,3,0.04
70019,Store,2025,32,2,0.04
70019,Ecom,2025,33,6,0.18
70019,Indirect,2025,33,3,0.06
70019,Store,2025,33,2,0.06
70019,Ecom,2025,34,4,0.07
70019,Indirect,2025,34,2,0.08
70019,Store,2025,34,1,0.19
70019,Ecom,2025,35,3,0.07
70019,Indirect,2025,35,2,0.11
70019,Store,2025,35,1,0.12
70019,Ecom,2025,36,4,0.14
70019,Indirect,2025,36,2,0.09
70019,Store,2025,36,1,0.03
70019,Ecom,2025,37,6,0.04
70019,Indirect,2025,37,3,0.14
70019,Store,2025,37,2,0.19
70019,Ecom,2025,38,4,0.15
70019,Indirect,2025,38,2,0.16
70019,Store,2025,38,1,0.07
70019,Ecom,2025,39,6,0.03
70019,Indirect,2025,39,3,0.1
70019,Store,2025,39,2,0.2
70019,Ecom,2025,40,5,0.18
70019,Indirect,2025,40,3,0.08
70019,Store,2025,40,2,0.13
70019,Ecom,2025,41,5,0.14
70019,Indirect,2025,41,3,0.15
70019,Store,2025,41,2,0.14
70019,Ecom,2025,42,6,0.04
70019,Indirect,2025,42,3,0.13
70019,Store,2025,42,2,0.16
70019,Ecom,2025,43,5,0.04
70019,Indirect,2025,43,3,0.11
70019,Store,2025,43,2,0.0
70019,Ecom,2025,44,6,0.13
70019,Indirect,2025,44,3,0.05
70019,Store,2025,44,2,0.12
70019,Ecom,2025,45,4,0.11
70019,Indirect,2025,45,2,0.16
70019,Store,2025,45,1,0.17
70019,Ecom,2025,46,6,0.13
70019,Indirect,2025,46,3,0.11
70019,Store,2025,46,2,0.1
70019,Ecom,2025,47,4,0.01
70019,Indirect,2025,47,2,0.18
70019,Store,2025,47,1,0.19
70019,Ecom,2025,48,6,0.04
70019,Indirect,2025,48,3,0.13
70019,Store,2025,48,2,0.04
70019,Ecom,2025,49,4,0.16
70019,Indirect,2025,49,2,0.19
70019,Store,2025,49,1,0.0
70019,Ecom,2025,50,6,0.14
70019,Indirect,2025,50,3,0.14
70019,Store,2025,50,2,0.03
70019,Ecom,2025,51,4,0.15
70019,Indirect,2025,51,2,0.04
70019,Store,2025,51,1,0.03
70019,Ecom,2025,52,5,0.03
70019,Indirect,2025,52,3,0.05
70019,Store,2025,52,2,0.03
70020,Ecom,2024,1,5,0.02
70020,Indirect,2024,1,3,0.08
70020,Store,2024,1,2,0.07
70020,Ecom,2024,2,5,0.04
70020,Indirect,2024,2,3,0.08
70020,Store,2024,2,2,0.01
70020,Ecom,2024,3,5,0.01
70020,Indirect,2024,3,3,0.15
70020,Store,2024,3,2,0.02
70020,Ecom,2024,4,6,0.03
70020,Indirect,2024,4,3,0.14
70020,Store,2024,4,2,0.19
70020,Ecom,2024,5,7,0.02
70020,Indirect,2024,5,4,0.04
70020,Store,2024,5,2,0.03
70020,Ecom,2024,6,7,0.02
70020,Indirect,2024,6,4,0.15
70020,Store,2024,6,3,0.15
70020,Ecom,2024,7,7,0.09
70020,Indirect,2024,7,4,0.08
70020,Store,2024,7,3,0.07
70020,Ecom,2024,8,6,0.1
70020,Indirect,2024,8,3,0.14
70020,Store,2024,8,2,0.09
70020,Ecom,2024,9,7,0.12
70020,Indirect,2024,9,4,0.05
70020,Store,2024,9,3,0.08
70020,Ecom,2024,10,5,0.18
70020,Indirect,2024,10,3,0.01
70020,Store,2024,10,2,0.08
70020,Ecom,2024,11,6,0.12
70020,Indirect,2024,11,3,0.02
70020,Store,2024,11,2,0.13
70020,Ecom,2024,12,4,0.06
70020,Indirect,2024,12,2,0.06
70020,Store,2024,12,1,0.01
70020,Ecom,2024,13,8,0.01
70020,Indirect,2024,13,4,0.18
70020,Store,2024,13,3,0.14
70020,Ecom,2024,14,8,0.12
70020,Indirect,2024,14,4,0.11
70020,Store,2024,14,3,0.09
70020,Ecom,2024,15,6,0.07
70020,Indirect,2024,15,3,0.04
70020,Store,2024,15,2,0.12
70020,Ecom,2024,16,7,0.2
70020,Indirect,2024,16,4,0.18
70020,Store,2024,16,3,0.12
70020,Ecom,2024,17,5,0.11
70020,Indirect,2024,17,3,0.03
70020,Store,2024,17,2,0.17
70020,Ecom,2024,18,7,0.08
70020,Indirect,2024,18,4,0.06
70020,Store,2024,18,2,0.18
70020,Ecom,2024,19,6,0.02
70020,Indirect,2024,19,3,0.13
70020,Store,2024,19,2,0.08
70020,Ecom,2024,20,4,0.17
70020,Indirect,2024,20,2,0.04
70020,Store,2024,20,1,0.04
70020,Ecom,2024,21,6,0.05
70020,Indirect,2024,21,3,0.07
70020,Store,2024,21,2,0.09
70020,Ecom,2024,22,8,0.12
70020,Indirect,2024,22,4,0.09
70020,Store,2024,22,3,0.17
70020,Ecom,2024,23,8,0.18
70020,Indirect,2024,23,4,0.01
70020,Store,2024,23,3,0.16
70020,Ecom,2024,24,7,0.14
70020,Indirect,2024,24,4,0.15
70020,Store,2024,24,2,0.13
70020,Ecom,2024,25,5,0.19
70020,Indirect,2024,25,3,0.16
70020,Store,2024,25,2,0.05
70020,Ecom,2024,26,6,0.04
70020,Indirect,2024,26,3,0.05
70020,Store,2024,26,2,0.13
70020,Ecom,2024,27,5,0.0
70020,Indirect,2024,27,3,0.12
70020,Store,2024,27,2,0.12
70020,Ecom,2024,28,7,0.01
70020,Indirect,2024,28,4,0.06
70020,Store,2024,28,3,0.02
70020,Ecom,2024,29,7,0.16
70020,Indirect,2024,29,4,0.03
70020,Store,2024,29,3,0.09
70020,Ecom,2024,30,7,0.12
70020,Indirect,2024,30,4,0.1
70020,Store,2024,30,2,0.11
70020,Ecom,2024,31,5,0.01
70020,Indirect,2024,31,3,0.03
70020,Store,2024,31,2,0.1
70020,Ecom,2024,32,5,0.18
70020,Indirect,2024,32,3,0.06
70020,Store,2024,32,2,0.0
70020,Ecom,2024,33,6,0.13
70020,Indirect,2024,33,3,0.15
70020,Store,2024,33,2,0.09
70020,Ecom,2024,34,7,0.14
70020,Indirect,2024,34,4,0.19
70020,Store,2024,34,3,0.16
70020,Ecom,2024,35,5,0.09
70020,Indirect,2024,35,3,0.04
70020,Store,2024,35,2,0.13
70020,Ecom,2024,36,5,0.09
70020,Indirect,2024,36,3,0.07
70020,Store,2024,36,2,0.04
70020,Ecom,2024,37,6,0.15
70020,Indirect,2024,37,3,0.07
70020,Store,2024,37,2,0.03
70020,Ecom,2024,38,6,0.12
70020,Indirect,2024,38,3,0.11
70020,Store,2024,38,2,0.17
70020,Ecom,2024,39,8,0.15
70020,Indirect,2024,39,4,0.12
70020,Store,2024,39,3,0.19
70020,Ecom,2024,40,6,0.1
70020,Indirect,2024,40,3,0.04
70020,Store,2024,40,2,0.06
70020,Ecom,2024,41,5,0.05
70020,Indirect,2024,41,3,0.05
70020,Store,2024,41,2,0.04
70020,Ecom,2024,42,4,0.11
70020,Indirect,2024,42,2,0.09
70020,Store,2024,42,1,0.16
70020,Ecom,2024,43,7,0.19
70020,Indirect,2024,43,4,0.18
70020,Store,2024,43,2,0.02
70020,Ecom,2024,44,7,0.19
70020,Indirect,2024,44,4,0.02
70020,Store,2024,44,2,0.03
70020,Ecom,2024,45,4,0.04
70020,Indirect,2024,45,2,0.19
70020,Store,2024,45,1,0.18
70020,Ecom,2024,46,5,0.0
70020,Indirect,2024,46,3,0.02
70020,Store,2024,46,2,0.17
70020,Ecom,2024,47,5,0.11
70020,Indirect,2024,47,3,0.07
70020,Store,2024,47,2,0.08
70020,Ecom,2024,48,6,0.19
70020,Indirect,2024,48,3,0.01
70020,Store,2024,48,2,0.08
70020,Ecom,2024,49,7,0.16
70020,Indirect,2024,49,4,0.13
70020,Store,2024,49,2,0.06
70020,Ecom,2024,50,4,0.05
70020,Indirect,2024,50,2,0.11
70020,Store,2024,50,1,0.18
70020,Ecom,2024,51,6,0.12
70020,Indirect,2024,51,3,0.08
70020,Store,2024,51,2,0.15
70020,Ecom,2024,52,8,0.09
70020,Indirect,2024,52,4,0.13
70020,Store,2024,52,3,0.11
70020,Ecom,2025,1,5,0.18
70020,Indirect,2025,1,3,0.01
70020,Store,2025,1,2,0.08
70020,Ecom,2025,2,8,0.11
70020,Indirect,2025,2,4,0.08
70020,Store,2025,2,3,0.04
70020,Ecom,2025,3,5,0.15
70020,Indirect,2025,3,3,0.14
70020,Store,2025,3,2,0.12
70020,Ecom,2025,4,8,0.07
70020,Indirect,2025,4,4,0.06
70020,Store,2025,4,3,0.12
70020,Ecom,2025,5,8,0.14
70020,Indirect,2025,5,4,0.17
70020,Store,2025,5,3,0.17
70020,Ecom,2025,6,4,0.13
70020,Indirect,2025,6,2,0.05
70020,Store,2025,6,1,0.14
70020,Ecom,2025,7,7,0.16
70020,Indirect,2025,7,4,0.04
70020,Store,2025,7,3,0.07
70020,Ecom,2025,8,5,0.17
70020,Indirect,2025,8,3,0.14
70020,Store,2025,8,2,0.11
70020,Ecom,2025,9,6,0.15
70020,Indirect,2025,9,3,0.09
70020,Store,2025,9,2,0.04
70020,Ecom,2025,10,8,0.15
70020,Indirect,2025,10,4,0.1
70020,Store,2025,10,3,0.11
70020,Ecom,2025,11,5,0.05
70020,Indirect,2025,11,3,0.01
70020,Store,2025,11,2,0.13
70020,Ecom,2025,12,7,0.05
70020,Indirect,2025,12,4,0.04
70020,Store,2025,12,3,0.09
70020,Ecom,2025,13,5,0.15
70020,Indirect,2025,13,3,0.05
70020,Store,2025,13,2,0.05
70020,Ecom,2025,14,6,0.17
70020,Indirect,2025,14,3,0.14
70020,Store,2025,14,2,0.02
70020,Ecom,2025,15,5,0.01
70020,Indirect,2025,15,3,0.13
70020,Store,2025,15,2,0.13
70020,Ecom,2025,16,5,0.06
70020,Indirect,2025,16,3,0.17
70020,Store,2025,16,2,0.01
70020,Ecom,2025,17,7,0.17
70020,Indirect,2025,17,4,0.13
70020,Store,2025,17,2,0.06
70020,Ecom,2025,18,7,0.18
70020,Indirect,2025,18,4,0.11
70020,Store,2025,18,2,0.12
70020,Ecom,2025,19,6,0.19
70020,Indirect,2025,19,3,0.19
70020,Store,2025,19,2,0.13
70020,Ecom,2025,20,6,0.02
70020,Indirect,2025,20,3,0.1
70020,Store,2025,20,2,0.08
70020,Ecom,2025,21,7,0.1
70020,Indirect,2025,21,4,0.05
70020,Store,2025,21,2,0.04
70020,Ecom,2025,22,7,0.11
70020,Indirect,2025,22,4,0.15
70020,Store,2025,22,2,0.04
70020,Ecom,2025,23,6,0.02
70020,Indirect,2025,23,3,0.03
70020,Store,2025,23,2,0.07
70020,Ecom,2025,24,5,0.19
70020,Indirect,2025,24,3,0.02
70020,Store,2025,24,2,0.1
70020,Ecom,2025,25,4,0.18
70020,Indirect,2025,25,2,0.02
70020,Store,2025,25,1,0.17
70020,Ecom,2025,26,5,0.07
70020,Indirect,2025,26,3,0.02
70020,Store,2025,26,2,0.13
70020,Ecom,2025,27,4,0.13
70020,Indirect,2025,27,2,0.11
70020,Store,2025,27,1,0.06
70020,Ecom,2025,28,6,0.14
70020,Indirect,2025,28,3,0.01
70020,Store,2025,28,2,0.18
70020,Ecom,2025,29,7,0.16
70020,Indirect,2025,29,4,0.18
70020,Store,2025,29,3,0.07
70020,Ecom,2025,30,4,0.09
70020,Indirect,2025,30,2,0.18
70020,Store,2025,30,1,0.14
70020,Ecom,2025,31,4,0.15
70020,Indirect,2025,31,2,0.16
70020,Store,2025,31,1,0.09
70020,Ecom,2025,32,6,0.17
70020,Indirect,2025,32,3,0.08
70020,Store,2025,32,2,0.16
70020,Ecom,2025,33,6,0.16
70020,Indirect,2025,33,3,0.17
70020,Store,2025,33,2,0.03
70020,Ecom,2025,34,5,0.12
70020,Indirect,2025,34,3,0.07
70020,Store,2025,34,2,0.06
70020,Ecom,2025,35,4,0.09
70020,Indirect,2025,35,2,0.2
70020,Store,2025,35,1,0.08
70020,Ecom,2025,36,5,0.07
70020,Indirect,2025,36,3,0.12
70020,Store,2025,36,2,0.01
70020,Ecom,2025,37,5,0.11
70020,Indirect,2025,37,3,0.07
70020,Store,2025,37,2,0.14
70020,Ecom,2025,38,4,0.01
70020,Indirect,2025,38,2,0.18
70020,Store,2025,38,1,0.15
70020,Ecom,2025,39,6,0.12
70020,Indirect,2025,39,3,0.04
70020,Store,2025,39,2,0.03
70020,Ecom,2025,40,6,0.14
70020,Indirect,2025,40,3,0.09
70020,Store,2025,40,2,0.1
70020,Ecom,2025,41,4,0.19
70020,Indirect,2025,41,2,0.05
70020,Store,2025,41,1,0.08
70020,Ecom,2025,42,7,0.19
70020,Indirect,2025,42,4,0.07
70020,Store,2025,42,3,0.09
70020,Ecom,2025,43,7,0.1
70020,Indirect,2025,43,4,0.02
70020,Store,2025,43,3,0.04
70020,Ecom,2025,44,5,0.0
70020,Indirect,2025,44,3,0.01
70020,Store,2025,44,2,0.18
70020,Ecom,2025,45,7,0.17
70020,Indirect,2025,45,4,0.06
70020,Store,2025,45,3,0.07
70020,Ecom,2025,46,8,0.01
70020,Indirect,2025,46,4,0.09
70020,Store,2025,46,3,0.07
70020,Ecom,2025,47,7,0.14
70020,Indirect,2025,47,4,0.2
70020,Store,2025,47,2,0.19
70020,Ecom,2025,48,6,0.18
70020,Indirect,2025,48,3,0.12
70020,Store,2025,48,2,0.04
70020,Ecom,2025,49,6,0.05
70020,Indirect,2025,49,3,0.18
70020,Store,2025,49,2,0.16
70020,Ecom,2025,50,4,0.13
70020,Indirect,2025,50,2,0.13
70020,Store,2025,50,1,0.15
70020,Ecom,2025,51,5,0.12
70020,Indirect,2025,51,3,0.02
70020,Store,2025,51,2,0.09
70020,Ecom,2025,52,5,0.07
70020,Indirect,2025,52,3,0.08
70020,Store,2025,52,2,0.1
70021,Ecom,2024,1,3,0.11
70021,Indirect,2024,1,2,0.02
70021,Store,2024,1,1,0.14
70021,Ecom,2024,2,3,0.1
70021,Indirect,2024,2,2,0.0
70021,Store,2024,2,1,0.16
70021,Ecom,2024,3,6,0.15
70021,Indirect,2024,3,3,0.09
70021,Store,2024,3,2,0.09
70021,Ecom,2024,4,5,0.02
70021,Indirect,2024,4,3,0.07
70021,Store,2024,4,2,0.1
70021,Ecom,2024,5,4,0.09
70021,Indirect,2024,5,2,0.07
70021,Store,2024,5,1,0.03
70021,Ecom,2024,6,5,0.09
70021,Indirect,2024,6,3,0.03
70021,Store,2024,6,2,0.11
70021,Ecom,2024,7,4,0.11
70021,Indirect,2024,7,2,0.06
70021,Store,2024,7,1,0.14
70021,Ecom,2024,8,5,0.0
70021,Indirect,2024,8,3,0.07
70021,Store,2024,8,2,0.15
70021,Ecom,2024,9,4,0.15
70021,Indirect,2024,9,2,0.17
70021,Store,2024,9,1,0.19
70021,Ecom,2024,10,5,0.09
70021,Indirect,2024,10,3,0.1
70021,Store,2024,10,2,0.02
70021,Ecom,2024,11,4,0.05
70021,Indirect,2024,11,2,0.16
70021,Store,2024,11,1,0.16
70021,Ecom,2024,12,5,0.15
70021,Indirect,2024,12,3,0.09
70021,Store,2024,12,2,0.13
70021,Ecom,2024,13,4,0.0
70021,Indirect,2024,13,2,0.1
70021,Store,2024,13,1,0.18
70021,Ecom,2024,14,5,0.18
70021,Indirect,2024,14,3,0.08
70021,Store,2024,14,2,0.05
70021,Ecom,2024,15,4,0.09
70021,Indirect,2024,15,2,0.06
70021,Store,2024,15,1,0.02
70021,Ecom,2024,16,4,0.19
70021,Indirect,2024,16,2,0.16
70021,Store,2024,16,1,0.08
70021,Ecom,2024,17,4,0.1
70021,Indirect,2024,17,2,0.07
70021,Store,2024,17,1,0.12
70021,Ecom,2024,18,4,0.12
70021,Indirect,2024,18,2,0.15
70021,Store,2024,18,1,0.06
70021,Ecom,2024,19,4,0.11
70021,Indirect,2024,19,2,0.11
70021,Store,2024,19,1,0.18
70021,Ecom,2024,20,6,0.09
70021,Indirect,2024,20,3,0.1
70021,Store,2024,20,2,0.16
70021,Ecom,2024,21,5,0.02
70021,Indirect,2024,21,3,0.08
70021,Store,2024,21,2,0.02
70021,Ecom,2024,22,5,0.16
70021,Indirect,2024,22,3,0.13
70021,Store,2024,22,2,0.01
70021,Ecom,2024,23,4,0.0
70021,Indirect,2024,23,2,0.14
70021,Store,2024,23,1,0.15
70021,Ecom,2024,24,4,0.14
70021,Indirect,2024,24,2,0.01
70021,Store,2024,24,1,0.03
70021,Ecom,2024,25,6,0.04
70021,Indirect,2024,25,3,0.13
70021,Store,2024,25,2,0.19
70021,Ecom,2024,26,6,0.09
70021,Indirect,2024,26,3,0.09
70021,Store,2024,26,2,0.08
70021,Ecom,2024,27,4,0.16
70021,Indirect,2024,27,2,0.1
70021,Store,2024,27,1,0.15
70021,Ecom,2024,28,5,0.05
70021,Indirect,2024,28,3,0.05
70021,Store,2024,28,2,0.02
70021,Ecom,2024,29,5,0.1
70021,Indirect,2024,29,3,0.08
70021,Store,2024,29,2,0.2
70021,Ecom,2024,30,4,0.07
70021,Indirect,2024,30,2,0.04
70021,Store,2024,30,1,0.06
70021,Ecom,2024,31,4,0.1
70021,Indirect,2024,31,2,0.08
70021,Store,2024,31,1,0.09
70021,Ecom,2024,32,6,0.07
70021,Indirect,2024,32,3,0.12
70021,Store,2024,32,2,0.1
70021,Ecom,2024,33,6,0.12
70021,Indirect,2024,33,3,0.19
70021,Store,2024,33,2,0.07
70021,Ecom,2024,34,4,0.04
70021,Indirect,2024,34,2,0.16
70021,Store,2024,34,1,0.02
70021,Ecom,2024,35,4,0.17
70021,Indirect,2024,35,2,0.01
70021,Store,2024,35,1,0.14
70021,Ecom,2024,36,4,0.04
70021,Indirect,2024,36,2,0.19
70021,Store,2024,36,1,0.17
70021,Ecom,2024,37,4,0.03
70021,Indirect,2024,37,2,0.11
70021,Store,2024,37,1,0.01
70021,Ecom,2024,38,6,0.07
70021,Indirect,2024,38,3,0.06
70021,Store,2024,38,2,0.01
70021,Ecom,2024,39,5,0.11
70021,Indirect,2024,39,3,0.03
70021,Store,2024,39,2,0.14
70021,Ecom,2024,40,5,0.16
70021,Indirect,2024,40,3,0.18
70021,Store,2024,40,2,0.17
70021,Ecom,2024,41,5,0.07
70021,Indirect,2024,41,3,0.13
70021,Store,2024,41,2,0.08
70021,Ecom,2024,42,5,0.05
70021,Indirect,2024,42,3,0.03
70021,Store,2024,42,2,0.02
70021,Ecom,2024,43,5,0.18
70021,Indirect,2024,43,3,0.2
70021,Store,2024,43,2,0.05
70021,Ecom,2024,44,4,0.02
70021,Indirect,2024,44,2,0.02
70021,Store,2024,44,1,0.16
70021,Ecom,2024,45,4,0.07
70021,Indirect,2024,45,2,0.04
70021,Store,2024,45,1,0.14
70021,Ecom,2024,46,4,0.19
70021,Indirect,2024,46,2,0.0
70021,Store,2024,46,1,0.19
70021,Ecom,2024,47,4,0.09
70021,Indirect,2024,47,2,0.1
70021,Store,2024,47,1,0.05
70021,Ecom,2024,48,6,0.1
70021,Indirect,2024,48,3,0.11
70021,Store,2024,48,2,0.17
70021,Ecom,2024,49,5,0.17
70021,Indirect,2024,49,3,0.02
70021,Store,2024,49,2,0.06
70021,Ecom,2024,50,4,0.1
70021,Indirect,2024,50,2,0.05
70021,Store,2024,50,1,0.18
70021,Ecom,2024,51,4,0.08
70021,Indirect,2024,51,2,0.08
70021,Store,2024,51,1,0.06
70021,Ecom,2024,52,5,0.1
70021,Indirect,2024,52,3,0.16
70021,Store,2024,52,2,0.07
70021,Ecom,2025,1,6,0.17
70021,Indirect,2025,1,3,0.08
70021,Store,2025,1,2,0.19
70021,Ecom,2025,2,6,0.04
70021,Indirect,2025,2,3,0.11
70021,Store,2025,2,2,0.17
70021,Ecom,2025,3,4,0.17
70021,Indirect,2025,3,2,0.06
70021,Store,2025,3,1,0.16
70021,Ecom,2025,4,4,0.19
70021,Indirect,2025,4,2,0.18
70021,Store,2025,4,1,0.08
70021,Ecom,2025,5,3,0.12
70021,Indirect,2025,5,2,0.11
70021,Store,2025,5,1,0.06
70021,Ecom,2025,6,6,0.08
70021,Indirect,2025,6,3,0.11
70021,Store,2025,6,2,0.05
70021,Ecom,2025,7,5,0.11
70021,Indirect,2025,7,3,0.03
70021,Store,2025,7,2,0.19
70021,Ecom,2025,8,4,0.03
70021,Indirect,2025,8,2,0.14
70021,Store,2025,8,1,0.08
70021,Ecom,2025,9,6,0.09
70021,Indirect,2025,9,3,0.11
70021,Store,2025,9,2,0.14
70021,Ecom,2025,10,6,0.03
70021,Indirect,2025,10,3,0.02
70021,Store,2025,10,2,0.1
70021,Ecom,2025,11,4,0.16
70021,Indirect,2025,11,2,0.07
70021,Store,2025,11,1,0.07
70021,Ecom,2025,12,3,0.05
70021,Indirect,2025,12,2,0.07
70021,Store,2025,12,1,0.05
70021,Ecom,2025,13,4,0.06
70021,Indirect,2025,13,2,0.14
70021,Store,2025,13,1,0.02
70021,Ecom,2025,14,5,0.13
70021,Indirect,2025,14,3,0.0
70021,Store,2025,14,2,0.16
70021,Ecom,2025,15,6,0.05
70021,Indirect,2025,15,3,0.01
70021,Store,2025,15,2,0.01
70021,Ecom,2025,16,6,0.01
70021,Indirect,2025,16,3,0.12
70021,Store,2025,16,2,0.12
70021,Ecom,2025,17,5,0.09
70021,Indirect,2025,17,3,0.09
70021,Store,2025,17,2,0.09
70021,Ecom,2025,18,6,0.02
70021,Indirect,2025,18,3,0.05
70021,Store,2025,18,2,0.1
70021,Ecom,2025,19,4,0.12
70021,Indirect,2025,19,2,0.08
70021,Store,2025,19,1,0.19
70021,Ecom,2025,20,4,0.18
70021,Indirect,2025,20,2,0.0
70021,Store,2025,20,1,0.16
70021,Ecom,2025,21,3,0.06
70021,Indirect,2025,21,2,0.08
70021,Store,2025,21,1,0.18
70021,Ecom,2025,22,4,0.1
70021,Indirect,2025,22,2,0.16
70021,Store,2025,22,1,0.1
70021,Ecom,2025,23,5,0.2
70021,Indirect,2025,23,3,0.16
70021,Store,2025,23,2,0.05
70021,Ecom,2025,24,4,0.11
70021,Indirect,2025,24,2,0.15
70021,Store,2025,24,1,0.2
70021,Ecom,2025,25,6,0.16
70021,Indirect,2025,25,3,0.12
70021,Store,2025,25,2,0.14
70021,Ecom,2025,26,6,0.16
70021,Indirect,2025,26,3,0.03
70021,Store,2025,26,2,0.05
70021,Ecom,2025,27,4,0.19
70021,Indirect,2025,27,2,0.06
70021,Store,2025,27,1,0.16
70021,Ecom,2025,28,4,0.14
70021,Indirect,2025,28,2,0.17
70021,Store,2025,28,1,0.2
70021,Ecom,2025,29,5,0.12
70021,Indirect,2025,29,3,0.03
70021,Store,2025,29,2,0.17
70021,Ecom,2025,30,4,0.03
70021,Indirect,2025,30,2,0.17
70021,Store,2025,30,1,0.1
70021,Ecom,2025,31,5,0.04
70021,Indirect,2025,31,3,0.18
70021,Store,2025,31,2,0.14
70021,Ecom,2025,32,6,0.08
70021,Indirect,2025,32,3,0.1
70021,Store,2025,32,2,0.1
70021,Ecom,2025,33,3,0.0
70021,Indirect,2025,33,2,0.12
70021,Store,2025,33,1,0.07
70021,Ecom,2025,34,6,0.15
70021,Indirect,2025,34,3,0.13
70021,Store,2025,34,2,0.11
70021,Ecom,2025,35,4,0.12
70021,Indirect,2025,35,2,0.13
70021,Store,2025,35,1,0.05
70021,Ecom,2025,36,5,0.01
70021,Indirect,2025,36,3,0.13
70021,Store,2025,36,2,0.09
70021,Ecom,2025,37,4,0.14
70021,Indirect,2025,37,2,0.16
70021,Store,2025,37,1,0.04
70021,Ecom,2025,38,3,0.12
70021,Indirect,2025,38,2,0.19
70021,Store,2025,38,1,0.02
70021,Ecom,2025,39,6,0.12
70021,Indirect,2025,39,3,0.14
70021,Store,2025,39,2,0.0
70021,Ecom,2025,40,4,0.01
70021,Indirect,2025,40,2,0.19
70021,Store,2025,40,1,0.2
70021,Ecom,2025,41,5,0.12
70021,Indirect,2025,41,3,0.15
70021,Store,2025,41,2,0.03
70021,Ecom,2025,42,6,0.08
70021,Indirect,2025,42,3,0.09
70021,Store,2025,42,2,0.0
70021,Ecom,2025,43,3,0.19
70021,Indirect,2025,43,2,0.04
70021,Store,2025,43,1,0.1
70021,Ecom,2025,44,5,0.15
70021,Indirect,2025,44,3,0.09
70021,Store,2025,44,2,0.14
70021,Ecom,2025,45,6,0.04
70021,Indirect,2025,45,3,0.08
70021,Store,2025,45,2,0.12
70021,Ecom,2025,46,5,0.11
70021,Indirect,2025,46,3,0.01
70021,Store,2025,46,2,0.05
70021,Ecom,2025,47,4,0.17
70021,Indirect,2025,47,2,0.12
70021,Store,2025,47,1,0.05
70021,Ecom,2025,48,5,0.06
70021,Indirect,2025,48,3,0.19
70021,Store,2025,48,2,0.14
70021,Ecom,2025,49,6,0.08
70021,Indirect,2025,49,3,0.03
70021,Store,2025,49,2,0.16
70021,Ecom,2025,50,4,0.17
70021,Indirect,2025,50,2,0.15
70021,Store,2025,50,1,0.17
70021,Ecom,2025,51,5,0.13
70021,Indirect,2025,51,3,0.01
70021,Store,2025,51,2,0.06
70021,Ecom,2025,52,4,0.01
70021,Indirect,2025,52,2,0.11
70021,Store,2025,52,1,0.01
70022,Ecom,2024,1,6,0.03
70022,Indirect,2024,1,3,0.04
70022,Store,2024,1,2,0.16
70022,Ecom,2024,2,8,0.13
70022,Indirect,2024,2,4,0.12
70022,Store,2024,2,3,0.04
70022,Ecom,2024,3,6,0.18
70022,Indirect,2024,3,3,0.01
70022,Store,2024,3,2,0.08
70022,Ecom,2024,4,5,0.04
70022,Indirect,2024,4,3,0.03
70022,Store,2024,4,2,0.15
70022,Ecom,2024,5,5,0.2
70022,Indirect,2024,5,3,0.06
70022,Store,2024,5,2,0.14
70022,Ecom,2024,6,5,0.15
70022,Indirect,2024,6,3,0.01
70022,Store,2024,6,2,0.2
70022,Ecom,2024,7,5,0.15
70022,Indirect,2024,7,3,0.06
70022,Store,2024,7,2,0.0
70022,Ecom,2024,8,6,0.03
70022,Indirect,2024,8,3,0.16
70022,Store,2024,8,2,0.04
70022,Ecom,2024,9,4,0.11
70022,Indirect,2024,9,2,0.12
70022,Store,2024,9,1,0.13
70022,Ecom,2024,10,7,0.01
70022,Indirect,2024,10,4,0.18
70022,Store,2024,10,2,0.16
70022,Ecom,2024,11,7,0.0
70022,Indirect,2024,11,4,0.06
70022,Store,2024,11,2,0.04
70022,Ecom,2024,12,7,0.05
70022,Indirect,2024,12,4,0.08
70022,Store,2024,12,3,0.04
70022,Ecom,2024,13,7,0.02
70022,Indirect,2024,13,4,0.09
70022,Store,2024,13,2,0.15
70022,Ecom,2024,14,5,0.05
70022,Indirect,2024,14,3,0.1
70022,Store,2024,14,2,0.04
70022,Ecom,2024,15,7,0.16
70022,Indirect,2024,15,4,0.05
70022,Store,2024,15,2,0.01
70022,Ecom,2024,16,5,0.0
70022,Indirect,2024,16,3,0.17
70022,Store,2024,16,2,0.19
70022,Ecom,2024,17,6,0.1
70022,Indirect,2024,17,3,0.12
70022,Store,2024,17,2,0.07
70022,Ecom,2024,18,6,0.12
70022,Indirect,2024,18,3,0.17
70022,Store,2024,18,2,0.06
70022,Ecom,2024,19,5,0.09
70022,Indirect,2024,19,3,0.01
70022,Store,2024,19,2,0.06
70022,Ecom,2024,20,6,0.17
70022,Indirect,2024,20,3,0.12
70022,Store,2024,20,2,0.2
70022,Ecom,2024,21,7,0.2
70022,Indirect,2024,21,4,0.18
70022,Store,2024,21,2,0.07
70022,Ecom,2024,22,5,0.14
70022,Indirect,2024,22,3,0.15
70022,Store,2024,22,2,0.08
70022,Ecom,2024,23,7,0.13
70022,Indirect,2024,23,4,0.16
70022,Store,2024,23,3,0.0
70022,Ecom,2024,24,7,0.18
70022,Indirect,2024,24,4,0.05
70022,Store,2024,24,3,0.17
70022,Ecom,2024,25,5,0.17
70022,Indirect,2024,25,3,0.17
70022,Store,2024,25,2,0.17
70022,Ecom,2024,26,4,0.04
70022,Indirect,2024,26,2,0.11
70022,Store,2024,26,1,0.05
70022,Ecom,2024,27,5,0.19
70022,Indirect,2024,27,3,0.18
70022,Store,2024,27,2,0.03
70022,Ecom,2024,28,5,0.16
70022,Indirect,2024,28,3,0.11
70022,Store,2024,28,2,0.0
70022,Ecom,2024,29,8,0.04
70022,Indirect,2024,29,4,0.02
70022,Store,2024,29,3,0.18
70022,Ecom,2024,30,7,0.02
70022,Indirect,2024,30,4,0.12
70022,Store,2024,30,3,0.19
70022,Ecom,2024,31,8,0.18
70022,Indirect,2024,31,4,0.17
70022,Store,2024,31,3,0.19
70022,Ecom,2024,32,6,0.14
70022,Indirect,2024,32,3,0.17
70022,Store,2024,32,2,0.16
70022,Ecom,2024,33,6,0.17
70022,Indirect,2024,33,3,0.15
70022,Store,2024,33,2,0.18
70022,Ecom,2024,34,7,0.17
70022,Indirect,2024,34,4,0.04
70022,Store,2024,34,3,0.07
70022,Ecom,2024,35,6,0.0
70022,Indirect,2024,35,3,0.06
70022,Store,2024,35,2,0.17
70022,Ecom,2024,36,8,0.1
70022,Indirect,2024,36,4,0.1
70022,Store,2024,36,3,0.02
70022,Ecom,2024,37,6,0.19
70022,Indirect,2024,37,3,0.06
70022,Store,2024,37,2,0.13
70022,Ecom,2024,38,7,0.09
70022,Indirect,2024,38,4,0.09
70022,Store,2024,38,3,0.14
70022,Ecom,2024,39,5,0.07
70022,Indirect,2024,39,3,0.05
70022,Store,2024,39,2,0.01
70022,Ecom,2024,40,5,0.17
70022,Indirect,2024,40,3,0.15
70022,Store,2024,40,2,0.08
70022,Ecom,2024,41,4,0.1
70022,Indirect,2024,41,2,0.06
70022,Store,2024,41,1,0.13
70022,Ecom,2024,42,7,0.07
70022,Indirect,2024,42,4,0.07
70022,Store,2024,42,3,0.17
70022,Ecom,2024,43,7,0.14
70022,Indirect,2024,43,4,0.07
70022,Store,2024,43,3,0.19
70022,Ecom,2024,44,4,0.2
70022,Indirect,2024,44,2,0.14
70022,Store,2024,44,1,0.01
70022,Ecom,2024,45,5,0.16
70022,Indirect,2024,45,3,0.19
70022,Store,2024,45,2,0.02
70022,Ecom,2024,46,6,0.17
70022,Indirect,2024,46,3,0.13
70022,Store,2024,46,2,0.19
70022,Ecom,2024,47,7,0.04
70022,Indirect,2024,47,4,0.02
70022,Store,2024,47,3,0.18
70022,Ecom,2024,48,5,0.18
70022,Indirect,2024,48,3,0.19
70022,Store,2024,48,2,0.08
70022,Ecom,2024,49,7,0.04
70022,Indirect,2024,49,4,0.1
70022,Store,2024,49,2,0.02
70022,Ecom,2024,50,6,0.03
70022,Indirect,2024,50,3,0.09
70022,Store,2024,50,2,0.0
70022,Ecom,2024,51,8,0.12
70022,Indirect,2024,51,4,0.07
70022,Store,2024,51,3,0.05
70022,Ecom,2024,52,7,0.1
70022,Indirect,2024,52,4,0.11
70022,Store,2024,52,2,0.01
70022,Ecom,2025,1,5,0.09
70022,Indirect,2025,1,3,0.17
70022,Store,2025,1,2,0.04
70022,Ecom,2025,2,4,0.11
70022,Indirect,2025,2,2,0.04
70022,Store,2025,2,1,0.01
70022,Ecom,2025,3,4,0.1
70022,Indirect,2025,3,2,0.09
70022,Store,2025,3,1,0.05
70022,Ecom,2025,4,7,0.01
70022,Indirect,2025,4,4,0.06
70022,Store,2025,4,2,0.1
70022,Ecom,2025,5,5,0.19
70022,Indirect,2025,5,3,0.07
70022,Store,2025,5,2,0.09
70022,Ecom,2025,6,8,0.1
70022,Indirect,2025,6,4,0.05
70022,Store,2025,6,3,0.1
70022,Ecom,2025,7,8,0.17
70022,Indirect,2025,7,4,0.06
70022,Store,2025,7,3,0.01
70022,Ecom,2025,8,8,0.06
70022,Indirect,2025,8,4,0.02
70022,Store,2025,8,3,0.08
70022,Ecom,2025,9,7,0.07
70022,Indirect,2025,9,4,0.16
70022,Store,2025,9,2,0.19
70022,Ecom,2025,10,7,0.18
70022,Indirect,2025,10,4,0.12
70022,Store,2025,10,2,0.02
70022,Ecom,2025,11,7,0.05
70022,Indirect,2025,11,4,0.16
70022,Store,2025,11,2,0.18
70022,Ecom,2025,12,6,0.14
70022,Indirect,2025,12,3,0.01
70022,Store,2025,12,2,0.12
70022,Ecom,2025,13,7,0.18
70022,Indirect,2025,13,4,0.01
70022,Store,2025,13,2,0.04
70022,Ecom,2025,14,7,0.12
70022,Indirect,2025,14,4,0.09
70022,Store,2025,14,2,0.19
70022,Ecom,2025,15,4,0.17
70022,Indirect,2025,15,2,0.02
70022,Store,2025,15,1,0.05
70022,Ecom,2025,16,7,0.01
70022,Indirect,2025,16,4,0.15
70022,Store,2025,16,2,0.06
70022,Ecom,2025,17,7,0.12
70022,Indirect,2025,17,4,0.05
70022,Store,2025,17,3,0.16
70022,Ecom,2025,18,8,0.16
70022,Indirect,2025,18,4,0.02
70022,Store,2025,18,3,0.09
70022,Ecom,2025,19,4,0.09
70022,Indirect,2025,19,2,0.06
70022,Store,2025,19,1,0.11
70022,Ecom,2025,20,7,0.15
70022,Indirect,2025,20,4,0.16
70022,Store,2025,20,3,0.01
70022,Ecom,2025,21,6,0.08
70022,Indirect,2025,21,3,0.15
70022,Store,2025,21,2,0.18
70022,Ecom,2025,22,4,0.17
70022,Indirect,2025,22,2,0.07
70022,Store,2025,22,1,0.01
70022,Ecom,2025,23,6,0.11
70022,Indirect,2025,23,3,0.19
70022,Store,2025,23,2,0.16
70022,Ecom,2025,24,6,0.16
70022,Indirect,2025,24,3,0.18
70022,Store,2025,24,2,0.1
70022,Ecom,2025,25,5,0.13
70022,Indirect,2025,25,3,0.17
70022,Store,2025,25,2,0.14
70022,Ecom,2025,26,6,0.03
70022,Indirect,2025,26,3,0.15
70022,Store,2025,26,2,0.12
70022,Ecom,2025,27,7,0.09
70022,Indirect,2025,27,4,0.01
70022,Store,2025,27,2,0.05
70022,Ecom,2025,28,6,0.03
70022,Indirect,2025,28,3,0.07
70022,Store,2025,28,2,0.08
70022,Ecom,2025,29,5,0.06
70022,Indirect,2025,29,3,0.09
70022,Store,2025,29,2,0.18
70022,Ecom,2025,30,7,0.02
70022,Indirect,2025,30,4,0.08
70022,Store,2025,30,2,0.16
70022,Ecom,2025,31,4,0.14
70022,Indirect,2025,31,2,0.14
70022,Store,2025,31,1,0.05
70022,Ecom,2025,32,4,0.06
70022,Indirect,2025,32,2,0.07
70022,Store,2025,32,1,0.13
70022,Ecom,2025,33,4,0.03
70022,Indirect,2025,33,2,0.14
70022,Store,2025,33,1,0.01
70022,Ecom,2025,34,6,0.07
70022,Indirect,2025,34,3,0.07
70022,Store,2025,34,2,0.08
70022,Ecom,2025,35,5,0.16
70022,Indirect,2025,35,3,0.18
70022,Store,2025,35,2,0.11
70022,Ecom,2025,36,7,0.17
70022,Indirect,2025,36,4,0.02
70022,Store,2025,36,2,0.09
70022,Ecom,2025,37,4,0.15
70022,Indirect,2025,37,2,0.18
70022,Store,2025,37,1,0.03
70022,Ecom,2025,38,6,0.12
70022,Indirect,2025,38,3,0.11
70022,Store,2025,38,2,0.01
70022,Ecom,2025,39,6,0.07
70022,Indirect,2025,39,3,0.12
70022,Store,2025,39,2,0.18
70022,Ecom,2025,40,4,0.11
70022,Indirect,2025,40,2,0.09
70022,Store,2025,40,1,0.08
70022,Ecom,2025,41,5,0.09
70022,Indirect,2025,41,3,0.02
70022,Store,2025,41,2,0.13
70022,Ecom,2025,42,5,0.17
70022,Indirect,2025,42,3,0.05
70022,Store,2025,42,2,0.04
70022,Ecom,2025,43,5,0.15
70022,Indirect,2025,43,3,0.17
70022,Store,2025,43,2,0.17
70022,Ecom,2025,44,6,0.13
70022,Indirect,2025,44,3,0.07
70022,Store,2025,44,2,0.11
70022,Ecom,2025,45,4,0.17
70022,Indirect,2025,45,2,0.09
70022,Store,2025,45,1,0.1
70022,Ecom,2025,46,4,0.1
70022,Indirect,2025,46,2,0.04
70022,Store,2025,46,1,0.2
70022,Ecom,2025,47,4,0.07
70022,Indirect,2025,47,2,0.02
70022,Store,2025,47,1,0.04
70022,Ecom,2025,48,6,0.01
70022,Indirect,2025,48,3,0.13
70022,Store,2025,48,2,0.12
70022,Ecom,2025,49,7,0.07
70022,Indirect,2025,49,4,0.13
70022,Store,2025,49,2,0.07
70022,Ecom,2025,50,7,0.2
70022,Indirect,2025,50,4,0.04
70022,Store,2025,50,2,0.14
70022,Ecom,2025,51,7,0.05
70022,Indirect,2025,51,4,0.01
70022,Store,2025,51,3,0.1
70022,Ecom,2025,52,6,0.12
70022,Indirect,2025,52,3,0.15
70022,Store,2025,52,2,0.07
70023,Ecom,2024,1,3,0.14
70023,Indirect,2024,1,2,0.05
70023,Store,2024,1,1,0.05
70023,Ecom,2024,2,3,0.17
70023,Indirect,2024,2,1,0.18
70023,Store,2024,2,1,0.11
70023,Ecom,2024,3,3,0.1
70023,Indirect,2024,3,1,0.15
70023,Store,2024,3,1,0.0
70023,Ecom,2024,4,3,0.1
70023,Indirect,2024,4,2,0.11
70023,Store,2024,4,1,0.17
70023,Ecom,2024,5,2,0.1
70023,Indirect,2024,5,1,0.19
70023,Store,2024,5,0,0.05
70023,Ecom,2024,6,3,0.06
70023,Indirect,2024,6,1,0.15
70023,Store,2024,6,1,0.13
70023,Ecom,2024,7,2,0.03
70023,Indirect,2024,7,1,0.07
70023,Store,2024,7,1,0.09
70023,Ecom,2024,8,3,0.19
70023,Indirect,2024,8,2,0.11
70023,Store,2024,8,1,0.02
70023,Ecom,2024,9,3,0.19
70023,Indirect,2024,9,1,0.02
70023,Store,2024,9,1,0.09
70023,Ecom,2024,10,2,0.13
70023,Indirect,2024,10,1,0.04
70023,Store,2024,10,1,0.01
70023,Ecom,2024,11,2,0.1
70023,Indirect,2024,11,1,0.08
70023,Store,2024,11,1,0.17
70023,Ecom,2024,12,2,0.13
70023,Indirect,2024,12,1,0.19
70023,Store,2024,12,1,0.01
70023,Ecom,2024,13,3,0.04
70023,Indirect,2024,13,1,0.08
70023,Store,2024,13,1,0.05
70023,Ecom,2024,14,3,0.05
70023,Indirect,2024,14,2,0.2
70023,Store,2024,14,1,0.04
70023,Ecom,2024,15,2,0.13
70023,Indirect,2024,15,1,0.02
70023,Store,2024,15,1,0.03
70023,Ecom,2024,16,2,0.13
70023,Indirect,2024,16,1,0.16
70023,Store,2024,16,1,0.12
70023,Ecom,2024,17,2,0.11
70023,Indirect,2024,17,1,0.2
70023,Store,2024,17,1,0.07
70023,Ecom,2024,18,2,0.01
70023,Indirect,2024,18,1,0.09
70023,Store,2024,18,0,0.19
70023,Ecom,2024,19,4,0.14
70023,Indirect,2024,19,2,0.05
70023,Store,2024,19,1,0.08
70023,Ecom,2024,20,2,0.09
70023,Indirect,2024,20,1,0.15
70023,Store,2024,20,1,0.01
70023,Ecom,2024,21,3,0.04
70023,Indirect,2024,21,1,0.12
70023,Store,2024,21,1,0.16
70023,Ecom,2024,22,3,0.07
70023,Indirect,2024,22,2,0.18
70023,Store,2024,22,1,0.0
70023,Ecom,2024,23,2,0.03
70023,Indirect,2024,23,1,0.14
70023,Store,2024,23,1,0.1
70023,Ecom,2024,24,3,0.01
70023,Indirect,2024,24,1,0.02
70023,Store,2024,24,1,0.15
70023,Ecom,2024,25,3,0.18
70023,Indirect,2024,25,1,0.09
70023,Store,2024,25,1,0.12
70023,Ecom,2024,26,3,0.18
70023,Indirect,2024,26,1,0.06
70023,Store,2024,26,1,0.1
70023,Ecom,2024,27,3,0.07
70023,Indirect,2024,27,2,0.09
70023,Store,2024,27,1,0.02
70023,Ecom,2024,28,4,0.1
70023,Indirect,2024,28,2,0.09
70023,Store,2024,28,1,0.03
70023,Ecom,2024,29,3,0.07
70023,Indirect,2024,29,1,0.04
70023,Store,2024,29,1,0.07
70023,Ecom,2024,30,2,0.13
70023,Indirect,2024,30,1,0.01
70023,Store,2024,30,1,0.2
70023,Ecom,2024,31,3,0.0
70023,Indirect,2024,31,2,0.09
70023,Store,2024,31,1,0.15
70023,Ecom,2024,32,2,0.18
70023,Indirect,2024,32,1,0.19
70023,Store,2024,32,0,0.01
70023,Ecom,2024,33,2,0.19
70023,Indirect,2024,33,1,0.06
70023,Store,2024,33,1,0.15
70023,Ecom,2024,34,3,0.0
70023,Indirect,2024,34,2,0.1
70023,Store,2024,34,1,0.07
70023,Ecom,2024,35,3,0.02
70023,Indirect,2024,35,2,0.13
70023,Store,2024,35,1,0.0
70023,Ecom,2024,36,3,0.1
70023,Indirect,2024,36,1,0.19
70023,Store,2024,36,1,0.2
70023,Ecom,2024,37,3,0.14
70023,Indirect,2024,37,2,0.08
70023,Store,2024,37,1,0.12
70023,Ecom,2024,38,3,0.15
70023,Indirect,2024,38,1,0.2
70023,Store,2024,38,1,0.13
70023,Ecom,2024,39,2,0.11
70023,Indirect,2024,39,1,0.11
70023,Store,2024,39,1,0.18
70023,Ecom,2024,40,2,0.08
70023,Indirect,2024,40,1,0.14
70023,Store,2024,40,1,0.12
70023,Ecom,2024,41,3,0.12
70023,Indirect,2024,41,1,0.05
70023,Store,2024,41,1,0.02
70023,Ecom,2024,42,3,0.11
70023,Indirect,2024,42,1,0.15
70023,Store,2024,42,1,0.08
70023,Ecom,2024,43,2,0.19
70023,Indirect,2024,43,1,0.18
70023,Store,2024,43,1,0.04
70023,Ecom,2024,44,3,0.07
70023,Indirect,2024,44,2,0.01
70023,Store,2024,44,1,0.16
70023,Ecom,2024,45,3,0.19
70023,Indirect,2024,45,1,0.09
70023,Store,2024,45,1,0.01
70023,Ecom,2024,46,2,0.14
70023,Indirect,2024,46,1,0.05
70023,Store,2024,46,1,0.13
70023,Ecom,2024,47,2,0.13
70023,Indirect,2024,47,1,0.0
70023,Store,2024,47,1,0.14
70023,Ecom,2024,48,2,0.08
70023,Indirect,2024,48,1,0.19
70023,Store,2024,48,1,0.02
70023,Ecom,2024,49,2,0.19
70023,Indirect,2024,49,1,0.16
70023,Store,2024,49,0,0.11
70023,Ecom,2024,50,3,0.09
70023,Indirect,2024,50,1,0.13
70023,Store,2024,50,1,0.16
70023,Ecom,2024,51,2,0.07
70023,Indirect,2024,51,1,0.1
70023,Store,2024,51,1,0.03
70023,Ecom,2024,52,2,0.13
70023,Indirect,2024,52,1,0.2
70023,Store,2024,52,0,0.16
70023,Ecom,2025,1,2,0.07
70023,Indirect,2025,1,1,0.2
70023,Store,2025,1,1,0.16
70023,Ecom,2025,2,3,0.02
70023,Indirect,2025,2,1,0.03
70023,Store,2025,2,1,0.15
70023,Ecom,2025,3,2,0.13
70023,Indirect,2025,3,1,0.03
70023,Store,2025,3,1,0.14
70023,Ecom,2025,4,3,0.02
70023,Indirect,2025,4,1,0.03
70023,Store,2025,4,1,0.05
70023,Ecom,2025,5,2,0.11
70023,Indirect,2025,5,1,0.19
70023,Store,2025,5,1,0.04
70023,Ecom,2025,6,2,0.11
70023,Indirect,2025,6,1,0.04
70023,Store,2025,6,1,0.0
70023,Ecom,2025,7,3,0.08
70023,Indirect,2025,7,1,0.13
70023,Store,2025,7,1,0.1
70023,Ecom,2025,8,2,0.09
70023,Indirect,2025,8,1,0.02
70023,Store,2025,8,0,0.02
70023,Ecom,2025,9,3,0.18
70023,Indirect,2025,9,2,0.19
70023,Store,2025,9,1,0.15
70023,Ecom,2025,10,3,0.1
70023,Indirect,2025,10,1,0.1
70023,Store,2025,10,1,0.06
70023,Ecom,2025,11,3,0.09
70023,Indirect,2025,11,2,0.18
70023,Store,2025,11,1,0.07
70023,Ecom,2025,12,2,0.13
70023,Indirect,2025,12,1,0.14
70023,Store,2025,12,1,0.1
70023,Ecom,2025,13,2,0.02
70023,Indirect,2025,13,1,0.13
70023,Store,2025,13,1,0.03
70023,Ecom,2025,14,3,0.09
70023,Indirect,2025,14,2,0.14
70023,Store,2025,14,1,0.05
70023,Ecom,2025,15,3,0.05
70023,Indirect,2025,15,2,0.2
70023,Store,2025,15,1,0.01
70023,Ecom,2025,16,3,0.06
70023,Indirect,2025,16,2,0.19
70023,Store,2025,16,1,0.12
70023,Ecom,2025,17,3,0.11
70023,Indirect,2025,17,2,0.15
70023,Store,2025,17,1,0.06
70023,Ecom,2025,18,2,0.13
70023,Indirect,2025,18,1,0.01
70023,Store,2025,18,1,0.06
70023,Ecom,2025,19,2,0.04
70023,Indirect,2025,19,1,0.05
70023,Store,2025,19,1,0.01
70023,Ecom,2025,20,3,0.08
70023,Indirect,2025,20,1,0.15
70023,Store,2025,20,1,0.19
70023,Ecom,2025,21,3,0.13
70023,Indirect,2025,21,1,0.18
70023,Store,2025,21,1,0.19
70023,Ecom,2025,22,3,0.17
70023,Indirect,2025,22,1,0.09
70023,Store,2025,22,1,0.09
70023,Ecom,2025,23,2,0.15
70023,Indirect,2025,23,1,0.05
70023,Store,2025,23,1,0.06
70023,Ecom,2025,24,3,0.0
70023,Indirect,2025,24,1,0.16
70023,Store,2025,24,1,0.0
70023,Ecom,2025,25,2,0.18
70023,Indirect,2025,25,1,0.15
70023,Store,2025,25,0,0.0
70023,Ecom,2025,26,2,0.08
70023,Indirect,2025,26,1,0.0
70023,Store,2025,26,1,0.05
70023,Ecom,2025,27,2,0.2
70023,Indirect,2025,27,1,0.01
70023,Store,2025,27,1,0.14
70023,Ecom,2025,28,2,0.13
70023,Indirect,2025,28,1,0.0
70023,Store,2025,28,1,0.15
70023,Ecom,2025,29,4,0.01
70023,Indirect,2025,29,2,0.19
70023,Store,2025,29,1,0.17
70023,Ecom,2025,30,2,0.1
70023,Indirect,2025,30,1,0.0
70023,Store,2025,30,1,0.04
70023,Ecom,2025,31,2,0.07
70023,Indirect,2025,31,1,0.05
70023,Store,2025,31,0,0.01
70023,Ecom,2025,32,2,0.04
70023,Indirect,2025,32,1,0.01
70023,Store,2025,32,0,0.03
70023,Ecom,2025,33,3,0.09
70023,Indirect,2025,33,2,0.02
70023,Store,2025,33,1,0.17
70023,Ecom,2025,34,2,0.04
70023,Indirect,2025,34,1,0.01
70023,Store,2025,34,1,0.17
70023,Ecom,2025,35,3,0.12
70023,Indirect,2025,35,1,0.1
70023,Store,2025,35,1,0.17
70023,Ecom,2025,36,3,0.16
70023,Indirect,2025,36,2,0.11
70023,Store,2025,36,1,0.14
70023,Ecom,2025,37,2,0.17
70023,Indirect,2025,37,1,0.1
70023,Store,2025,37,1,0.01
70023,Ecom,2025,38,2,0.19
70023,Indirect,2025,38,1,0.06
70023,Store,2025,38,1,0.02
70023,Ecom,2025,39,4,0.09
70023,Indirect,2025,39,2,0.11
70023,Store,2025,39,1,0.07
70023,Ecom,2025,40,2,0.06
70023,Indirect,2025,40,1,0.19
70023,Store,2025,40,1,0.1
70023,Ecom,2025,41,3,0.12
70023,Indirect,2025,41,2,0.05
70023,Store,2025,41,1,0.18
70023,Ecom,2025,42,4,0.03
70023,Indirect,2025,42,2,0.01
70023,Store,2025,42,1,0.15
70023,Ecom,2025,43,2,0.17
70023,Indirect,2025,43,1,0.1
70023,Store,2025,43,1,0.1
70023,Ecom,2025,44,2,0.11
70023,Indirect,2025,44,1,0.06
70023,Store,2025,44,1,0.0
70023,Ecom,2025,45,3,0.17
70023,Indirect,2025,45,1,0.13
70023,Store,2025,45,1,0.09
70023,Ecom,2025,46,3,0.01
70023,Indirect,2025,46,2,0.04
70023,Store,2025,46,1,0.07
70023,Ecom,2025,47,2,0.02
70023,Indirect,2025,47,1,0.16
70023,Store,2025,47,0,0.09
70023,Ecom,2025,48,3,0.04
70023,Indirect,2025,48,1,0.18
70023,Store,2025,48,1,0.18
70023,Ecom,2025,49,2,0.04
70023,Indirect,2025,49,1,0.07
70023,Store,2025,49,1,0.06
70023,Ecom,2025,50,2,0.14
70023,Indirect,2025,50,1,0.15
70023,Store,2025,50,1,0.18
70023,Ecom,2025,51,3,0.16
70023,Indirect,2025,51,1,0.13
70023,Store,2025,51,1,0.02
70023,Ecom,2025,52,2,0.05
70023,Indirect,2025,52,1,0.02
70023,Store,2025,52,1,0.05
70024,Ecom,2024,1,8,0.15
70024,Indirect,2024,1,5,0.09
70024,Store,2024,1,3,0.11
70024,Ecom,2024,2,8,0.14
70024,Indirect,2024,2,5,0.09
70024,Store,2024,2,3,0.07
70024,Ecom,2024,3,8,0.12
70024,Indirect,2024,3,4,0.03
70024,Store,2024,3,3,0.09
70024,Ecom,2024,4,8,0.15
70024,Indirect,2024,4,4,0.06
70024,Store,2024,4,3,0.19
70024,Ecom,2024,5,9,0.12
70024,Indirect,2024,5,5,0.1
70024,Store,2024,5,3,0.03
70024,Ecom,2024,6,7,0.06
70024,Indirect,2024,6,4,0.1
70024,Store,2024,6,2,0.01
70024,Ecom,2024,7,5,0.2
70024,Indirect,2024,7,3,0.0
70024,Store,2024,7,2,0.06
70024,Ecom,2024,8,7,0.2
70024,Indirect,2024,8,4,0.07
70024,Store,2024,8,3,0.06
70024,Ecom,2024,9,7,0.13
70024,Indirect,2024,9,4,0.18
70024,Store,2024,9,3,0.14
70024,Ecom,2024,10,5,0.18
70024,Indirect,2024,10,3,0.18
70024,Store,2024,10,2,0.02
70024,Ecom,2024,11,9,0.18
70024,Indirect,2024,11,5,0.17
70024,Store,2024,11,3,0.19
70024,Ecom,2024,12,7,0.13
70024,Indirect,2024,12,4,0.16
70024,Store,2024,12,2,0.17
70024,Ecom,2024,13,8,0.18
70024,Indirect,2024,13,4,0.13
70024,Store,2024,13,3,0.08
70024,Ecom,2024,14,10,0.08
70024,Indirect,2024,14,6,0.02
70024,Store,2024,14,4,0.18
70024,Ecom,2024,15,7,0.16
70024,Indirect,2024,15,4,0.18
70024,Store,2024,15,2,0.16
70024,Ecom,2024,16,8,0.06
70024,Indirect,2024,16,5,0.1
70024,Store,2024,16,3,0.08
70024,Ecom,2024,17,9,0.06
70024,Indirect,2024,17,5,0.09
70024,Store,2024,17,3,0.15
70024,Ecom,2024,18,6,0.16
70024,Indirect,2024,18,3,0.11
70024,Store,2024,18,2,0.14
70024,Ecom,2024,19,8,0.05
70024,Indirect,2024,19,5,0.18
70024,Store,2024,19,3,0.12
70024,Ecom,2024,20,7,0.02
70024,Indirect,2024,20,4,0.04
70024,Store,2024,20,2,0.01
70024,Ecom,2024,21,6,0.03
70024,Indirect,2024,21,3,0.01
70024,Store,2024,21,2,0.01
70024,Ecom,2024,22,6,0.04
70024,Indirect,2024,22,3,0.02
70024,Store,2024,22,2,0.06
70024,Ecom,2024,23,6,0.03
70024,Indirect,2024,23,3,0.12
70024,Store,2024,23,2,0.08
70024,Ecom,2024,24,8,0.05
70024,Indirect,2024,24,5,0.13
70024,Store,2024,24,3,0.06
70024,Ecom,2024,25,7,0.05
70024,Indirect,2024,25,4,0.02
70024,Store,2024,25,3,0.2
70024,Ecom,2024,26,6,0.0
70024,Indirect,2024,26,3,0.12
70024,Store,2024,26,2,0.01
70024,Ecom,2024,27,6,0.05
70024,Indirect,2024,27,3,0.04
70024,Store,2024,27,2,0.07
70024,Ecom,2024,28,7,0.06
70024,Indirect,2024,28,4,0.16
70024,Store,2024,28,2,0.08
70024,Ecom,2024,29,9,0.14
70024,Indirect,2024,29,5,0.18
70024,Store,2024,29,3,0.09
70024,Ecom,2024,30,7,0.12
70024,Indirect,2024,30,4,0.2
70024,Store,2024,30,2,0.02
70024,Ecom,2024,31,8,0.16
70024,Indirect,2024,31,5,0.11
70024,Store,2024,31,3,0.02
70024,Ecom,2024,32,10,0.07
70024,Indirect,2024,32,6,0.18
70024,Store,2024,32,4,0.09
70024,Ecom,2024,33,6,0.11
70024,Indirect,2024,33,3,0.06
70024,Store,2024,33,2,0.06
70024,Ecom,2024,34,9,0.18
70024,Indirect,2024,34,5,0.12
70024,Store,2024,34,3,0.13
70024,Ecom,2024,35,8,0.09
70024,Indirect,2024,35,5,0.15
70024,Store,2024,35,3,0.12
70024,Ecom,2024,36,10,0.16
70024,Indirect,2024,36,6,0.18
70024,Store,2024,36,4,0.01
70024,Ecom,2024,37,7,0.03
70024,Indirect,2024,37,4,0.06
70024,Store,2024,37,3,0.01
70024,Ecom,2024,38,9,0.09
70024,Indirect,2024,38,5,0.11
70024,Store,2024,38,3,0.17
70024,Ecom,2024,39,9,0.17
70024,Indirect,2024,39,5,0.01
70024,Store,2024,39,3,0.02
70024,Ecom,2024,40,7,0.12
70024,Indirect,2024,40,4,0.2
70024,Store,2024,40,3,0.07
70024,Ecom,2024,41,6,0.05
70024,Indirect,2024,41,3,0.03
70024,Store,2024,41,2,0.15
70024,Ecom,2024,42,8,0.05
70024,Indirect,2024,42,4,0.15
70024,Store,2024,42,3,0.08
70024,Ecom,2024,43,6,0.01
70024,Indirect,2024,43,3,0.16
70024,Store,2024,43,2,0.17
70024,Ecom,2024,44,9,0.19
70024,Indirect,2024,44,5,0.19
70024,Store,2024,44,3,0.0
70024,Ecom,2024,45,6,0.1
70024,Indirect,2024,45,3,0.1
70024,Store,2024,45,2,0.07
70024,Ecom,2024,46,6,0.05
70024,Indirect,2024,46,3,0.2
70024,Store,2024,46,2,0.1
70024,Ecom,2024,47,7,0.15
70024,Indirect,2024,47,4,0.15
70024,Store,2024,47,3,0.16
70024,Ecom,2024,48,9,0.06
70024,Indirect,2024,48,5,0.05
70024,Store,2024,48,3,0.1
70024,Ecom,2024,49,9,0.05
70024,Indirect,2024,49,5,0.18
70024,Store,2024,49,3,0.02
70024,Ecom,2024,50,6,0.08
70024,Indirect,2024,50,3,0.04
70024,Store,2024,50,2,0.03
70024,Ecom,2024,51,7,0.0
70024,Indirect,2024,51,4,0.12
70024,Store,2024,51,2,0.11
70024,Ecom,2024,52,6,0.15
70024,Indirect,2024,52,3,0.08
70024,Store,2024,52,2,0.11
70024,Ecom,2025,1,9,0.1
70024,Indirect,2025,1,5,0.02
70024,Store,2025,1,3,0.07
70024,Ecom,2025,2,6,0.18
70024,Indirect,2025,2,3,0.05
70024,Store,2025,2,2,0.01
70024,Ecom,2025,3,7,0.07
70024,Indirect,2025,3,4,0.16
70024,Store,2025,3,3,0.0
70024,Ecom,2025,4,6,0.06
70024,Indirect,2025,4,3,0.02
70024,Store,2025,4,2,0.1
70024,Ecom,2025,5,9,0.18
70024,Indirect,2025,5,5,0.12
70024,Store,2025,5,3,0.0
70024,Ecom,2025,6,8,0.03
70024,Indirect,2025,6,5,0.11
70024,Store,2025,6,3,0.12
70024,Ecom,2025,7,10,0.11
70024,Indirect,2025,7,6,0.05
70024,Store,2025,7,4,0.02
70024,Ecom,2025,8,9,0.07
70024,Indirect,2025,8,5,0.06
70024,Store,2025,8,3,0.11
70024,Ecom,2025,9,8,0.12
70024,Indirect,2025,9,5,0.0
70024,Store,2025,9,3,0.17
70024,Ecom,2025,10,8,0.17
70024,Indirect,2025,10,5,0.13
70024,Store,2025,10,3,0.13
70024,Ecom,2025,11,6,0.07
70024,Indirect,2025,11,3,0.19
70024,Store,2025,11,2,0.06
70024,Ecom,2025,12,9,0.05
70024,Indirect,2025,12,5,0.09
70024,Store,2025,12,3,0.19
70024,Ecom,2025,13,8,0.1
70024,Indirect,2025,13,5,0.0
70024,Store,2025,13,3,0.08
70024,Ecom,2025,14,6,0.11
70024,Indirect,2025,14,3,0.2
70024,Store,2025,14,2,0.05
70024,Ecom,2025,15,10,0.18
70024,Indirect,2025,15,6,0.03
70024,Store,2025,15,4,0.18
70024,Ecom,2025,16,9,0.03
70024,Indirect,2025,16,5,0.03
70024,Store,2025,16,3,0.12
70024,Ecom,2025,17,9,0.06
70024,Indirect,2025,17,5,0.15
70024,Store,2025,17,3,0.13
70024,Ecom,2025,18,6,0.14
70024,Indirect,2025,18,3,0.06
70024,Store,2025,18,2,0.03
70024,Ecom,2025,19,7,0.01
70024,Indirect,2025,19,4,0.17
70024,Store,2025,19,3,0.01
70024,Ecom,2025,20,10,0.2
70024,Indirect,2025,20,6,0.18
70024,Store,2025,20,4,0.12
70024,Ecom,2025,21,10,0.01
70024,Indirect,2025,21,6,0.07
70024,Store,2025,21,4,0.09
70024,Ecom,2025,22,6,0.14
70024,Indirect,2025,22,3,0.16
70024,Store,2025,22,2,0.09
70024,Ecom,2025,23,5,0.07
70024,Indirect,2025,23,3,0.17
70024,Store,2025,23,2,0.2
70024,Ecom,2025,24,7,0.0
70024,Indirect,2025,24,4,0.17
70024,Store,2025,24,2,0.14
70024,Ecom,2025,25,5,0.1
70024,Indirect,2025,25,3,0.07
70024,Store,2025,25,2,0.2
70024,Ecom,2025,26,8,0.19
70024,Indirect,2025,26,4,0.08
70024,Store,2025,26,3,0.07
70024,Ecom,2025,27,8,0.02
70024,Indirect,2025,27,4,0.08
70024,Store,2025,27,3,0.06
70024,Ecom,2025,28,6,0.17
70024,Indirect,2025,28,3,0.11
70024,Store,2025,28,2,0.14
70024,Ecom,2025,29,8,0.04
70024,Indirect,2025,29,5,0.06
70024,Store,2025,29,3,0.04
70024,Ecom,2025,30,8,0.06
70024,Indirect,2025,30,5,0.03
70024,Store,2025,30,3,0.16
70024,Ecom,2025,31,6,0.2
70024,Indirect,2025,31,3,0.07
70024,Store,2025,31,2,0.13
70024,Ecom,2025,32,10,0.05
70024,Indirect,2025,32,6,0.18
70024,Store,2025,32,4,0.07
70024,Ecom,2025,33,8,0.09
70024,Indirect,2025,33,4,0.11
70024,Store,2025,33,3,0.14
70024,Ecom,2025,34,9,0.08
70024,Indirect,2025,34,5,0.14
70024,Store,2025,34,3,0.18
70024,Ecom,2025,35,8,0.09
70024,Indirect,2025,35,4,0.09
70024,Store,2025,35,3,0.04
70024,Ecom,2025,36,8,0.05
70024,Indirect,2025,36,5,0.07
70024,Store,2025,36,3,0.19
70024,Ecom,2025,37,6,0.07
70024,Indirect,2025,37,3,0.13
70024,Store,2025,37,2,0.12
70024,Ecom,2025,38,9,0.03
70024,Indirect,2025,38,5,0.05
70024,Store,2025,38,3,0.04
70024,Ecom,2025,39,6,0.08
70024,Indirect,2025,39,3,0.15
70024,Store,2025,39,2,0.17
70024,Ecom,2025,40,6,0.14
70024,Indirect,2025,40,3,0.04
70024,Store,2025,40,2,0.09
70024,Ecom,2025,41,6,0.05
70024,Indirect,2025,41,3,0.16
70024,Store,2025,41,2,0.14
70024,Ecom,2025,42,7,0.18
70024,Indirect,2025,42,4,0.02
70024,Store,2025,42,3,0.06
70024,Ecom,2025,43,8,0.03
70024,Indirect,2025,43,5,0.09
70024,Store,2025,43,3,0.09
70024,Ecom,2025,44,6,0.06
70024,Indirect,2025,44,3,0.05
70024,Store,2025,44,2,0.11
70024,Ecom,2025,45,7,0.11
70024,Indirect,2025,45,4,0.07
70024,Store,2025,45,2,0.14
70024,Ecom,2025,46,9,0.12
70024,Indirect,2025,46,5,0.17
70024,Store,2025,46,3,0.09
70024,Ecom,2025,47,6,0.18
70024,Indirect,2025,47,3,0.04
70024,Store,2025,47,2,0.01
70024,Ecom,2025,48,9,0.02
70024,Indirect,2025,48,5,0.1
70024,Store,2025,48,3,0.09
70024,Ecom,2025,49,5,0.09
70024,Indirect,2025,49,3,0.02
70024,Store,2025,49,2,0.14
70024,Ecom,2025,50,9,0.08
70024,Indirect,2025,50,5,0.11
70024,Store,2025,50,3,0.08
70024,Ecom,2025,51,8,0.19
70024,Indirect,2025,51,4,0.05
70024,Store,2025,51,3,0.12
70024,Ecom,2025,52,5,0.18
70024,Indirect,2025,52,3,0.01
70024,Store,2025,52,2,0.09
70025,Ecom,2024,1,2,0.11
70025,Indirect,2024,1,1,0.05
70025,Store,2024,1,1,0.04
70025,Ecom,2024,2,3,0.16
70025,Indirect,2024,2,1,0.19
70025,Store,2024,2,1,0.08
70025,Ecom,2024,3,2,0.06
70025,Indirect,2024,3,1,0.02
70025,Store,2024,3,1,0.17
70025,Ecom,2024,4,3,0.03
70025,Indirect,2024,4,2,0.18
70025,Store,2024,4,1,0.1
70025,Ecom,2024,5,3,0.13
70025,Indirect,2024,5,1,0.15
70025,Store,2024,5,1,0.04
70025,Ecom,2024,6,2,0.11
70025,Indirect,2024,6,1,0.13
70025,Store,2024,6,1,0.14
70025,Ecom,2024,7,2,0.04
70025,Indirect,2024,7,1,0.13
70025,Store,2024,7,1,0.09
70025,Ecom,2024,8,4,0.19
70025,Indirect,2024,8,2,0.19
70025,Store,2024,8,1,0.2
70025,Ecom,2024,9,3,0.16
70025,Indirect,2024,9,2,0.01
70025,Store,2024,9,1,0.16
70025,Ecom,2024,10,3,0.03
70025,Indirect,2024,10,2,0.02
70025,Store,2024,10,1,0.18
70025,Ecom,2024,11,2,0.01
70025,Indirect,2024,11,1,0.07
70025,Store,2024,11,1,0.07
70025,Ecom,2024,12,2,0.04
70025,Indirect,2024,12,1,0.09
70025,Store,2024,12,1,0.17
70025,Ecom,2024,13,2,0.1
70025,Indirect,2024,13,1,0.19
70025,Store,2024,13,0,0.16
70025,Ecom,2024,14,2,0.11
70025,Indirect,2024,14,1,0.04
70025,Store,2024,14,0,0.03
70025,Ecom,2024,15,3,0.18
70025,Indirect,2024,15,2,0.2
70025,Store,2024,15,1,0.0
70025,Ecom,2024,16,2,0.07
70025,Indirect,2024,16,1,0.07
70025,Store,2024,16,0,0.02
70025,Ecom,2024,17,3,0.09
70025,Indirect,2024,17,2,0.2
70025,Store,2024,17,1,0.01
70025,Ecom,2024,18,3,0.02
70025,Indirect,2024,18,1,0.19
70025,Store,2024,18,1,0.18
70025,Ecom,2024,19,2,0.07
70025,Indirect,2024,19,1,0.19
70025,Store,2024,19,0,0.12
70025,Ecom,2024,20,3,0.12
70025,Indirect,2024,20,1,0.09
70025,Store,2024,20,1,0.17
70025,Ecom,2024,21,2,0.11
70025,Indirect,2024,21,1,0.18
70025,Store,2024,21,0,0.01
70025,Ecom,2024,22,2,0.08
70025,Indirect,2024,22,1,0.12
70025,Store,2024,22,1,0.17
70025,Ecom,2024,23,3,0.02
70025,Indirect,2024,23,1,0.19
70025,Store,2024,23,1,0.04
70025,Ecom,2024,24,3,0.02
70025,Indirect,2024,24,2,0.02
70025,Store,2024,24,1,0.13
70025,Ecom,2024,25,3,0.17
70025,Indirect,2024,25,1,0.01
70025,Store,2024,25,1,0.02
70025,Ecom,2024,26,2,0.09
70025,Indirect,2024,26,1,0.03
70025,Store,2024,26,0,0.03
70025,Ecom,2024,27,3,0.16
70025,Indirect,2024,27,1,0.16
70025,Store,2024,27,1,0.08
70025,Ecom,2024,28,2,0.05
70025,Indirect,2024,28,1,0.14
70025,Store,2024,28,1,0.07
70025,Ecom,2024,29,3,0.02
70025,Indirect,2024,29,2,0.04
70025,Store,2024,29,1,0.11
70025,Ecom,2024,30,2,0.18
70025,Indirect,2024,30,1,0.17
70025,Store,2024,30,0,0.09
70025,Ecom,2024,31,2,0.08
70025,Indirect,2024,31,1,0.07
70025,Store,2024,31,0,0.07
70025,Ecom,2024,32,3,0.03
70025,Indirect,2024,32,1,0.01
70025,Store,2024,32,1,0.02
70025,Ecom,2024,33,2,0.04
70025,Indirect,2024,33,1,0.08
70025,Store,2024,33,1,0.03
70025,Ecom,2024,34,2,0.12
70025,Indirect,2024,34,1,0.11
70025,Store,2024,34,1,0.06
70025,Ecom,2024,35,3,0.11
70025,Indirect,2024,35,2,0.04
70025,Store,2024,35,1,0.17
70025,Ecom,2024,36,3,0.03
70025,Indirect,2024,36,1,0.1
70025,Store,2024,36,1,0.01
70025,Ecom,2024,37,2,0.18
70025,Indirect,2024,37,1,0.08
70025,Store,2024,37,1,0.1
70025,Ecom,2024,38,2,0.09
70025,Indirect,2024,38,1,0.17
70025,Store,2024,38,0,0.18
70025,Ecom,2024,39,3,0.2
70025,Indirect,2024,39,1,0.2
70025,Store,2024,39,1,0.02
70025,Ecom,2024,40,3,0.05
70025,Indirect,2024,40,2,0.12
70025,Store,2024,40,1,0.1
70025,Ecom,2024,41,2,0.04
70025,Indirect,2024,41,1,0.2
70025,Store,2024,41,1,0.17
70025,Ecom,2024,42,3,0.16
70025,Indirect,2024,42,1,0.14
70025,Store,2024,42,1,0.08
70025,Ecom,2024,43,3,0.17
70025,Indirect,2024,43,2,0.07
70025,Store,2024,43,1,0.18
70025,Ecom,2024,44,2,0.04
70025,Indirect,2024,44,1,0.18
70025,Store,2024,44,1,0.16
70025,Ecom,2024,45,2,0.11
70025,Indirect,2024,45,1,0.03
70025,Store,2024,45,1,0.15
70025,Ecom,2024,46,2,0.2
70025,Indirect,2024,46,1,0.18
70025,Store,2024,46,0,0.07
70025,Ecom,2024,47,3,0.09
70025,Indirect,2024,47,2,0.12
70025,Store,2024,47,1,0.18
70025,Ecom,2024,48,2,0.0
70025,Indirect,2024,48,1,0.06
70025,Store,2024,48,0,0.11
70025,Ecom,2024,49,3,0.04
70025,Indirect,2024,49,2,0.01
70025,Store,2024,49,1,0.0
70025,Ecom,2024,50,2,0.04
70025,Indirect,2024,50,1,0.19
70025,Store,2024,50,0,0.08
70025,Ecom,2024,51,2,0.04
70025,Indirect,2024,51,1,0.09
70025,Store,2024,51,1,0.05
70025,Ecom,2024,52,2,0.09
70025,Indirect,2024,52,1,0.08
70025,Store,2024,52,1,0.19
70025,Ecom,2025,1,3,0.01
70025,Indirect,2025,1,1,0.01
70025,Store,2025,1,1,0.14
70025,Ecom,2025,2,3,0.12
70025,Indirect,2025,2,1,0.19
70025,Store,2025,2,1,0.06
70025,Ecom,2025,3,2,0.08
70025,Indirect,2025,3,1,0.19
70025,Store,2025,3,1,0.18
70025,Ecom,2025,4,3,0.15
70025,Indirect,2025,4,1,0.06
70025,Store,2025,4,1,0.09
70025,Ecom,2025,5,2,0.12
70025,Indirect,2025,5,1,0.16
70025,Store,2025,5,1,0.11
70025,Ecom,2025,6,3,0.05
70025,Indirect,2025,6,2,0.16
70025,Store,2025,6,1,0.14
70025,Ecom,2025,7,3,0.11
70025,Indirect,2025,7,2,0.06
70025,Store,2025,7,1,0.08
70025,Ecom,2025,8,3,0.06
70025,Indirect,2025,8,2,0.19
70025,Store,2025,8,1,0.14
70025,Ecom,2025,9,4,0.08
70025,Indirect,2025,9,2,0.1
70025,Store,2025,9,1,0.15
70025,Ecom,2025,10,4,0.02
70025,Indirect,2025,10,2,0.18
70025,Store,2025,10,1,0.19
70025,Ecom,2025,11,2,0.07
70025,Indirect,2025,11,1,0.02
70025,Store,2025,11,1,0.13
70025,Ecom,2025,12,3,0.07
70025,Indirect,2025,12,1,0.04
70025,Store,2025,12,1,0.17
70025,Ecom,2025,13,2,0.19
70025,Indirect,2025,13,1,0.03
70025,Store,2025,13,0,0.09
70025,Ecom,2025,14,2,0.01
70025,Indirect,2025,14,1,0.01
70025,Store,2025,14,1,0.02
70025,Ecom,2025,15,2,0.05
70025,Indirect,2025,15,1,0.06
70025,Store,2025,15,0,0.11
70025,Ecom,2025,16,3,0.1
70025,Indirect,2025,16,2,0.17
70025,Store,2025,16,1,0.08
70025,Ecom,2025,17,3,0.05
70025,Indirect,2025,17,2,0.08
70025,Store,2025,17,1,0.05
70025,Ecom,2025,18,2,0.1
70025,Indirect,2025,18,1,0.2
70025,Store,2025,18,1,0.15
70025,Ecom,2025,19,3,0.06
70025,Indirect,2025,19,1,0.15
70025,Store,2025,19,1,0.13
70025,Ecom,2025,20,4,0.18
70025,Indirect,2025,20,2,0.01
70025,Store,2025,20,1,0.18
70025,Ecom,2025,21,2,0.06
70025,Indirect,2025,21,1,0.06
70025,Store,2025,21,0,0.05
70025,Ecom,2025,22,2,0.04
70025,Indirect,2025,22,1,0.1
70025,Store,2025,22,1,0.05
70025,Ecom,2025,23,3,0.2
70025,Indirect,2025,23,1,0.01
70025,Store,2025,23,1,0.02
70025,Ecom,2025,24,2,0.04
70025,Indirect,2025,24,1,0.19
70025,Store,2025,24,1,0.16
70025,Ecom,2025,25,3,0.2
70025,Indirect,2025,25,1,0.01
70025,Store,2025,25,1,0.01
70025,Ecom,2025,26,2,0.16
70025,Indirect,2025,26,1,0.16
70025,Store,2025,26,1,0.07
70025,Ecom,2025,27,3,0.08
70025,Indirect,2025,27,2,0.12
70025,Store,2025,27,1,0.16
70025,Ecom,2025,28,3,0.11
70025,Indirect,2025,28,2,0.07
70025,Store,2025,28,1,0.03
70025,Ecom,2025,29,3,0.19
70025,Indirect,2025,29,1,0.2
70025,Store,2025,29,1,0.18
70025,Ecom,2025,30,3,0.0
70025,Indirect,2025,30,2,0.1
70025,Store,2025,30,1,0.2
70025,Ecom,2025,31,3,0.13
70025,Indirect,2025,31,1,0.12
70025,Store,2025,31,1,0.11
70025,Ecom,2025,32,3,0.1
70025,Indirect,2025,32,1,0.08
70025,Store,2025,32,1,0.19
70025,Ecom,2025,33,2,0.12
70025,Indirect,2025,33,1,0.19
70025,Store,2025,33,1,0.06
70025,Ecom,2025,34,2,0.0
70025,Indirect,2025,34,1,0.02
70025,Store,2025,34,0,0.05
70025,Ecom,2025,35,3,0.0
70025,Indirect,2025,35,1,0.18
70025,Store,2025,35,1,0.11
70025,Ecom,2025,36,3,0.19
70025,Indirect,2025,36,1,0.06
70025,Store,2025,36,1,0.08
70025,Ecom,2025,37,4,0.18
70025,Indirect,2025,37,2,0.16
70025,Store,2025,37,1,0.06
70025,Ecom,2025,38,3,0.0
70025,Indirect,2025,38,2,0.02
70025,Store,2025,38,1,0.11
70025,Ecom,2025,39,2,0.02
70025,Indirect,2025,39,1,0.2
70025,Store,2025,39,0,0.07
70025,Ecom,2025,40,2,0.17
70025,Indirect,2025,40,1,0.03
70025,Store,2025,40,0,0.17
70025,Ecom,2025,41,2,0.05
70025,Indirect,2025,41,1,0.16
70025,Store,2025,41,1,0.05
70025,Ecom,2025,42,4,0.01
70025,Indirect,2025,42,2,0.01
70025,Store,2025,42,1,0.03
70025,Ecom,2025,43,4,0.05
70025,Indirect,2025,43,2,0.05
70025,Store,2025,43,1,0.07
70025,Ecom,2025,44,2,0.12
70025,Indirect,2025,44,1,0.08
70025,Store,2025,44,0,0.17
70025,Ecom,2025,45,3,0.1
70025,Indirect,2025,45,2,0.12
70025,Store,2025,45,1,0.19
70025,Ecom,2025,46,2,0.19
70025,Indirect,2025,46,1,0.11
70025,Store,2025,46,1,0.02
70025,Ecom,2025,47,2,0.15
70025,Indirect,2025,47,1,0.2
70025,Store,2025,47,1,0.0
70025,Ecom,2025,48,2,0.16
70025,Indirect,2025,48,1,0.17
70025,Store,2025,48,1,0.03
70025,Ecom,2025,49,2,0.12
70025,Indirect,2025,49,1,0.12
70025,Store,2025,49,1,0.08
70025,Ecom,2025,50,3,0.19
70025,Indirect,2025,50,1,0.18
70025,Store,2025,50,1,0.06
70025,Ecom,2025,51,4,0.06
70025,Indirect,2025,51,2,0.06
70025,Store,2025,51,1,0.09
70025,Ecom,2025,52,3,0.01
70025,Indirect,2025,52,2,0.18
70025,Store,2025,52,1,0.16
70026,Ecom,2024,1,5,0.09
70026,Indirect,2024,1,3,0.15
70026,Store,2024,1,2,0.16
70026,Ecom,2024,2,5,0.01
70026,Indirect,2024,2,3,0.09
70026,Store,2024,2,2,0.06
70026,Ecom,2024,3,5,0.18
70026,Indirect,2024,3,3,0.04
70026,Store,2024,3,2,0.19
70026,Ecom,2024,4,4,0.14
70026,Indirect,2024,4,2,0.14
70026,Store,2024,4,1,0.15
70026,Ecom,2024,5,5,0.05
70026,Indirect,2024,5,3,0.13
70026,Store,2024,5,2,0.07
70026,Ecom,2024,6,6,0.02
70026,Indirect,2024,6,3,0.02
70026,Store,2024,6,2,0.03
70026,Ecom,2024,7,3,0.02
70026,Indirect,2024,7,2,0.08
70026,Store,2024,7,1,0.12
70026,Ecom,2024,8,5,0.01
70026,Indirect,2024,8,3,0.03
70026,Store,2024,8,2,0.01
70026,Ecom,2024,9,5,0.06
70026,Indirect,2024,9,3,0.11
70026,Store,2024,9,2,0.07
70026,Ecom,2024,10,6,0.09
70026,Indirect,2024,10,3,0.04
70026,Store,2024,10,2,0.16
70026,Ecom,2024,11,5,0.12
70026,Indirect,2024,11,3,0.18
70026,Store,2024,11,2,0.01
70026,Ecom,2024,12,4,0.07
70026,Indirect,2024,12,2,0.06
70026,Store,2024,12,1,0.01
70026,Ecom,2024,13,4,0.15
70026,Indirect,2024,13,2,0.2
70026,Store,2024,13,1,0.17
70026,Ecom,2024,14,6,0.04
70026,Indirect,2024,14,3,0.01
70026,Store,2024,14,2,0.12
70026,Ecom,2024,15,6,0.01
70026,Indirect,2024,15,3,0.09
70026,Store,2024,15,2,0.07
70026,Ecom,2024,16,6,0.16
70026,Indirect,2024,16,3,0.15
70026,Store,2024,16,2,0.16
70026,Ecom,2024,17,3,0.14
70026,Indirect,2024,17,2,0.17
70026,Store,2024,17,1,0.06
70026,Ecom,2024,18,3,0.17
70026,Indirect,2024,18,2,0.18
70026,Store,2024,18,1,0.0
70026,Ecom,2024,19,5,0.06
70026,Indirect,2024,19,3,0.14
70026,Store,2024,19,2,0.1
70026,Ecom,2024,20,6,0.16
70026,Indirect,2024,20,3,0.04
70026,Store,2024,20,2,0.12
70026,Ecom,2024,21,4,0.02
70026,Indirect,2024,21,2,0.14
70026,Store,2024,21,1,0.08
70026,Ecom,2024,22,6,0.18
70026,Indirect,2024,22,3,0.16
70026,Store,2024,22,2,0.09
70026,Ecom,2024,23,4,0.07
70026,Indirect,2024,23,2,0.0
70026,Store,2024,23,1,0.1
70026,Ecom,2024,24,6,0.01
70026,Indirect,2024,24,3,0.19
70026,Store,2024,24,2,0.0
70026,Ecom,2024,25,6,0.06
70026,Indirect,2024,25,3,0.05
70026,Store,2024,25,2,0.19
70026,Ecom,2024,26,5,0.09
70026,Indirect,2024,26,3,0.19
70026,Store,2024,26,2,0.2
70026,Ecom,2024,27,3,0.13
70026,Indirect,2024,27,2,0.02
70026,Store,2024,27,1,0.11
70026,Ecom,2024,28,4,0.15
70026,Indirect,2024,28,2,0.14
70026,Store,2024,28,1,0.13
70026,Ecom,2024,29,6,0.09
70026,Indirect,2024,29,3,0.06
70026,Store,2024,29,2,0.01
70026,Ecom,2024,30,4,0.15
70026,Indirect,2024,30,2,0.01
70026,Store,2024,30,1,0.06
70026,Ecom,2024,31,6,0.07
70026,Indirect,2024,31,3,0.19
70026,Store,2024,31,2,0.14
70026,Ecom,2024,32,4,0.05
70026,Indirect,2024,32,2,0.16
70026,Store,2024,32,1,0.14
70026,Ecom,2024,33,4,0.1
70026,Indirect,2024,33,2,0.14
70026,Store,2024,33,1,0.13
70026,Ecom,2024,34,6,0.08
70026,Indirect,2024,34,3,0.19
70026,Store,2024,34,2,0.13
70026,Ecom,2024,35,5,0.19
70026,Indirect,2024,35,3,0.12
70026,Store,2024,35,2,0.1
70026,Ecom,2024,36,3,0.01
70026,Indirect,2024,36,2,0.18
70026,Store,2024,36,1,0.1
70026,Ecom,2024,37,4,0.03
70026,Indirect,2024,37,2,0.03
70026,Store,2024,37,1,0.08
70026,Ecom,2024,38,5,0.13
70026,Indirect,2024,38,3,0.03
70026,Store,2024,38,2,0.04
70026,Ecom,2024,39,4,0.01
70026,Indirect,2024,39,2,0.12
70026,Store,2024,39,1,0.17
70026,Ecom,2024,40,6,0.13
70026,Indirect,2024,40,3,0.05
70026,Store,2024,40,2,0.18
70026,Ecom,2024,41,5,0.16
70026,Indirect,2024,41,3,0.04
70026,Store,2024,41,2,0.01
70026,Ecom,2024,42,4,0.01
70026,Indirect,2024,42,2,0.11
70026,Store,2024,42,1,0.1
70026,Ecom,2024,43,6,0.13
70026,Indirect,2024,43,3,0.1
70026,Store,2024,43,2,0.0
70026,Ecom,2024,44,6,0.09
70026,Indirect,2024,44,3,0.01
70026,Store,2024,44,2,0.12
70026,Ecom,2024,45,6,0.01
70026,Indirect,2024,45,3,0.13
70026,Store,2024,45,2,0.11
70026,Ecom,2024,46,3,0.05
70026,Indirect,2024,46,2,0.02
70026,Store,2024,46,1,0.09
70026,Ecom,2024,47,5,0.06
70026,Indirect,2024,47,3,0.14
70026,Store,2024,47,2,0.17
70026,Ecom,2024,48,3,0.08
70026,Indirect,2024,48,2,0.05
70026,Store,2024,48,1,0.1
70026,Ecom,2024,49,4,0.14
70026,Indirect,2024,49,2,0.08
70026,Store,2024,49,1,0.03
70026,Ecom,2024,50,6,0.06
70026,Indirect,2024,50,3,0.08
70026,Store,2024,50,2,0.16
70026,Ecom,2024,51,4,0.03
70026,Indirect,2024,51,2,0.08
70026,Store,2024,51,1,0.02
70026,Ecom,2024,52,5,0.0
70026,Indirect,2024,52,3,0.03
70026,Store,2024,52,2,0.16
70026,Ecom,2025,1,5,0.09
70026,Indirect,2025,1,3,0.18
70026,Store,2025,1,2,0.02
70026,Ecom,2025,2,4,0.05
70026,Indirect,2025,2,2,0.15
70026,Store,2025,2,1,0.08
70026,Ecom,2025,3,3,0.07
70026,Indirect,2025,3,2,0.01
70026,Store,2025,3,1,0.02
70026,Ecom,2025,4,4,0.18
70026,Indirect,2025,4,2,0.07
70026,Store,2025,4,1,0.12
70026,Ecom,2025,5,5,0.1
70026,Indirect,2025,5,3,0.17
70026,Store,2025,5,2,0.04
70026,Ecom,2025,6,4,0.05
70026,Indirect,2025,6,2,0.07
70026,Store,2025,6,1,0.06
70026,Ecom,2025,7,4,0.04
70026,Indirect,2025,7,2,0.12
70026,Store,2025,7,1,0.07
70026,Ecom,2025,8,5,0.04
70026,Indirect,2025,8,3,0.07
70026,Store,2025,8,2,0.04
70026,Ecom,2025,9,6,0.05
70026,Indirect,2025,9,3,0.06
70026,Store,2025,9,2,0.03
70026,Ecom,2025,10,5,0.05
70026,Indirect,2025,10,3,0.14
70026,Store,2025,10,2,0.08
70026,Ecom,2025,11,5,0.11
70026,Indirect,2025,11,3,0.18
70026,Store,2025,11,2,0.05
70026,Ecom,2025,12,6,0.04
70026,Indirect,2025,12,3,0.11
70026,Store,2025,12,2,0.14
70026,Ecom,2025,13,3,0.06
70026,Indirect,2025,13,2,0.08
70026,Store,2025,13,1,0.03
70026,Ecom,2025,14,5,0.02
70026,Indirect,2025,14,3,0.08
70026,Store,2025,14,2,0.04
70026,Ecom,2025,15,5,0.14
70026,Indirect,2025,15,3,0.16
70026,Store,2025,15,2,0.11
70026,Ecom,2025,16,5,0.18
70026,Indirect,2025,16,3,0.08
70026,Store,2025,16,2,0.19
70026,Ecom,2025,17,4,0.08
70026,Indirect,2025,17,2,0.18
70026,Store,2025,17,1,0.02
70026,Ecom,2025,18,5,0.14
70026,Indirect,2025,18,3,0.12
70026,Store,2025,18,2,0.01
70026,Ecom,2025,19,4,0.17
70026,Indirect,2025,19,2,0.09
70026,Store,2025,19,1,0.07
70026,Ecom,2025,20,4,0.15
70026,Indirect,2025,20,2,0.01
70026,Store,2025,20,1,0.15
70026,Ecom,2025,21,4,0.1
70026,Indirect,2025,21,2,0.17
70026,Store,2025,21,1,0.16
70026,Ecom,2025,22,6,0.03
70026,Indirect,2025,22,3,0.03
70026,Store,2025,22,2,0.17
70026,Ecom,2025,23,5,0.06
70026,Indirect,2025,23,3,0.08
70026,Store,2025,23,2,0.08
70026,Ecom,2025,24,6,0.15
70026,Indirect,2025,24,3,0.09
70026,Store,2025,24,2,0.15
70026,Ecom,2025,25,6,0.06
70026,Indirect,2025,25,3,0.04
70026,Store,2025,25,2,0.1
70026,Ecom,2025,26,3,0.15
70026,Indirect,2025,26,2,0.07
70026,Store,2025,26,1,0.08
70026,Ecom,2025,27,6,0.05
70026,Indirect,2025,27,3,0.02
70026,Store,2025,27,2,0.18
70026,Ecom,2025,28,3,0.18
70026,Indirect,2025,28,2,0.12
70026,Store,2025,28,1,0.01
70026,Ecom,2025,29,6,0.05
70026,Indirect,2025,29,3,0.07
70026,Store,2025,29,2,0.18
70026,Ecom,2025,30,3,0.07
70026,Indirect,2025,30,2,0.19
70026,Store,2025,30,1,0.1
70026,Ecom,2025,31,5,0.01
70026,Indirect,2025,31,3,0.2
70026,Store,2025,31,2,0.13
70026,Ecom,2025,32,6,0.02
70026,Indirect,2025,32,3,0.03
70026,Store,2025,32,2,0.05
70026,Ecom,2025,33,6,0.01
70026,Indirect,2025,33,3,0.19
70026,Store,2025,33,2,0.18
70026,Ecom,2025,34,4,0.08
70026,Indirect,2025,34,2,0.12
70026,Store,2025,34,1,0.11
70026,Ecom,2025,35,4,0.09
70026,Indirect,2025,35,2,0.02
70026,Store,2025,35,1,0.2
70026,Ecom,2025,36,4,0.17
70026,Indirect,2025,36,2,0.1
70026,Store,2025,36,1,0.1
70026,Ecom,2025,37,4,0.17
70026,Indirect,2025,37,2,0.09
70026,Store,2025,37,1,0.03
70026,Ecom,2025,38,4,0.02
70026,Indirect,2025,38,2,0.06
70026,Store,2025,38,1,0.05
70026,Ecom,2025,39,6,0.09
70026,Indirect,2025,39,3,0.15
70026,Store,2025,39,2,0.0
70026,Ecom,2025,40,4,0.16
70026,Indirect,2025,40,2,0.12
70026,Store,2025,40,1,0.19
70026,Ecom,2025,41,4,0.17
70026,Indirect,2025,41,2,0.03
70026,Store,2025,41,1,0.11
70026,Ecom,2025,42,5,0.09
70026,Indirect,2025,42,3,0.18
70026,Store,2025,42,2,0.19
70026,Ecom,2025,43,5,0.19
70026,Indirect,2025,43,3,0.06
70026,Store,2025,43,2,0.07
70026,Ecom,2025,44,6,0.06
70026,Indirect,2025,44,3,0.2
70026,Store,2025,44,2,0.01
70026,Ecom,2025,45,4,0.13
70026,Indirect,2025,45,2,0.17
70026,Store,2025,45,1,0.0
70026,Ecom,2025,46,4,0.0
70026,Indirect,2025,46,2,0.04
70026,Store,2025,46,1,0.1
70026,Ecom,2025,47,4,0.02
70026,Indirect,2025,47,2,0.13
70026,Store,2025,47,1,0.03
70026,Ecom,2025,48,6,0.17
70026,Indirect,2025,48,3,0.18
70026,Store,2025,48,2,0.18
70026,Ecom,2025,49,6,0.18
70026,Indirect,2025,49,3,0.05
70026,Store,2025,49,2,0.0
70026,Ecom,2025,50,3,0.0
70026,Indirect,2025,50,2,0.07
70026,Store,2025,50,1,0.09
70026,Ecom,2025,51,5,0.08
70026,Indirect,2025,51,3,0.02
70026,Store,2025,51,2,0.08
70026,Ecom,2025,52,5,0.12
70026,Indirect,2025,52,3,0.01
70026,Store,2025,52,2,0.08
70027,Ecom,2024,1,3,0.03
70027,Indirect,2024,1,2,0.07
70027,Store,2024,1,1,0.16
70027,Ecom,2024,2,3,0.06
70027,Indirect,2024,2,2,0.01
70027,Store,2024,2,1,0.05
70027,Ecom,2024,3,3,0.15
70027,Indirect,2024,3,2,0.03
70027,Store,2024,3,1,0.07
70027,Ecom,2024,4,3,0.1
70027,Indirect,2024,4,1,0.07
70027,Store,2024,4,1,0.01
70027,Ecom,2024,5,2,0.11
70027,Indirect,2024,5,1,0.18
70027,Store,2024,5,1,0.0
70027,Ecom,2024,6,3,0.08
70027,Indirect,2024,6,2,0.04
70027,Store,2024,6,1,0.16
70027,Ecom,2024,7,2,0.04
70027,Indirect,2024,7,1,0.09
70027,Store,2024,7,0,0.06
70027,Ecom,2024,8,3,0.01
70027,Indirect,2024,8,2,0.1
70027,Store,2024,8,1,0.02
70027,Ecom,2024,9,2,0.04
70027,Indirect,2024,9,1,0.02
70027,Store,2024,9,0,0.02
70027,Ecom,2024,10,2,0.2
70027,Indirect,2024,10,1,0.2
70027,Store,2024,10,1,0.05
70027,Ecom,2024,11,2,0.08
70027,Indirect,2024,11,1,0.04
70027,Store,2024,11,1,0.15
70027,Ecom,2024,12,3,0.12
70027,Indirect,2024,12,1,0.09
70027,Store,2024,12,1,0.04
70027,Ecom,2024,13,2,0.03
70027,Indirect,2024,13,1,0.08
70027,Store,2024,13,1,0.1
70027,Ecom,2024,14,2,0.08
70027,Indirect,2024,14,1,0.05
70027,Store,2024,14,0,0.14
70027,Ecom,2024,15,4,0.09
70027,Indirect,2024,15,2,0.01
70027,Store,2024,15,1,0.11
70027,Ecom,2024,16,3,0.08
70027,Indirect,2024,16,1,0.11
70027,Store,2024,16,1,0.17
70027,Ecom,2024,17,2,0.07
70027,Indirect,2024,17,1,0.15
70027,Store,2024,17,1,0.01
70027,Ecom,2024,18,3,0.03
70027,Indirect,2024,18,2,0.06
70027,Store,2024,18,1,0.16
70027,Ecom,2024,19,3,0.08
70027,Indirect,2024,19,2,0.15
70027,Store,2024,19,1,0.04
70027,Ecom,2024,20,3,0.11
70027,Indirect,2024,20,1,0.19
70027,Store,2024,20,1,0.17
70027,Ecom,2024,21,3,0.05
70027,Indirect,2024,21,1,0.03
70027,Store,2024,21,1,0.19
70027,Ecom,2024,22,2,0.05
70027,Indirect,2024,22,1,0.11
70027,Store,2024,22,0,0.01
70027,Ecom,2024,23,4,0.14
70027,Indirect,2024,23,2,0.17
70027,Store,2024,23,1,0.09
70027,Ecom,2024,24,3,0.0
70027,Indirect,2024,24,2,0.17
70027,Store,2024,24,1,0.17
70027,Ecom,2024,25,3,0.13
70027,Indirect,2024,25,1,0.04
70027,Store,2024,25,1,0.06
70027,Ecom,2024,26,3,0.15
70027,Indirect,2024,26,1,0.19
70027,Store,2024,26,1,0.04
70027,Ecom,2024,27,4,0.13
70027,Indirect,2024,27,2,0.03
70027,Store,2024,27,1,0.16
70027,Ecom,2024,28,2,0.01
70027,Indirect,2024,28,1,0.08
70027,Store,2024,28,1,0.02
70027,Ecom,2024,29,3,0.04
70027,Indirect,2024,29,2,0.05
70027,Store,2024,29,1,0.02
70027,Ecom,2024,30,3,0.1
70027,Indirect,2024,30,1,0.05
70027,Store,2024,30,1,0.14
70027,Ecom,2024,31,4,0.03
70027,Indirect,2024,31,2,0.05
70027,Store,2024,31,1,0.04
70027,Ecom,2024,32,3,0.09
70027,Indirect,2024,32,1,0.07
70027,Store,2024,32,1,0.11
70027,Ecom,2024,33,3,0.11
70027,Indirect,2024,33,2,0.02
70027,Store,2024,33,1,0.1
70027,Ecom,2024,34,3,0.1
70027,Indirect,2024,34,1,0.05
70027,Store,2024,34,1,0.08
70027,Ecom,2024,35,2,0.12
70027,Indirect,2024,35,1,0.2
70027,Store,2024,35,1,0.09
70027,Ecom,2024,36,2,0.01
70027,Indirect,2024,36,1,0.03
70027,Store,2024,36,1,0.05
70027,Ecom,2024,37,3,0.13
70027,Indirect,2024,37,1,0.08
70027,Store,2024,37,1,0.16
70027,Ecom,2024,38,4,0.07
70027,Indirect,2024,38,2,0.17
70027,Store,2024,38,1,0.1
70027,Ecom,2024,39,2,0.03
70027,Indirect,2024,39,1,0.1
70027,Store,2024,39,1,0.14
70027,Ecom,2024,40,2,0.13
70027,Indirect,2024,40,1,0.14
70027,Store,2024,40,1,0.01
70027,Ecom,2024,41,2,0.13
70027,Indirect,2024,41,1,0.16
70027,Store,2024,41,1,0.03
70027,Ecom,2024,42,3,0.07
70027,Indirect,2024,42,1,0.19
70027,Store,2024,42,1,0.11
70027,Ecom,2024,43,4,0.16
70027,Indirect,2024,43,2,0.11
70027,Store,2024,43,1,0.06
70027,Ecom,2024,44,2,0.05
70027,Indirect,2024,44,1,0.02
70027,Store,2024,44,1,0.2
70027,Ecom,2024,45,3,0.13
70027,Indirect,2024,45,2,0.03
70027,Store,2024,45,1,0.19
70027,Ecom,2024,46,3,0.12
70027,Indirect,2024,46,1,0.04
70027,Store,2024,46,1,0.18
70027,Ecom,2024,47,2,0.08
70027,Indirect,2024,47,1,0.09
70027,Store,2024,47,0,0.19
70027,Ecom,2024,48,3,0.11
70027,Indirect,2024,48,1,0.09
70027,Store,2024,48,1,0.13
70027,Ecom,2024,49,2,0.17
70027,Indirect,2024,49,1,0.18
70027,Store,2024,49,0,0.09
70027,Ecom,2024,50,3,0.1
70027,Indirect,2024,50,1,0.11
70027,Store,2024,50,1,0.16
70027,Ecom,2024,51,3,0.07
70027,Indirect,2024,51,2,0.04
70027,Store,2024,51,1,0.19
70027,Ecom,2024,52,2,0.15
70027,Indirect,2024,52,1,0.11
70027,Store,2024,52,1,0.05
70027,Ecom,2025,1,2,0.03
70027,Indirect,2025,1,1,0.12
70027,Store,2025,1,1,0.11
70027,Ecom,2025,2,2,0.11
70027,Indirect,2025,2,1,0.02
70027,Store,2025,2,0,0.19
70027,Ecom,2025,3,3,0.05
70027,Indirect,2025,3,2,0.13
70027,Store,2025,3,1,0.09
70027,Ecom,2025,4,2,0.13
70027,Indirect,2025,4,1,0.19
70027,Store,2025,4,1,0.14
70027,Ecom,2025,5,4,0.12
70027,Indirect,2025,5,2,0.16
70027,Store,2025,5,1,0.02
70027,Ecom,2025,6,2,0.03
70027,Indirect,2025,6,1,0.15
70027,Store,2025,6,0,0.18
70027,Ecom,2025,7,2,0.09
70027,Indirect,2025,7,1,0.17
70027,Store,2025,7,1,0.14
70027,Ecom,2025,8,3,0.19
70027,Indirect,2025,8,1,0.16
70027,Store,2025,8,1,0.01
70027,Ecom,2025,9,3,0.1
70027,Indirect,2025,9,1,0.12
70027,Store,2025,9,1,0.11
70027,Ecom,2025,10,3,0.16
70027,Indirect,2025,10,2,0.02
70027,Store,2025,10,1,0.18
70027,Ecom,2025,11,3,0.15
70027,Indirect,2025,11,1,0.04
70027,Store,2025,11,1,0.07
70027,Ecom,2025,12,3,0.2
70027,Indirect,2025,12,1,0.19
70027,Store,2025,12,1,0.14
70027,Ecom,2025,13,2,0.08
70027,Indirect,2025,13,1,0.04
70027,Store,2025,13,1,0.16
70027,Ecom,2025,14,3,0.15
70027,Indirect,2025,14,1,0.08
70027,Store,2025,14,1,0.0
70027,Ecom,2025,15,2,0.06
70027,Indirect,2025,15,1,0.08
70027,Store,2025,15,1,0.06
70027,Ecom,2025,16,2,0.17
70027,Indirect,2025,16,1,0.01
70027,Store,2025,16,1,0.07
70027,Ecom,2025,17,3,0.06
70027,Indirect,2025,17,1,0.13
70027,Store,2025,17,1,0.15
70027,Ecom,2025,18,2,0.14
70027,Indirect,2025,18,1,0.06
70027,Store,2025,18,1,0.09
70027,Ecom,2025,19,3,0.02
70027,Indirect,2025,19,2,0.11
70027,Store,2025,19,1,0.1
70027,Ecom,2025,20,3,0.05
70027,Indirect,2025,20,2,0.13
70027,Store,2025,20,1,0.11
70027,Ecom,2025,21,3,0.18
70027,Indirect,2025,21,2,0.16
70027,Store,2025,21,1,0.11
70027,Ecom,2025,22,2,0.16
70027,Indirect,2025,22,1,0.08
70027,Store,2025,22,1,0.06
70027,Ecom,2025,23,2,0.18
70027,Indirect,2025,23,1,0.03
70027,Store,2025,23,1,0.17
70027,Ecom,2025,24,3,0.15
70027,Indirect,2025,24,2,0.13
70027,Store,2025,24,1,0.17
70027,Ecom,2025,25,2,0.1
70027,Indirect,2025,25,1,0.14
70027,Store,2025,25,0,0.06
70027,Ecom,2025,26,3,0.02
70027,Indirect,2025,26,2,0.09
70027,Store,2025,26,1,0.03
70027,Ecom,2025,27,3,0.16
70027,Indirect,2025,27,1,0.03
70027,Store,2025,27,1,0.18
70027,Ecom,2025,28,3,0.17
70027,Indirect,2025,28,1,0.11
70027,Store,2025,28,1,0.15
70027,Ecom,2025,29,2,0.08
70027,Indirect,2025,29,1,0.08
70027,Store,2025,29,1,0.18
70027,Ecom,2025,30,2,0.15
70027,Indirect,2025,30,1,0.14
70027,Store,2025,30,1,0.19
70027,Ecom,2025,31,3,0.11
70027,Indirect,2025,31,2,0.0
70027,Store,2025,31,1,0.19
70027,Ecom,2025,32,3,0.13
70027,Indirect,2025,32,2,0.07
70027,Store,2025,32,1,0.01
70027,Ecom,2025,33,3,0.19
70027,Indirect,2025,33,1,0.04
70027,Store,2025,33,1,0.03
70027,Ecom,2025,34,2,0.18
70027,Indirect,2025,34,1,0.17
70027,Store,2025,34,1,0.19
70027,Ecom,2025,35,3,0.12
70027,Indirect,2025,35,2,0.11
70027,Store,2025,35,1,0.11
70027,Ecom,2025,36,3,0.17
70027,Indirect,2025,36,1,0.03
70027,Store,2025,36,1,0.16
70027,Ecom,2025,37,3,0.16
70027,Indirect,2025,37,1,0.18
70027,Store,2025,37,1,0.04
70027,Ecom,2025,38,2,0.17
70027,Indirect,2025,38,1,0.0
70027,Store,2025,38,0,0.11
70027,Ecom,2025,39,2,0.08
70027,Indirect,2025,39,1,0.13
70027,Store,2025,39,1,0.17
70027,Ecom,2025,40,3,0.08
70027,Indirect,2025,40,2,0.17
70027,Store,2025,40,1,0.13
70027,Ecom,2025,41,3,0.12
70027,Indirect,2025,41,2,0.0
70027,Store,2025,41,1,0.17
70027,Ecom,2025,42,3,0.11
70027,Indirect,2025,42,1,0.15
70027,Store,2025,42,1,0.19
70027,Ecom,2025,43,3,0.1
70027,Indirect,2025,43,1,0.11
70027,Store,2025,43,1,0.07
70027,Ecom,2025,44,2,0.17
70027,Indirect,2025,44,1,0.04
70027,Store,2025,44,0,0.02
70027,Ecom,2025,45,2,0.15
70027,Indirect,2025,45,1,0.1
70027,Store,2025,45,0,0.14
70027,Ecom,2025,46,3,0.14
70027,Indirect,2025,46,1,0.16
70027,Store,2025,46,1,0.0
70027,Ecom,2025,47,2,0.05
70027,Indirect,2025,47,1,0.08
70027,Store,2025,47,1,0.01
70027,Ecom,2025,48,3,0.06
70027,Indirect,2025,48,2,0.13
70027,Store,2025,48,1,0.02
70027,Ecom,2025,49,3,0.13
70027,Indirect,2025,49,1,0.01
70027,Store,2025,49,1,0.02
70027,Ecom,2025,50,3,0.15
70027,Indirect,2025,50,1,0.03
70027,Store,2025,50,1,0.1
70027,Ecom,2025,51,2,0.11
70027,Indirect,2025,51,1,0.19
70027,Store,2025,51,0,0.03
70027,Ecom,2025,52,3,0.09
70027,Indirect,2025,52,1,0.02
70027,Store,2025,52,1,0.02
70028,Ecom,2024,1,4,0.08
70028,Indirect,2024,1,2,0.12
70028,Store,2024,1,1,0.05
70028,Ecom,2024,2,3,0.04
70028,Indirect,2024,2,2,0.15
70028,Store,2024,2,1,0.18
70028,Ecom,2024,3,4,0.06
70028,Indirect,2024,3,2,0.02
70028,Store,2024,3,1,0.19
70028,Ecom,2024,4,5,0.08
70028,Indirect,2024,4,3,0.15
70028,Store,2024,4,2,0.13
70028,Ecom,2024,5,5,0.14
70028,Indirect,2024,5,3,0.01
70028,Store,2024,5,2,0.09
70028,Ecom,2024,6,2,0.17
70028,Indirect,2024,6,1,0.15
70028,Store,2024,6,1,0.02
70028,Ecom,2024,7,3,0.16
70028,Indirect,2024,7,2,0.07
70028,Store,2024,7,1,0.11
70028,Ecom,2024,8,2,0.11
70028,Indirect,2024,8,1,0.01
70028,Store,2024,8,1,0.19
70028,Ecom,2024,9,4,0.09
70028,Indirect,2024,9,2,0.2
70028,Store,2024,9,1,0.04
70028,Ecom,2024,10,5,0.13
70028,Indirect,2024,10,3,0.09
70028,Store,2024,10,2,0.19
70028,Ecom,2024,11,4,0.15
70028,Indirect,2024,11,2,0.05
70028,Store,2024,11,1,0.02
70028,Ecom,2024,12,4,0.11
70028,Indirect,2024,12,2,0.12
70028,Store,2024,12,1,0.07
70028,Ecom,2024,13,4,0.05
70028,Indirect,2024,13,2,0.15
70028,Store,2024,13,1,0.12
70028,Ecom,2024,14,4,0.08
70028,Indirect,2024,14,2,0.13
70028,Store,2024,14,1,0.06
70028,Ecom,2024,15,2,0.06
70028,Indirect,2024,15,1,0.08
70028,Store,2024,15,1,0.04
70028,Ecom,2024,16,3,0.09
70028,Indirect,2024,16,2,0.01
70028,Store,2024,16,1,0.0
70028,Ecom,2024,17,3,0.12
70028,Indirect,2024,17,2,0.02
70028,Store,2024,17,1,0.04
70028,Ecom,2024,18,3,0.09
70028,Indirect,2024,18,2,0.02
70028,Store,2024,18,1,0.18
70028,Ecom,2024,19,3,0.15
70028,Indirect,2024,19,1,0.14
70028,Store,2024,19,1,0.17
70028,Ecom,2024,20,4,0.09
70028,Indirect,2024,20,2,0.11
70028,Store,2024,20,1,0.04
70028,Ecom,2024,21,4,0.02
70028,Indirect,2024,21,2,0.11
70028,Store,2024,21,1,0.09
70028,Ecom,2024,22,4,0.09
70028,Indirect,2024,22,2,0.11
70028,Store,2024,22,1,0.14
70028,Ecom,2024,23,3,0.2
70028,Indirect,2024,23,1,0.16
70028,Store,2024,23,1,0.04
70028,Ecom,2024,24,4,0.05
70028,Indirect,2024,24,2,0.04
70028,Store,2024,24,1,0.19
70028,Ecom,2024,25,4,0.04
70028,Indirect,2024,25,2,0.05
70028,Store,2024,25,1,0.19
70028,Ecom,2024,26,4,0.09
70028,Indirect,2024,26,2,0.12
70028,Store,2024,26,1,0.04
70028,Ecom,2024,27,4,0.19
70028,Indirect,2024,27,2,0.06
70028,Store,2024,27,1,0.06
70028,Ecom,2024,28,4,0.14
70028,Indirect,2024,28,2,0.14
70028,Store,2024,28,1,0.12
70028,Ecom,2024,29,3,0.17
70028,Indirect,2024,29,2,0.17
70028,Store,2024,29,1,0.03
70028,Ecom,2024,30,3,0.04
70028,Indirect,2024,30,1,0.19
70028,Store,2024,30,1,0.06
70028,Ecom,2024,31,4,0.05
70028,Indirect,2024,31,2,0.04
70028,Store,2024,31,1,0.06
70028,Ecom,2024,32,2,0.16
70028,Indirect,2024,32,1,0.13
70028,Store,2024,32,1,0.05
70028,Ecom,2024,33,3,0.13
70028,Indirect,2024,33,2,0.18
70028,Store,2024,33,1,0.13
70028,Ecom,2024,34,4,0.02
70028,Indirect,2024,34,2,0.12
70028,Store,2024,34,1,0.17
70028,Ecom,2024,35,4,0.06
70028,Indirect,2024,35,2,0.02
70028,Store,2024,35,1,0.04
70028,Ecom,2024,36,5,0.14
70028,Indirect,2024,36,3,0.19
70028,Store,2024,36,2,0.13
70028,Ecom,2024,37,3,0.11
70028,Indirect,2024,37,1,0.14
70028,Store,2024,37,1,0.11
70028,Ecom,2024,38,5,0.05
70028,Indirect,2024,38,3,0.08
70028,Store,2024,38,2,0.18
70028,Ecom,2024,39,3,0.08
70028,Indirect,2024,39,2,0.15
70028,Store,2024,39,1,0.05
70028,Ecom,2024,40,4,0.12
70028,Indirect,2024,40,2,0.18
70028,Store,2024,40,1,0.13
70028,Ecom,2024,41,3,0.19
70028,Indirect,2024,41,1,0.1
70028,Store,2024,41,1,0.01
70028,Ecom,2024,42,3,0.18
70028,Indirect,2024,42,2,0.02
70028,Store,2024,42,1,0.01
70028,Ecom,2024,43,4,0.14
70028,Indirect,2024,43,2,0.14
70028,Store,2024,43,1,0.02
70028,Ecom,2024,44,4,0.19
70028,Indirect,2024,44,2,0.07
70028,Store,2024,44,1,0.19
70028,Ecom,2024,45,3,0.07
70028,Indirect,2024,45,1,0.07
70028,Store,2024,45,1,0.16
70028,Ecom,2024,46,4,0.04
70028,Indirect,2024,46,2,0.18
70028,Store,2024,46,1,0.0
70028,Ecom,2024,47,4,0.11
70028,Indirect,2024,47,2,0.15
70028,Store,2024,47,1,0.1
70028,Ecom,2024,48,4,0.2
70028,Indirect,2024,48,2,0.02
70028,Store,2024,48,1,0.16
70028,Ecom,2024,49,4,0.01
70028,Indirect,2024,49,2,0.06
70028,Store,2024,49,1,0.02
70028,Ecom,2024,50,3,0.05
70028,Indirect,2024,50,1,0.01
70028,Store,2024,50,1,0.06
70028,Ecom,2024,51,3,0.09
70028,Indirect,2024,51,2,0.13
70028,Store,2024,51,1,0.1
70028,Ecom,2024,52,4,0.02
70028,Indirect,2024,52,2,0.09
70028,Store,2024,52,1,0.2
70028,Ecom,2025,1,3,0.02
70028,Indirect,2025,1,1,0.11
70028,Store,2025,1,1,0.12
70028,Ecom,2025,2,4,0.04
70028,Indirect,2025,2,2,0.18
70028,Store,2025,2,1,0.13
70028,Ecom,2025,3,4,0.03
70028,Indirect,2025,3,2,0.16
70028,Store,2025,3,1,0.15
70028,Ecom,2025,4,4,0.06
70028,Indirect,2025,4,2,0.02
70028,Store,2025,4,1,0.16
70028,Ecom,2025,5,4,0.05
70028,Indirect,2025,5,2,0.13
70028,Store,2025,5,1,0.06
70028,Ecom,2025,6,3,0.18
70028,Indirect,2025,6,1,0.12
70028,Store,2025,6,1,0.14
70028,Ecom,2025,7,3,0.01
70028,Indirect,2025,7,1,0.16
70028,Store,2025,7,1,0.12
70028,Ecom,2025,8,5,0.06
70028,Indirect,2025,8,3,0.19
70028,Store,2025,8,2,0.04
70028,Ecom,2025,9,3,0.15
70028,Indirect,2025,9,2,0.14
70028,Store,2025,9,1,0.04
70028,Ecom,2025,10,4,0.13
70028,Indirect,2025,10,2,0.03
70028,Store,2025,10,1,0.15
70028,Ecom,2025,11,4,0.07
70028,Indirect,2025,11,2,0.03
70028,Store,2025,11,1,0.01
70028,Ecom,2025,12,4,0.05
70028,Indirect,2025,12,2,0.16
70028,Store,2025,12,1,0.07
70028,Ecom,2025,13,4,0.1
70028,Indirect,2025,13,2,0.12
70028,Store,2025,13,1,0.06
70028,Ecom,2025,14,3,0.04
70028,Indirect,2025,14,1,0.1
70028,Store,2025,14,1,0.05
70028,Ecom,2025,15,4,0.19
70028,Indirect,2025,15,2,0.15
70028,Store,2025,15,1,0.13
70028,Ecom,2025,16,2,0.11
70028,Indirect,2025,16,1,0.02
70028,Store,2025,16,1,0.03
70028,Ecom,2025,17,3,0.17
70028,Indirect,2025,17,2,0.12
70028,Store,2025,17,1,0.01
70028,Ecom,2025,18,3,0.14
70028,Indirect,2025,18,2,0.12
70028,Store,2025,18,1,0.19
70028,Ecom,2025,19,5,0.19
70028,Indirect,2025,19,3,0.02
70028,Store,2025,19,2,0.19
70028,Ecom,2025,20,4,0.19
70028,Indirect,2025,20,2,0.0
70028,Store,2025,20,1,0.15
70028,Ecom,2025,21,3,0.18
70028,Indirect,2025,21,2,0.02
70028,Store,2025,21,1,0.1
70028,Ecom,2025,22,4,0.09
70028,Indirect,2025,22,2,0.2
70028,Store,2025,22,1,0.04
70028,Ecom,2025,23,3,0.17
70028,Indirect,2025,23,2,0.14
70028,Store,2025,23,1,0.01
70028,Ecom,2025,24,4,0.03
70028,Indirect,2025,24,2,0.17
70028,Store,2025,24,1,0.18
70028,Ecom,2025,25,3,0.07
70028,Indirect,2025,25,2,0.03
70028,Store,2025,25,1,0.17
70028,Ecom,2025,26,4,0.14
70028,Indirect,2025,26,2,0.19
70028,Store,2025,26,1,0.07
70028,Ecom,2025,27,3,0.15
70028,Indirect,2025,27,1,0.11
70028,Store,2025,27,1,0.07
70028,Ecom,2025,28,4,0.1
70028,Indirect,2025,28,2,0.11
70028,Store,2025,28,1,0.14
70028,Ecom,2025,29,3,0.14
70028,Indirect,2025,29,1,0.01
70028,Store,2025,29,1,0.02
70028,Ecom,2025,30,3,0.13
70028,Indirect,2025,30,2,0.09
70028,Store,2025,30,1,0.13
70028,Ecom,2025,31,3,0.16
70028,Indirect,2025,31,1,0.13
70028,Store,2025,31,1,0.11
70028,Ecom,2025,32,3,0.06
70028,Indirect,2025,32,2,0.2
70028,Store,2025,32,1,0.02
70028,Ecom,2025,33,5,0.07
70028,Indirect,2025,33,3,0.05
70028,Store,2025,33,2,0.15
70028,Ecom,2025,34,3,0.02
70028,Indirect,2025,34,2,0.08
70028,Store,2025,34,1,0.06
70028,Ecom,2025,35,3,0.07
70028,Indirect,2025,35,2,0.11
70028,Store,2025,35,1,0.01
70028,Ecom,2025,36,2,0.19
70028,Indirect,2025,36,1,0.19
70028,Store,2025,36,1,0.08
70028,Ecom,2025,37,3,0.06
70028,Indirect,2025,37,2,0.01
70028,Store,2025,37,1,0.07
70028,Ecom,2025,38,4,0.19
70028,Indirect,2025,38,2,0.05
70028,Store,2025,38,1,0.1
70028,Ecom,2025,39,3,0.12
70028,Indirect,2025,39,1,0.08
70028,Store,2025,39,1,0.09
70028,Ecom,2025,40,4,0.16
70028,Indirect,2025,40,2,0.01
70028,Store,2025,40,1,0.17
70028,Ecom,2025,41,5,0.15
70028,Indirect,2025,41,3,0.15
70028,Store,2025,41,2,0.04
70028,Ecom,2025,42,5,0.12
70028,Indirect,2025,42,3,0.12
70028,Store,2025,42,2,0.04
70028,Ecom,2025,43,4,0.06
70028,Indirect,2025,43,2,0.18
70028,Store,2025,43,1,0.18
70028,Ecom,2025,44,4,0.15
70028,Indirect,2025,44,2,0.18
70028,Store,2025,44,1,0.13
70028,Ecom,2025,45,3,0.15
70028,Indirect,2025,45,1,0.04
70028,Store,2025,45,1,0.17
70028,Ecom,2025,46,3,0.19
70028,Indirect,2025,46,1,0.17
70028,Store,2025,46,1,0.15
70028,Ecom,2025,47,4,0.05
70028,Indirect,2025,47,2,0.18
70028,Store,2025,47,1,0.17
70028,Ecom,2025,48,4,0.16
70028,Indirect,2025,48,2,0.16
70028,Store,2025,48,1,0.16
70028,Ecom,2025,49,3,0.19
70028,Indirect,2025,49,2,0.08
70028,Store,2025,49,1,0.15
70028,Ecom,2025,50,4,0.04
70028,Indirect,2025,50,2,0.03
70028,Store,2025,50,1,0.18
70028,Ecom,2025,51,4,0.06
70028,Indirect,2025,51,2,0.15
70028,Store,2025,51,1,0.1
70028,Ecom,2025,52,4,0.09
70028,Indirect,2025,52,2,0.18
70028,Store,2025,52,1,0.17
70029,Ecom,2024,1,2,0.16
70029,Indirect,2024,1,1,0.11
70029,Store,2024,1,0,0.01
70029,Ecom,2024,2,2,0.16
70029,Indirect,2024,2,1,0.09
70029,Store,2024,2,1,0.03
70029,Ecom,2024,3,3,0.02
70029,Indirect,2024,3,1,0.02
70029,Store,2024,3,1,0.05
70029,Ecom,2024,4,2,0.09
70029,Indirect,2024,4,1,0.16
70029,Store,2024,4,0,0.15
70029,Ecom,2024,5,3,0.17
70029,Indirect,2024,5,2,0.2
70029,Store,2024,5,1,0.07
70029,Ecom,2024,6,3,0.13
70029,Indirect,2024,6,1,0.04
70029,Store,2024,6,1,0.13
70029,Ecom,2024,7,3,0.04
70029,Indirect,2024,7,1,0.07
70029,Store,2024,7,1,0.19
70029,Ecom,2024,8,3,0.13
70029,Indirect,2024,8,1,0.14
70029,Store,2024,8,1,0.06
70029,Ecom,2024,9,2,0.19
70029,Indirect,2024,9,1,0.0
70029,Store,2024,9,1,0.08
70029,Ecom,2024,10,3,0.1
70029,Indirect,2024,10,2,0.14
70029,Store,2024,10,1,0.1
70029,Ecom,2024,11,3,0.03
70029,Indirect,2024,11,1,0.16
70029,Store,2024,11,1,0.05
70029,Ecom,2024,12,3,0.19
70029,Indirect,2024,12,2,0.02
70029,Store,2024,12,1,0.16
70029,Ecom,2024,13,2,0.03
70029,Indirect,2024,13,1,0.12
70029,Store,2024,13,0,0.16
70029,Ecom,2024,14,3,0.04
70029,Indirect,2024,14,1,0.17
70029,Store,2024,14,1,0.05
70029,Ecom,2024,15,3,0.19
70029,Indirect,2024,15,1,0.08
70029,Store,2024,15,1,0.05
70029,Ecom,2024,16,2,0.05
70029,Indirect,2024,16,1,0.18
70029,Store,2024,16,1,0.06
70029,Ecom,2024,17,2,0.01
70029,Indirect,2024,17,1,0.15
70029,Store,2024,17,0,0.12
70029,Ecom,2024,18,3,0.04
70029,Indirect,2024,18,1,0.15
70029,Store,2024,18,1,0.18
70029,Ecom,2024,19,4,0.05
70029,Indirect,2024,19,2,0.14
70029,Store,2024,19,1,0.07
70029,Ecom,2024,20,3,0.05
70029,Indirect,2024,20,1,0.02
70029,Store,2024,20,1,0.16
70029,Ecom,2024,21,2,0.0
70029,Indirect,2024,21,1,0.04
70029,Store,2024,21,1,0.05
70029,Ecom,2024,22,2,0.12
70029,Indirect,2024,22,1,0.05
70029,Store,2024,22,0,0.08
70029,Ecom,2024,23,3,0.18
70029,Indirect,2024,23,1,0.03
70029,Store,2024,23,1,0.07
70029,Ecom,2024,24,2,0.11
70029,Indirect,2024,24,1,0.12
70029,Store,2024,24,1,0.01
70029,Ecom,2024,25,3,0.02
70029,Indirect,2024,25,2,0.19
70029,Store,2024,25,1,0.09
70029,Ecom,2024,26,2,0.08
70029,Indirect,2024,26,1,0.1
70029,Store,2024,26,1,0.1
70029,Ecom,2024,27,3,0.06
70029,Indirect,2024,27,1,0.11
70029,Store,2024,27,1,0.15
70029,Ecom,2024,28,3,0.15
70029,Indirect,2024,28,1,0.15
70029,Store,2024,28,1,0.08
70029,Ecom,2024,29,3,0.15
70029,Indirect,2024,29,1,0.07
70029,Store,2024,29,1,0.15
70029,Ecom,2024,30,3,0.08
70029,Indirect,2024,30,2,0.01
70029,Store,2024,30,1,0.05
70029,Ecom,2024,31,3,0.18
70029,Indirect,2024,31,1,0.13
70029,Store,2024,31,1,0.14
70029,Ecom,2024,32,3,0.08
70029,Indirect,2024,32,1,0.16
70029,Store,2024,32,1,0.17
70029,Ecom,2024,33,4,0.17
70029,Indirect,2024,33,2,0.12
70029,Store,2024,33,1,0.12
70029,Ecom,2024,34,2,0.14
70029,Indirect,2024,34,1,0.14
70029,Store,2024,34,1,0.19
70029,Ecom,2024,35,3,0.08
70029,Indirect,2024,35,1,0.1
70029,Store,2024,35,1,0.1
70029,Ecom,2024,36,2,0.14
70029,Indirect,2024,36,1,0.08
70029,Store,2024,36,0,0.13
70029,Ecom,2024,37,3,0.02
70029,Indirect,2024,37,2,0.19
70029,Store,2024,37,1,0.18
70029,Ecom,2024,38,3,0.06
70029,Indirect,2024,38,2,0.13
70029,Store,2024,38,1,0.15
70029,Ecom,2024,39,2,0.02
70029,Indirect,2024,39,1,0.18
70029,Store,2024,39,0,0.17
70029,Ecom,2024,40,4,0.12
70029,Indirect,2024,40,2,0.09
70029,Store,2024,40,1,0.12
70029,Ecom,2024,41,4,0.07
70029,Indirect,2024,41,2,0.03
70029,Store,2024,41,1,0.18
70029,Ecom,2024,42,2,0.14
70029,Indirect,2024,42,1,0.07
70029,Store,2024,42,0,0.17
70029,Ecom,2024,43,3,0.02
70029,Indirect,2024,43,2,0.09
70029,Store,2024,43,1,0.11
70029,Ecom,2024,44,2,0.17
70029,Indirect,2024,44,1,0.09
70029,Store,2024,44,0,0.07
70029,Ecom,2024,45,2,0.03
70029,Indirect,2024,45,1,0.18
70029,Store,2024,45,1,0.19
70029,Ecom,2024,46,3,0.02
70029,Indirect,2024,46,2,0.17
70029,Store,2024,46,1,0.02
70029,Ecom,2024,47,2,0.15
70029,Indirect,2024,47,1,0.13
70029,Store,2024,47,1,0.03
70029,Ecom,2024,48,2,0.11
70029,Indirect,2024,48,1,0.18
70029,Store,2024,48,0,0.11
70029,Ecom,2024,49,2,0.05
70029,Indirect,2024,49,1,0.13
70029,Store,2024,49,1,0.11
70029,Ecom,2024,50,3,0.1
70029,Indirect,2024,50,1,0.11
70029,Store,2024,50,1,0.15
70029,Ecom,2024,51,2,0.08
70029,Indirect,2024,51,1,0.11
70029,Store,2024,51,1,0.09
70029,Ecom,2024,52,3,0.08
70029,Indirect,2024,52,2,0.1
70029,Store,2024,52,1,0.1
70029,Ecom,2025,1,4,0.03
70029,Indirect,2025,1,2,0.08
70029,Store,2025,1,1,0.16
70029,Ecom,2025,2,3,0.0
70029,Indirect,2025,2,2,0.11
70029,Store,2025,2,1,0.14
70029,Ecom,2025,3,2,0.16
70029,Indirect,2025,3,1,0.05
70029,Store,2025,3,0,0.17
70029,Ecom,2025,4,4,0.11
70029,Indirect,2025,4,2,0.13
70029,Store,2025,4,1,0.12
70029,Ecom,2025,5,3,0.04
70029,Indirect,2025,5,2,0.17
70029,Store,2025,5,1,0.08
70029,Ecom,2025,6,3,0.14
70029,Indirect,2025,6,2,0.08
70029,Store,2025,6,1,0.17
70029,Ecom,2025,7,3,0.08
70029,Indirect,2025,7,1,0.01
70029,Store,2025,7,1,0.03
70029,Ecom,2025,8,2,0.12
70029,Indirect,2025,8,1,0.15
70029,Store,2025,8,0,0.0
70029,Ecom,2025,9,4,0.12
70029,Indirect,2025,9,2,0.02
70029,Store,2025,9,1,0.1
70029,Ecom,2025,10,2,0.06
70029,Indirect,2025,10,1,0.19
70029,Store,2025,10,1,0.2
70029,Ecom,2025,11,3,0.18
70029,Indirect,2025,11,2,0.13
70029,Store,2025,11,1,0.03
70029,Ecom,2025,12,2,0.03
70029,Indirect,2025,12,1,0.12
70029,Store,2025,12,0,0.16
70029,Ecom,2025,13,3,0.05
70029,Indirect,2025,13,2,0.09
70029,Store,2025,13,1,0.01
70029,Ecom,2025,14,2,0.12
70029,Indirect,2025,14,1,0.03
70029,Store,2025,14,1,0.02
70029,Ecom,2025,15,2,0.14
70029,Indirect,2025,15,1,0.0
70029,Store,2025,15,1,0.09
70029,Ecom,2025,16,2,0.02
70029,Indirect,2025,16,1,0.02
70029,Store,2025,16,1,0.13
70029,Ecom,2025,17,2,0.09
70029,Indirect,2025,17,1,0.15
70029,Store,2025,17,1,0.04
70029,Ecom,2025,18,2,0.06
70029,Indirect,2025,18,1,0.19
70029,Store,2025,18,1,0.16
70029,Ecom,2025,19,3,0.03
70029,Indirect,2025,19,1,0.14
70029,Store,2025,19,1,0.12
70029,Ecom,2025,20,3,0.14
70029,Indirect,2025,20,2,0.1
70029,Store,2025,20,1,0.01
70029,Ecom,2025,21,2,0.05
70029,Indirect,2025,21,1,0.13
70029,Store,2025,21,1,0.15
70029,Ecom,2025,22,4,0.01
70029,Indirect,2025,22,2,0.08
70029,Store,2025,22,1,0.12
70029,Ecom,2025,23,3,0.15
70029,Indirect,2025,23,2,0.04
70029,Store,2025,23,1,0.03
70029,Ecom,2025,24,3,0.08
70029,Indirect,2025,24,2,0.12
70029,Store,2025,24,1,0.01
70029,Ecom,2025,25,3,0.07
70029,Indirect,2025,25,2,0.14
70029,Store,2025,25,1,0.02
70029,Ecom,2025,26,3,0.06
70029,Indirect,2025,26,2,0.04
70029,Store,2025,26,1,0.08
70029,Ecom,2025,27,4,0.12
70029,Indirect,2025,27,2,0.0
70029,Store,2025,27,1,0.01
70029,Ecom,2025,28,3,0.1
70029,Indirect,2025,28,2,0.08
70029,Store,2025,28,1,0.18
70029,Ecom,2025,29,4,0.19
70029,Indirect,2025,29,2,0.01
70029,Store,2025,29,1,0.07
70029,Ecom,2025,30,3,0.15
70029,Indirect,2025,30,2,0.05
70029,Store,2025,30,1,0.17
70029,Ecom,2025,31,4,0.19
70029,Indirect,2025,31,2,0.15
70029,Store,2025,31,1,0.01
70029,Ecom,2025,32,2,0.18
70029,Indirect,2025,32,1,0.08
70029,Store,2025,32,0,0.07
70029,Ecom,2025,33,3,0.12
70029,Indirect,2025,33,2,0.07
70029,Store,2025,33,1,0.08
70029,Ecom,2025,34,3,0.19
70029,Indirect,2025,34,1,0.03
70029,Store,2025,34,1,0.09
70029,Ecom,2025,35,3,0.17
70029,Indirect,2025,35,1,0.13
70029,Store,2025,35,1,0.16
70029,Ecom,2025,36,3,0.06
70029,Indirect,2025,36,1,0.05
70029,Store,2025,36,1,0.19
70029,Ecom,2025,37,2,0.16
70029,Indirect,2025,37,1,0.01
70029,Store,2025,37,1,0.05
70029,Ecom,2025,38,2,0.19
70029,Indirect,2025,38,1,0.14
70029,Store,2025,38,1,0.1
70029,Ecom,2025,39,4,0.02
70029,Indirect,2025,39,2,0.15
70029,Store,2025,39,1,0.11
70029,Ecom,2025,40,3,0.06
70029,Indirect,2025,40,1,0.08
70029,Store,2025,40,1,0.02
70029,Ecom,2025,41,2,0.13
70029,Indirect,2025,41,1,0.18
70029,Store,2025,41,0,0.03
70029,Ecom,2025,42,3,0.13
70029,Indirect,2025,42,1,0.15
70029,Store,2025,42,1,0.04
70029,Ecom,2025,43,2,0.09
70029,Indirect,2025,43,1,0.19
70029,Store,2025,43,1,0.03
70029,Ecom,2025,44,3,0.16
70029,Indirect,2025,44,2,0.05
70029,Store,2025,44,1,0.12
70029,Ecom,2025,45,3,0.02
70029,Indirect,2025,45,1,0.07
70029,Store,2025,45,1,0.02
70029,Ecom,2025,46,3,0.16
70029,Indirect,2025,46,1,0.02
70029,Store,2025,46,1,0.08
70029,Ecom,2025,47,3,0.12
70029,Indirect,2025,47,2,0.18
70029,Store,2025,47,1,0.01
70029,Ecom,2025,48,3,0.19
70029,Indirect,2025,48,1,0.04
70029,Store,2025,48,1,0.15
70029,Ecom,2025,49,2,0.15
70029,Indirect,2025,49,1,0.08
70029,Store,2025,49,1,0.1
70029,Ecom,2025,50,3,0.1
70029,Indirect,2025,50,2,0.18
70029,Store,2025,50,1,0.09
70029,Ecom,2025,51,2,0.08
70029,Indirect,2025,51,1,0.13
70029,Store,2025,51,1,0.08
70029,Ecom,2025,52,3,0.0
70029,Indirect,2025,52,1,0.01
70029,Store,2025,52,1,0.17
70030,Ecom,2024,1,6,0.04
70030,Indirect,2024,1,3,0.12
70030,Store,2024,1,2,0.01
70030,Ecom,2024,2,4,0.09
70030,Indirect,2024,2,2,0.06
70030,Store,2024,2,1,0.06
70030,Ecom,2024,3,4,0.09
70030,Indirect,2024,3,2,0.06
70030,Store,2024,3,1,0.14
70030,Ecom,2024,4,8,0.15
70030,Indirect,2024,4,4,0.02
70030,Store,2024,4,3,0.1
70030,Ecom,2024,5,5,0.06
70030,Indirect,2024,5,3,0.13
70030,Store,2024,5,2,0.01
70030,Ecom,2024,6,4,0.2
70030,Indirect,2024,6,2,0.07
70030,Store,2024,6,1,0.19
70030,Ecom,2024,7,4,0.05
70030,Indirect,2024,7,2,0.03
70030,Store,2024,7,1,0.15
70030,Ecom,2024,8,5,0.02
70030,Indirect,2024,8,3,0.18
70030,Store,2024,8,2,0.15
70030,Ecom,2024,9,6,0.14
70030,Indirect,2024,9,3,0.19
70030,Store,2024,9,2,0.14
70030,Ecom,2024,10,7,0.03
70030,Indirect,2024,10,4,0.15
70030,Store,2024,10,3,0.0
70030,Ecom,2024,11,7,0.2
70030,Indirect,2024,11,4,0.14
70030,Store,2024,11,3,0.13
70030,Ecom,2024,12,5,0.18
70030,Indirect,2024,12,3,0.13
70030,Store,2024,12,2,0.2
70030,Ecom,2024,13,8,0.04
70030,Indirect,2024,13,4,0.09
70030,Store,2024,13,3,0.0
70030,Ecom,2024,14,7,0.01
70030,Indirect,2024,14,4,0.09
70030,Store,2024,14,2,0.02
70030,Ecom,2024,15,6,0.04
70030,Indirect,2024,15,3,0.03
70030,Store,2024,15,2,0.07
70030,Ecom,2024,16,4,0.14
70030,Indirect,2024,16,2,0.04
70030,Store,2024,16,1,0.17
70030,Ecom,2024,17,4,0.03
70030,Indirect,2024,17,2,0.08
70030,Store,2024,17,1,0.19
70030,Ecom,2024,18,8,0.02
70030,Indirect,2024,18,4,0.11
70030,Store,2024,18,3,0.15
70030,Ecom,2024,19,6,0.08
70030,Indirect,2024,19,3,0.19
70030,Store,2024,19,2,0.01
70030,Ecom,2024,20,6,0.01
70030,Indirect,2024,20,3,0.19
70030,Store,2024,20,2,0.19
70030,Ecom,2024,21,7,0.09
70030,Indirect,2024,21,4,0.06
70030,Store,2024,21,3,0.1
70030,Ecom,2024,22,6,0.08
70030,Indirect,2024,22,3,0.07
70030,Store,2024,22,2,0.16
70030,Ecom,2024,23,5,0.06
70030,Indirect,2024,23,3,0.05
70030,Store,2024,23,2,0.09
70030,Ecom,2024,24,6,0.12
70030,Indirect,2024,24,3,0.08
70030,Store,2024,24,2,0.19
70030,Ecom,2024,25,6,0.05
70030,Indirect,2024,25,3,0.2
70030,Store,2024,25,2,0.12
70030,Ecom,2024,26,7,0.05
70030,Indirect,2024,26,4,0.06
70030,Store,2024,26,3,0.09
70030,Ecom,2024,27,6,0.06
70030,Indirect,2024,27,3,0.18
70030,Store,2024,27,2,0.04
70030,Ecom,2024,28,6,0.14
70030,Indirect,2024,28,3,0.19
70030,Store,2024,28,2,0.16
70030,Ecom,2024,29,6,0.16
70030,Indirect,2024,29,3,0.13
70030,Store,2024,29,2,0.05
70030,Ecom,2024,30,4,0.18
70030,Indirect,2024,30,2,0.08
70030,Store,2024,30,1,0.11
70030,Ecom,2024,31,5,0.2
70030,Indirect,2024,31,3,0.18
70030,Store,2024,31,2,0.02
70030,Ecom,2024,32,6,0.02
70030,Indirect,2024,32,3,0.07
70030,Store,2024,32,2,0.08
70030,Ecom,2024,33,7,0.2
70030,Indirect,2024,33,4,0.05
70030,Store,2024,33,3,0.03
70030,Ecom,2024,34,5,0.08
70030,Indirect,2024,34,3,0.0
70030,Store,2024,34,2,0.08
70030,Ecom,2024,35,5,0.1
70030,Indirect,2024,35,3,0.12
70030,Store,2024,35,2,0.07
70030,Ecom,2024,36,5,0.01
70030,Indirect,2024,36,3,0.11
70030,Store,2024,36,2,0.03
70030,Ecom,2024,37,5,0.1
70030,Indirect,2024,37,3,0.13
70030,Store,2024,37,2,0.1
70030,Ecom,2024,38,6,0.12
70030,Indirect,2024,38,3,0.04
70030,Store,2024,38,2,0.03
70030,Ecom,2024,39,7,0.12
70030,Indirect,2024,39,4,0.08
70030,Store,2024,39,2,0.14
70030,Ecom,2024,40,5,0.08
70030,Indirect,2024,40,3,0.0
70030,Store,2024,40,2,0.07
70030,Ecom,2024,41,7,0.1
70030,Indirect,2024,41,4,0.16
70030,Store,2024,41,2,0.01
70030,Ecom,2024,42,6,0.11
70030,Indirect,2024,42,3,0.09
70030,Store,2024,42,2,0.13
70030,Ecom,2024,43,5,0.12
70030,Indirect,2024,43,3,0.16
70030,Store,2024,43,2,0.01
70030,Ecom,2024,44,4,0.06
70030,Indirect,2024,44,2,0.1
70030,Store,2024,44,1,0.18
70030,Ecom,2024,45,6,0.17
70030,Indirect,2024,45,3,0.07
70030,Store,2024,45,2,0.14
70030,Ecom,2024,46,8,0.16
70030,Indirect,2024,46,4,0.03
70030,Store,2024,46,3,0.08
70030,Ecom,2024,47,5,0.17
70030,Indirect,2024,47,3,0.14
70030,Store,2024,47,2,0.03
70030,Ecom,2024,48,6,0.15
70030,Indirect,2024,48,3,0.15
70030,Store,2024,48,2,0.17
70030,Ecom,2024,49,7,0.17
70030,Indirect,2024,49,4,0.11
70030,Store,2024,49,3,0.13
70030,Ecom,2024,50,6,0.04
70030,Indirect,2024,50,3,0.06
70030,Store,2024,50,2,0.16
70030,Ecom,2024,51,5,0.06
70030,Indirect,2024,51,3,0.07
70030,Store,2024,51,2,0.16
70030,Ecom,2024,52,5,0.01
70030,Indirect,2024,52,3,0.12
70030,Store,2024,52,2,0.14
70030,Ecom,2025,1,7,0.12
70030,Indirect,2025,1,4,0.01
70030,Store,2025,1,2,0.02
70030,Ecom,2025,2,6,0.2
70030,Indirect,2025,2,3,0.17
70030,Store,2025,2,2,0.11
70030,Ecom,2025,3,5,0.15
70030,Indirect,2025,3,3,0.13
70030,Store,2025,3,2,0.0
70030,Ecom,2025,4,4,0.15
70030,Indirect,2025,4,2,0.18
70030,Store,2025,4,1,0.15
70030,Ecom,2025,5,5,0.03
70030,Indirect,2025,5,3,0.03
70030,Store,2025,5,2,0.09
70030,Ecom,2025,6,8,0.07
70030,Indirect,2025,6,4,0.13
70030,Store,2025,6,3,0.02
70030,Ecom,2025,7,4,0.09
70030,Indirect,2025,7,2,0.08
70030,Store,2025,7,1,0.06
70030,Ecom,2025,8,7,0.04
70030,Indirect,2025,8,4,0.05
70030,Store,2025,8,2,0.08
70030,Ecom,2025,9,7,0.07
70030,Indirect,2025,9,4,0.03
70030,Store,2025,9,2,0.2
70030,Ecom,2025,10,6,0.07
70030,Indirect,2025,10,3,0.07
70030,Store,2025,10,2,0.0
70030,Ecom,2025,11,6,0.01
70030,Indirect,2025,11,3,0.16
70030,Store,2025,11,2,0.13
70030,Ecom,2025,12,5,0.15
70030,Indirect,2025,12,3,0.06
70030,Store,2025,12,2,0.1
70030,Ecom,2025,13,7,0.04
70030,Indirect,2025,13,4,0.09
70030,Store,2025,13,2,0.11
70030,Ecom,2025,14,7,0.2
70030,Indirect,2025,14,4,0.06
70030,Store,2025,14,2,0.14
70030,Ecom,2025,15,4,0.09
70030,Indirect,2025,15,2,0.09
70030,Store,2025,15,1,0.07
70030,Ecom,2025,16,6,0.06
70030,Indirect,2025,16,3,0.03
70030,Store,2025,16,2,0.12
70030,Ecom,2025,17,6,0.17
70030,Indirect,2025,17,3,0.19
70030,Store,2025,17,2,0.17
70030,Ecom,2025,18,5,0.07
70030,Indirect,2025,18,3,0.05
70030,Store,2025,18,2,0.07
70030,Ecom,2025,19,5,0.05
70030,Indirect,2025,19,3,0.01
70030,Store,2025,19,2,0.2
70030,Ecom,2025,20,7,0.05
70030,Indirect,2025,20,4,0.16
70030,Store,2025,20,2,0.09
70030,Ecom,2025,21,6,0.13
70030,Indirect,2025,21,3,0.16
70030,Store,2025,21,2,0.02
70030,Ecom,2025,22,7,0.08
70030,Indirect,2025,22,4,0.01
70030,Store,2025,22,2,0.09
70030,Ecom,2025,23,7,0.07
70030,Indirect,2025,23,4,0.14
70030,Store,2025,23,2,0.02
70030,Ecom,2025,24,7,0.13
70030,Indirect,2025,24,4,0.0
70030,Store,2025,24,2,0.04
70030,Ecom,2025,25,4,0.17
70030,Indirect,2025,25,2,0.12
70030,Store,2025,25,1,0.14
70030,Ecom,2025,26,4,0.03
70030,Indirect,2025,26,2,0.18
70030,Store,2025,26,1,0.0
70030,Ecom,2025,27,5,0.12
70030,Indirect,2025,27,3,0.1
70030,Store,2025,27,2,0.11
70030,Ecom,2025,28,6,0.16
70030,Indirect,2025,28,3,0.08
70030,Store,2025,28,2,0.11
70030,Ecom,2025,29,4,0.18
70030,Indirect,2025,29,2,0.17
70030,Store,2025,29,1,0.01
70030,Ecom,2025,30,5,0.02
70030,Indirect,2025,30,3,0.11
70030,Store,2025,30,2,0.02
70030,Ecom,2025,31,6,0.08
70030,Indirect,2025,31,3,0.02
70030,Store,2025,31,2,0.0
70030,Ecom,2025,32,5,0.12
70030,Indirect,2025,32,3,0.02
70030,Store,2025,32,2,0.07
70030,Ecom,2025,33,5,0.1
70030,Indirect,2025,33,3,0.2
70030,Store,2025,33,2,0.18
70030,Ecom,2025,34,6,0.2
70030,Indirect,2025,34,3,0.02
70030,Store,2025,34,2,0.13
70030,Ecom,2025,35,7,0.0
70030,Indirect,2025,35,4,0.19
70030,Store,2025,35,3,0.14
70030,Ecom,2025,36,8,0.05
70030,Indirect,2025,36,4,0.03
70030,Store,2025,36,3,0.14
70030,Ecom,2025,37,5,0.12
70030,Indirect,2025,37,3,0.06
70030,Store,2025,37,2,0.03
70030,Ecom,2025,38,5,0.18
70030,Indirect,2025,38,3,0.03
70030,Store,2025,38,2,0.02
70030,Ecom,2025,39,6,0.04
70030,Indirect,2025,39,3,0.11
70030,Store,2025,39,2,0.15
70030,Ecom,2025,40,8,0.13
70030,Indirect,2025,40,4,0.06
70030,Store,2025,40,3,0.05
70030,Ecom,2025,41,6,0.06
70030,Indirect,2025,41,3,0.11
70030,Store,2025,41,2,0.09
70030,Ecom,2025,42,7,0.16
70030,Indirect,2025,42,4,0.12
70030,Store,2025,42,3,0.19
70030,Ecom,2025,43,7,0.05
70030,Indirect,2025,43,4,0.17
70030,Store,2025,43,3,0.18
70030,Ecom,2025,44,7,0.18
70030,Indirect,2025,44,4,0.01
70030,Store,2025,44,2,0.19
70030,Ecom,2025,45,6,0.04
70030,Indirect,2025,45,3,0.15
70030,Store,2025,45,2,0.18
70030,Ecom,2025,46,6,0.19
70030,Indirect,2025,46,3,0.14
70030,Store,2025,46,2,0.12
70030,Ecom,2025,47,7,0.19
70030,Indirect,2025,47,4,0.17
70030,Store,2025,47,3,0.11
70030,Ecom,2025,48,7,0.05
70030,Indirect,2025,48,4,0.04
70030,Store,2025,48,2,0.02
70030,Ecom,2025,49,5,0.16
70030,Indirect,2025,49,3,0.13
70030,Store,2025,49,2,0.16
70030,Ecom,2025,50,5,0.06
70030,Indirect,2025,50,3,0.18
70030,Store,2025,50,2,0.02
70030,Ecom,2025,51,7,0.16
70030,Indirect,2025,51,4,0.06
70030,Store,2025,51,3,0.16
70030,Ecom,2025,52,8,0.12
70030,Indirect,2025,52,4,0.15
70030,Store,2025,52,3,0.03
70031,Ecom,2024,1,5,0.01
70031,Indirect,2024,1,3,0.13
70031,Store,2024,1,2,0.15
70031,Ecom,2024,2,4,0.05
70031,Indirect,2024,2,2,0.12
70031,Store,2024,2,1,0.04
70031,Ecom,2024,3,3,0.15
70031,Indirect,2024,3,1,0.16
70031,Store,2024,3,1,0.04
70031,Ecom,2024,4,4,0.12
70031,Indirect,2024,4,2,0.09
70031,Store,2024,4,1,0.08
70031,Ecom,2024,5,4,0.12
70031,Indirect,2024,5,2,0.03
70031,Store,2024,5,1,0.19
70031,Ecom,2024,6,4,0.13
70031,Indirect,2024,6,2,0.11
70031,Store,2024,6,1,0.17
70031,Ecom,2024,7,4,0.14
70031,Indirect,2024,7,2,0.08
70031,Store,2024,7,1,0.03
70031,Ecom,2024,8,5,0.19
70031,Indirect,2024,8,3,0.14
70031,Store,2024,8,2,0.15
70031,Ecom,2024,9,3,0.15
70031,Indirect,2024,9,1,0.16
70031,Store,2024,9,1,0.06
70031,Ecom,2024,10,3,0.01
70031,Indirect,2024,10,2,0.1
70031,Store,2024,10,1,0.19
70031,Ecom,2024,11,4,0.1
70031,Indirect,2024,11,2,0.19
70031,Store,2024,11,1,0.12
70031,Ecom,2024,12,3,0.08
70031,Indirect,2024,12,1,0.17
70031,Store,2024,12,1,0.12
70031,Ecom,2024,13,3,0.04
70031,Indirect,2024,13,1,0.14
70031,Store,2024,13,1,0.11
70031,Ecom,2024,14,3,0.04
70031,Indirect,2024,14,1,0.02
70031,Store,2024,14,1,0.17
70031,Ecom,2024,15,4,0.16
70031,Indirect,2024,15,2,0.14
70031,Store,2024,15,1,0.01
70031,Ecom,2024,16,2,0.14
70031,Indirect,2024,16,1,0.13
70031,Store,2024,16,1,0.17
70031,Ecom,2024,17,4,0.09
70031,Indirect,2024,17,2,0.12
70031,Store,2024,17,1,0.19
70031,Ecom,2024,18,2,0.12
70031,Indirect,2024,18,1,0.11
70031,Store,2024,18,1,0.1
70031,Ecom,2024,19,4,0.08
70031,Indirect,2024,19,2,0.03
70031,Store,2024,19,1,0.15
70031,Ecom,2024,20,5,0.1
70031,Indirect,2024,20,3,0.17
70031,Store,2024,20,2,0.17
70031,Ecom,2024,21,4,0.17
70031,Indirect,2024,21,2,0.07
70031,Store,2024,21,1,0.07
70031,Ecom,2024,22,3,0.09
70031,Indirect,2024,22,2,0.03
70031,Store,2024,22,1,0.02
70031,Ecom,2024,23,4,0.04
70031,Indirect,2024,23,2,0.1
70031,Store,2024,23,1,0.07
70031,Ecom,2024,24,3,0.07
70031,Indirect,2024,24,2,0.18
70031,Store,2024,24,1,0.01
70031,Ecom,2024,25,3,0.0
70031,Indirect,2024,25,1,0.03
70031,Store,2024,25,1,0.12
70031,Ecom,2024,26,3,0.18
70031,Indirect,2024,26,2,0.04
70031,Store,2024,26,1,0.07
70031,Ecom,2024,27,5,0.1
70031,Indirect,2024,27,3,0.07
70031,Store,2024,27,2,0.11
70031,Ecom,2024,28,5,0.17
70031,Indirect,2024,28,3,0.08
70031,Store,2024,28,2,0.17
70031,Ecom,2024,29,5,0.07
70031,Indirect,2024,29,3,0.07
70031,Store,2024,29,2,0.18
70031,Ecom,2024,30,3,0.01
70031,Indirect,2024,30,2,0.06
70031,Store,2024,30,1,0.14
70031,Ecom,2024,31,3,0.11
70031,Indirect,2024,31,1,0.02
70031,Store,2024,31,1,0.09
70031,Ecom,2024,32,4,0.02
70031,Indirect,2024,32,2,0.12
70031,Store,2024,32,1,0.05
70031,Ecom,2024,33,3,0.14
70031,Indirect,2024,33,2,0.0
70031,Store,2024,33,1,0.09
70031,Ecom,2024,34,4,0.2
70031,Indirect,2024,34,2,0.11
70031,Store,2024,34,1,0.18
70031,Ecom,2024,35,4,0.17
70031,Indirect,2024,35,2,0.1
70031,Store,2024,35,1,0.03
70031,Ecom,2024,36,3,0.02
70031,Indirect,2024,36,1,0.01
70031,Store,2024,36,1,0.09
70031,Ecom,2024,37,4,0.14
70031,Indirect,2024,37,2,0.15
70031,Store,2024,37,1,0.04
70031,Ecom,2024,38,3,0.01
70031,Indirect,2024,38,1,0.1
70031,Store,2024,38,1,0.06
70031,Ecom,2024,39,4,0.15
70031,Indirect,2024,39,2,0.07
70031,Store,2024,39,1,0.05
70031,Ecom,2024,40,4,0.17
70031,Indirect,2024,40,2,0.18
70031,Store,2024,40,1,0.15
70031,Ecom,2024,41,4,0.13
70031,Indirect,2024,41,2,0.01
70031,Store,2024,41,1,0.14
70031,Ecom,2024,42,2,0.0
70031,Indirect,2024,42,1,0.05
70031,Store,2024,42,1,0.06
70031,Ecom,2024,43,4,0.14
70031,Indirect,2024,43,2,0.04
70031,Store,2024,43,1,0.19
70031,Ecom,2024,44,2,0.11
70031,Indirect,2024,44,1,0.16
70031,Store,2024,44,1,0.02
70031,Ecom,2024,45,4,0.06
70031,Indirect,2024,45,2,0.11
70031,Store,2024,45,1,0.01
70031,Ecom,2024,46,4,0.12
70031,Indirect,2024,46,2,0.09
70031,Store,2024,46,1,0.03
70031,Ecom,2024,47,3,0.08
70031,Indirect,2024,47,1,0.08
70031,Store,2024,47,1,0.07
70031,Ecom,2024,48,3,0.09
70031,Indirect,2024,48,1,0.06
70031,Store,2024,48,1,0.13
70031,Ecom,2024,49,3,0.0
70031,Indirect,2024,49,2,0.03
70031,Store,2024,49,1,0.0
70031,Ecom,2024,50,3,0.09
70031,Indirect,2024,50,2,0.06
70031,Store,2024,50,1,0.11
70031,Ecom,2024,51,4,0.09
70031,Indirect,2024,51,2,0.12
70031,Store,2024,51,1,0.18
70031,Ecom,2024,52,2,0.05
70031,Indirect,2024,52,1,0.02
70031,Store,2024,52,1,0.11
70031,Ecom,2025,1,4,0.12
70031,Indirect,2025,1,2,0.15
70031,Store,2025,1,1,0.08
70031,Ecom,2025,2,5,0.14
70031,Indirect,2025,2,3,0.17
70031,Store,2025,2,2,0.03
70031,Ecom,2025,3,3,0.14
70031,Indirect,2025,3,1,0.04
70031,Store,2025,3,1,0.14
70031,Ecom,2025,4,4,0.19
70031,Indirect,2025,4,2,0.09
70031,Store,2025,4,1,0.1
70031,Ecom,2025,5,3,0.18
70031,Indirect,2025,5,2,0.04
70031,Store,2025,5,1,0.02
70031,Ecom,2025,6,5,0.19
70031,Indirect,2025,6,3,0.06
70031,Store,2025,6,2,0.03
70031,Ecom,2025,7,3,0.05
70031,Indirect,2025,7,2,0.09
70031,Store,2025,7,1,0.13
70031,Ecom,2025,8,3,0.11
70031,Indirect,2025,8,2,0.07
70031,Store,2025,8,1,0.14
70031,Ecom,2025,9,3,0.06
70031,Indirect,2025,9,2,0.09
70031,Store,2025,9,1,0.1
70031,Ecom,2025,10,4,0.2
70031,Indirect,2025,10,2,0.07
70031,Store,2025,10,1,0.11
70031,Ecom,2025,11,3,0.15
70031,Indirect,2025,11,1,0.16
70031,Store,2025,11,1,0.1
70031,Ecom,2025,12,3,0.03
70031,Indirect,2025,12,1,0.08
70031,Store,2025,12,1,0.05
70031,Ecom,2025,13,4,0.09
70031,Indirect,2025,13,2,0.18
70031,Store,2025,13,1,0.17
70031,Ecom,2025,14,4,0.02
70031,Indirect,2025,14,2,0.15
70031,Store,2025,14,1,0.07
70031,Ecom,2025,15,5,0.13
70031,Indirect,2025,15,3,0.13
70031,Store,2025,15,2,0.09
70031,Ecom,2025,16,2,0.02
70031,Indirect,2025,16,1,0.09
70031,Store,2025,16,1,0.04
70031,Ecom,2025,17,2,0.17
70031,Indirect,2025,17,1,0.09
70031,Store,2025,17,1,0.14
70031,Ecom,2025,18,5,0.14
70031,Indirect,2025,18,3,0.08
70031,Store,2025,18,2,0.07
70031,Ecom,2025,19,3,0.07
70031,Indirect,2025,19,2,0.02
70031,Store,2025,19,1,0.02
70031,Ecom,2025,20,3,0.07
70031,Indirect,2025,20,2,0.16
70031,Store,2025,20,1,0.03
70031,Ecom,2025,21,4,0.04
70031,Indirect,2025,21,2,0.0
70031,Store,2025,21,1,0.12
70031,Ecom,2025,22,3,0.04
70031,Indirect,2025,22,1,0.12
70031,Store,2025,22,1,0.05
70031,Ecom,2025,23,3,0.16
70031,Indirect,2025,23,1,0.16
70031,Store,2025,23,1,0.17
70031,Ecom,2025,24,3,0.08
70031,Indirect,2025,24,1,0.09
70031,Store,2025,24,1,0.06
70031,Ecom,2025,25,3,0.1
70031,Indirect,2025,25,1,0.02
70031,Store,2025,25,1,0.1
70031,Ecom,2025,26,3,0.2
70031,Indirect,2025,26,2,0.07
70031,Store,2025,26,1,0.0
70031,Ecom,2025,27,4,0.12
70031,Indirect,2025,27,2,0.18
70031,Store,2025,27,1,0.13
70031,Ecom,2025,28,3,0.06
70031,Indirect,2025,28,1,0.06
70031,Store,2025,28,1,0.14
70031,Ecom,2025,29,4,0.08
70031,Indirect,2025,29,2,0.16
70031,Store,2025,29,1,0.15
70031,Ecom,2025,30,3,0.03
70031,Indirect,2025,30,2,0.04
70031,Store,2025,30,1,0.07
70031,Ecom,2025,31,3,0.04
70031,Indirect,2025,31,2,0.01
70031,Store,2025,31,1,0.11
70031,Ecom,2025,32,3,0.11
70031,Indirect,2025,32,2,0.19
70031,Store,2025,32,1,0.19
70031,Ecom,2025,33,3,0.07
70031,Indirect,2025,33,2,0.14
70031,Store,2025,33,1,0.06
70031,Ecom,2025,34,3,0.12
70031,Indirect,2025,34,1,0.04
70031,Store,2025,34,1,0.1
70031,Ecom,2025,35,4,0.05
70031,Indirect,2025,35,2,0.0
70031,Store,2025,35,1,0.08
70031,Ecom,2025,36,3,0.14
70031,Indirect,2025,36,1,0.01
70031,Store,2025,36,1,0.02
70031,Ecom,2025,37,4,0.19
70031,Indirect,2025,37,2,0.13
70031,Store,2025,37,1,0.01
70031,Ecom,2025,38,3,0.06
70031,Indirect,2025,38,2,0.14
70031,Store,2025,38,1,0.07
70031,Ecom,2025,39,4,0.11
70031,Indirect,2025,39,2,0.01
70031,Store,2025,39,1,0.07
70031,Ecom,2025,40,3,0.16
70031,Indirect,2025,40,1,0.01
70031,Store,2025,40,1,0.14
70031,Ecom,2025,41,3,0.18
70031,Indirect,2025,41,1,0.03
70031,Store,2025,41,1,0.01
70031,Ecom,2025,42,4,0.03
70031,Indirect,2025,42,2,0.03
70031,Store,2025,42,1,0.16
70031,Ecom,2025,43,4,0.16
70031,Indirect,2025,43,2,0.17
70031,Store,2025,43,1,0.15
70031,Ecom,2025,44,3,0.18
70031,Indirect,2025,44,2,0.05
70031,Store,2025,44,1,0.17
70031,Ecom,2025,45,4,0.18
70031,Indirect,2025,45,2,0.07
70031,Store,2025,45,1,0.19
70031,Ecom,2025,46,4,0.07
70031,Indirect,2025,46,2,0.04
70031,Store,2025,46,1,0.12
70031,Ecom,2025,47,4,0.13
70031,Indirect,2025,47,2,0.03
70031,Store,2025,47,1,0.0
70031,Ecom,2025,48,5,0.14
70031,Indirect,2025,48,3,0.02
70031,Store,2025,48,2,0.16
70031,Ecom,2025,49,4,0.01
70031,Indirect,2025,49,2,0.03
70031,Store,2025,49,1,0.18
70031,Ecom,2025,50,4,0.18
70031,Indirect,2025,50,2,0.05
70031,Store,2025,50,1,0.03
70031,Ecom,2025,51,4,0.14
70031,Indirect,2025,51,2,0.08
70031,Store,2025,51,1,0.08
70031,Ecom,2025,52,3,0.13
70031,Indirect,2025,52,2,0.19
70031,Store,2025,52,1,0.01
70032,Ecom,2024,1,5,0.2
70032,Indirect,2024,1,3,0.05
70032,Store,2024,1,2,0.02
70032,Ecom,2024,2,4,0.15
70032,Indirect,2024,2,2,0.16
70032,Store,2024,2,1,0.0
70032,Ecom,2024,3,4,0.14
70032,Indirect,2024,3,2,0.06
70032,Store,2024,3,1,0.13
70032,Ecom,2024,4,6,0.2
70032,Indirect,2024,4,3,0.04
70032,Store,2024,4,2,0.17
70032,Ecom,2024,5,4,0.11
70032,Indirect,2024,5,2,0.05
70032,Store,2024,5,1,0.02
70032,Ecom,2024,6,4,0.01
70032,Indirect,2024,6,2,0.12
70032,Store,2024,6,1,0.16
70032,Ecom,2024,7,4,0.13
70032,Indirect,2024,7,2,0.01
70032,Store,2024,7,1,0.09
70032,Ecom,2024,8,6,0.12
70032,Indirect,2024,8,3,0.07
70032,Store,2024,8,2,0.06
70032,Ecom,2024,9,5,0.17
70032,Indirect,2024,9,3,0.08
70032,Store,2024,9,2,0.19
70032,Ecom,2024,10,4,0.0
70032,Indirect,2024,10,2,0.04
70032,Store,2024,10,1,0.14
70032,Ecom,2024,11,5,0.15
70032,Indirect,2024,11,3,0.06
70032,Store,2024,11,2,0.18
70032,Ecom,2024,12,5,0.17
70032,Indirect,2024,12,3,0.15
70032,Store,2024,12,2,0.03
70032,Ecom,2024,13,3,0.1
70032,Indirect,2024,13,2,0.05
70032,Store,2024,13,1,0.14
70032,Ecom,2024,14,5,0.19
70032,Indirect,2024,14,3,0.17
70032,Store,2024,14,2,0.16
70032,Ecom,2024,15,5,0.04
70032,Indirect,2024,15,3,0.01
70032,Store,2024,15,2,0.17
70032,Ecom,2024,16,4,0.09
70032,Indirect,2024,16,2,0.07
70032,Store,2024,16,1,0.13
70032,Ecom,2024,17,6,0.19
70032,Indirect,2024,17,3,0.13
70032,Store,2024,17,2,0.14
70032,Ecom,2024,18,3,0.06
70032,Indirect,2024,18,2,0.02
70032,Store,2024,18,1,0.14
70032,Ecom,2024,19,5,0.19
70032,Indirect,2024,19,3,0.1
70032,Store,2024,19,2,0.08
70032,Ecom,2024,20,5,0.19
70032,Indirect,2024,20,3,0.15
70032,Store,2024,20,2,0.1
70032,Ecom,2024,21,4,0.0
70032,Indirect,2024,21,2,0.09
70032,Store,2024,21,1,0.16
70032,Ecom,2024,22,6,0.08
70032,Indirect,2024,22,3,0.02
70032,Store,2024,22,2,0.01
70032,Ecom,2024,23,6,0.16
70032,Indirect,2024,23,3,0.15
70032,Store,2024,23,2,0.07
70032,Ecom,2024,24,5,0.14
70032,Indirect,2024,24,3,0.14
70032,Store,2024,24,2,0.12
70032,Ecom,2024,25,6,0.15
70032,Indirect,2024,25,3,0.08
70032,Store,2024,25,2,0.11
70032,Ecom,2024,26,6,0.11
70032,Indirect,2024,26,3,0.2
70032,Store,2024,26,2,0.02
70032,Ecom,2024,27,4,0.01
70032,Indirect,2024,27,2,0.01
70032,Store,2024,27,1,0.05
70032,Ecom,2024,28,5,0.02
70032,Indirect,2024,28,3,0.03
70032,Store,2024,28,2,0.16
70032,Ecom,2024,29,5,0.07
70032,Indirect,2024,29,3,0.19
70032,Store,2024,29,2,0.07
70032,Ecom,2024,30,4,0.16
70032,Indirect,2024,30,2,0.16
70032,Store,2024,30,1,0.1
70032,Ecom,2024,31,5,0.07
70032,Indirect,2024,31,3,0.08
70032,Store,2024,31,2,0.01
70032,Ecom,2024,32,6,0.02
70032,Indirect,2024,32,3,0.12
70032,Store,2024,32,2,0.14
70032,Ecom,2024,33,6,0.04
70032,Indirect,2024,33,3,0.14
70032,Store,2024,33,2,0.0
70032,Ecom,2024,34,6,0.15
70032,Indirect,2024,34,3,0.18
70032,Store,2024,34,2,0.04
70032,Ecom,2024,35,6,0.11
70032,Indirect,2024,35,3,0.03
70032,Store,2024,35,2,0.05
70032,Ecom,2024,36,5,0.02
70032,Indirect,2024,36,3,0.04
70032,Store,2024,36,2,0.19
70032,Ecom,2024,37,6,0.13
70032,Indirect,2024,37,3,0.18
70032,Store,2024,37,2,0.17
70032,Ecom,2024,38,4,0.11
70032,Indirect,2024,38,2,0.06
70032,Store,2024,38,1,0.03
70032,Ecom,2024,39,6,0.09
70032,Indirect,2024,39,3,0.16
70032,Store,2024,39,2,0.19
70032,Ecom,2024,40,4,0.01
70032,Indirect,2024,40,2,0.13
70032,Store,2024,40,1,0.1
70032,Ecom,2024,41,4,0.01
70032,Indirect,2024,41,2,0.05
70032,Store,2024,41,1,0.0
70032,Ecom,2024,42,5,0.2
70032,Indirect,2024,42,3,0.02
70032,Store,2024,42,2,0.04
70032,Ecom,2024,43,4,0.12
70032,Indirect,2024,43,2,0.2
70032,Store,2024,43,1,0.18
70032,Ecom,2024,44,3,0.2
70032,Indirect,2024,44,2,0.15
70032,Store,2024,44,1,0.1
70032,Ecom,2024,45,4,0.11
70032,Indirect,2024,45,2,0.01
70032,Store,2024,45,1,0.17
70032,Ecom,2024,46,4,0.09
70032,Indirect,2024,46,2,0.13
70032,Store,2024,46,1,0.16
70032,Ecom,2024,47,6,0.16
70032,Indirect,2024,47,3,0.18
70032,Store,2024,47,2,0.15
70032,Ecom,2024,48,6,0.1
70032,Indirect,2024,48,3,0.03
70032,Store,2024,48,2,0.16
70032,Ecom,2024,49,6,0.01
70032,Indirect,2024,49,3,0.13
70032,Store,2024,49,2,0.16
70032,Ecom,2024,50,6,0.13
70032,Indirect,2024,50,3,0.08
70032,Store,2024,50,2,0.12
70032,Ecom,2024,51,4,0.01
70032,Indirect,2024,51,2,0.09
70032,Store,2024,51,1,0.1
70032,Ecom,2024,52,5,0.15
70032,Indirect,2024,52,3,0.05
70032,Store,2024,52,2,0.04
70032,Ecom,2025,1,5,0.09
70032,Indirect,2025,1,3,0.01
70032,Store,2025,1,2,0.2
70032,Ecom,2025,2,5,0.19
70032,Indirect,2025,2,3,0.19
70032,Store,2025,2,2,0.11
70032,Ecom,2025,3,4,0.01
70032,Indirect,2025,3,2,0.05
70032,Store,2025,3,1,0.05
70032,Ecom,2025,4,4,0.11
70032,Indirect,2025,4,2,0.18
70032,Store,2025,4,1,0.16
70032,Ecom,2025,5,5,0.1
70032,Indirect,2025,5,3,0.18
70032,Store,2025,5,2,0.19
70032,Ecom,2025,6,5,0.12
70032,Indirect,2025,6,3,0.04
70032,Store,2025,6,2,0.05
70032,Ecom,2025,7,6,0.14
70032,Indirect,2025,7,3,0.07
70032,Store,2025,7,2,0.15
70032,Ecom,2025,8,4,0.01
70032,Indirect,2025,8,2,0.11
70032,Store,2025,8,1,0.18
70032,Ecom,2025,9,5,0.2
70032,Indirect,2025,9,3,0.03
70032,Store,2025,9,2,0.04
70032,Ecom,2025,10,4,0.08
70032,Indirect,2025,10,2,0.2
70032,Store,2025,10,1,0.1
70032,Ecom,2025,11,4,0.15
70032,Indirect,2025,11,2,0.18
70032,Store,2025,11,1,0.19
70032,Ecom,2025,12,4,0.15
70032,Indirect,2025,12,2,0.17
70032,Store,2025,12,1,0.12
70032,Ecom,2025,13,3,0.01
70032,Indirect,2025,13,2,0.19
70032,Store,2025,13,1,0.0
70032,Ecom,2025,14,5,0.11
70032,Indirect,2025,14,3,0.04
70032,Store,2025,14,2,0.06
70032,Ecom,2025,15,3,0.1
70032,Indirect,2025,15,2,0.17
70032,Store,2025,15,1,0.05
70032,Ecom,2025,16,4,0.0
70032,Indirect,2025,16,2,0.08
70032,Store,2025,16,1,0.15
70032,Ecom,2025,17,4,0.17
70032,Indirect,2025,17,2,0.0
70032,Store,2025,17,1,0.13
70032,Ecom,2025,18,3,0.02
70032,Indirect,2025,18,2,0.15
70032,Store,2025,18,1,0.17
70032,Ecom,2025,19,5,0.1
70032,Indirect,2025,19,3,0.2
70032,Store,2025,19,2,0.04
70032,Ecom,2025,20,4,0.09
70032,Indirect,2025,20,2,0.2
70032,Store,2025,20,1,0.11
70032,Ecom,2025,21,4,0.15
70032,Indirect,2025,21,2,0.01
70032,Store,2025,21,1,0.12
70032,Ecom,2025,22,6,0.19
70032,Indirect,2025,22,3,0.09
70032,Store,2025,22,2,0.1
70032,Ecom,2025,23,5,0.09
70032,Indirect,2025,23,3,0.05
70032,Store,2025,23,2,0.06
70032,Ecom,2025,24,3,0.03
70032,Indirect,2025,24,2,0.12
70032,Store,2025,24,1,0.08
70032,Ecom,2025,25,3,0.05
70032,Indirect,2025,25,2,0.13
70032,Store,2025,25,1,0.0
70032,Ecom,2025,26,4,0.1
70032,Indirect,2025,26,2,0.07
70032,Store,2025,26,1,0.08
70032,Ecom,2025,27,3,0.15
70032,Indirect,2025,27,2,0.06
70032,Store,2025,27,1,0.02
70032,Ecom,2025,28,5,0.16
70032,Indirect,2025,28,3,0.01
70032,Store,2025,28,2,0.13
70032,Ecom,2025,29,4,0.12
70032,Indirect,2025,29,2,0.16
70032,Store,2025,29,1,0.13
70032,Ecom,2025,30,5,0.02
70032,Indirect,2025,30,3,0.18
70032,Store,2025,30,2,0.11
70032,Ecom,2025,31,4,0.06
70032,Indirect,2025,31,2,0.11
70032,Store,2025,31,1,0.04
70032,Ecom,2025,32,3,0.09
70032,Indirect,2025,32,2,0.19
70032,Store,2025,32,1,0.03
70032,Ecom,2025,33,5,0.1
70032,Indirect,2025,33,3,0.17
70032,Store,2025,33,2,0.16
70032,Ecom,2025,34,4,0.03
70032,Indirect,2025,34,2,0.01
70032,Store,2025,34,1,0.01
70032,Ecom,2025,35,4,0.15
70032,Indirect,2025,35,2,0.12
70032,Store,2025,35,1,0.06
70032,Ecom,2025,36,6,0.11
70032,Indirect,2025,36,3,0.06
70032,Store,2025,36,2,0.19
70032,Ecom,2025,37,6,0.15
70032,Indirect,2025,37,3,0.04
70032,Store,2025,37,2,0.06
70032,Ecom,2025,38,3,0.14
70032,Indirect,2025,38,2,0.12
70032,Store,2025,38,1,0.08
70032,Ecom,2025,39,3,0.08
70032,Indirect,2025,39,2,0.08
70032,Store,2025,39,1,0.07
70032,Ecom,2025,40,6,0.08
70032,Indirect,2025,40,3,0.09
70032,Store,2025,40,2,0.04
70032,Ecom,2025,41,3,0.06
70032,Indirect,2025,41,2,0.14
70032,Store,2025,41,1,0.18
70032,Ecom,2025,42,5,0.14
70032,Indirect,2025,42,3,0.15
70032,Store,2025,42,2,0.09
70032,Ecom,2025,43,6,0.13
70032,Indirect,2025,43,3,0.04
70032,Store,2025,43,2,0.12
70032,Ecom,2025,44,5,0.08
70032,Indirect,2025,44,3,0.05
70032,Store,2025,44,2,0.17
70032,Ecom,2025,45,5,0.11
70032,Indirect,2025,45,3,0.2
70032,Store,2025,45,2,0.11
70032,Ecom,2025,46,5,0.14
70032,Indirect,2025,46,3,0.17
70032,Store,2025,46,2,0.16
70032,Ecom,2025,47,4,0.13
70032,Indirect,2025,47,2,0.14
70032,Store,2025,47,1,0.13
70032,Ecom,2025,48,4,0.09
70032,Indirect,2025,48,2,0.08
70032,Store,2025,48,1,0.18
70032,Ecom,2025,49,4,0.02
70032,Indirect,2025,49,2,0.2
70032,Store,2025,49,1,0.04
70032,Ecom,2025,50,5,0.17
70032,Indirect,2025,50,3,0.04
70032,Store,2025,50,2,0.18
70032,Ecom,2025,51,5,0.11
70032,Indirect,2025,51,3,0.17
70032,Store,2025,51,2,0.13
70032,Ecom,2025,52,5,0.05
70032,Indirect,2025,52,3,0.12
70032,Store,2025,52,2,0.05
70033,Ecom,2024,1,7,0.15
70033,Indirect,2024,1,4,0.08
70033,Store,2024,1,2,0.08
70033,Ecom,2024,2,7,0.08
70033,Indirect,2024,2,4,0.07
70033,Store,2024,2,2,0.08
70033,Ecom,2024,3,7,0.19
70033,Indirect,2024,3,4,0.02
70033,Store,2024,3,2,0.12
70033,Ecom,2024,4,5,0.04
70033,Indirect,2024,4,3,0.04
70033,Store,2024,4,2,0.19
70033,Ecom,2024,5,7,0.2
70033,Indirect,2024,5,4,0.02
70033,Store,2024,5,2,0.0
70033,Ecom,2024,6,6,0.2
70033,Indirect,2024,6,3,0.01
70033,Store,2024,6,2,0.04
70033,Ecom,2024,7,7,0.03
70033,Indirect,2024,7,4,0.07
70033,Store,2024,7,2,0.05
70033,Ecom,2024,8,4,0.08
70033,Indirect,2024,8,2,0.11
70033,Store,2024,8,1,0.05
70033,Ecom,2024,9,6,0.1
70033,Indirect,2024,9,3,0.19
70033,Store,2024,9,2,0.08
70033,Ecom,2024,10,7,0.17
70033,Indirect,2024,10,4,0.01
70033,Store,2024,10,3,0.19
70033,Ecom,2024,11,6,0.05
70033,Indirect,2024,11,3,0.1
70033,Store,2024,11,2,0.11
70033,Ecom,2024,12,5,0.15
70033,Indirect,2024,12,3,0.02
70033,Store,2024,12,2,0.07
70033,Ecom,2024,13,7,0.08
70033,Indirect,2024,13,4,0.07
70033,Store,2024,13,2,0.14
70033,Ecom,2024,14,6,0.12
70033,Indirect,2024,14,3,0.1
70033,Store,2024,14,2,0.02
70033,Ecom,2024,15,5,0.08
70033,Indirect,2024,15,3,0.01
70033,Store,2024,15,2,0.06
70033,Ecom,2024,16,6,0.1
70033,Indirect,2024,16,3,0.08
70033,Store,2024,16,2,0.04
70033,Ecom,2024,17,4,0.07
70033,Indirect,2024,17,2,0.0
70033,Store,2024,17,1,0.07
70033,Ecom,2024,18,6,0.1
70033,Indirect,2024,18,3,0.01
70033,Store,2024,18,2,0.13
70033,Ecom,2024,19,7,0.01
70033,Indirect,2024,19,4,0.02
70033,Store,2024,19,3,0.03
70033,Ecom,2024,20,6,0.03
70033,Indirect,2024,20,3,0.13
70033,Store,2024,20,2,0.06
70033,Ecom,2024,21,7,0.09
70033,Indirect,2024,21,4,0.19
70033,Store,2024,21,2,0.06
70033,Ecom,2024,22,7,0.12
70033,Indirect,2024,22,4,0.06
70033,Store,2024,22,3,0.18
70033,Ecom,2024,23,4,0.14
70033,Indirect,2024,23,2,0.01
70033,Store,2024,23,1,0.15
70033,Ecom,2024,24,4,0.03
70033,Indirect,2024,24,2,0.02
70033,Store,2024,24,1,0.17
70033,Ecom,2024,25,6,0.1
70033,Indirect,2024,25,3,0.11
70033,Store,2024,25,2,0.15
70033,Ecom,2024,26,5,0.05
70033,Indirect,2024,26,3,0.19
70033,Store,2024,26,2,0.07
70033,Ecom,2024,27,5,0.1
70033,Indirect,2024,27,3,0.15
70033,Store,2024,27,2,0.03
70033,Ecom,2024,28,5,0.13
70033,Indirect,2024,28,3,0.04
70033,Store,2024,28,2,0.01
70033,Ecom,2024,29,5,0.02
70033,Indirect,2024,29,3,0.05
70033,Store,2024,29,2,0.1
70033,Ecom,2024,30,4,0.13
70033,Indirect,2024,30,2,0.08
70033,Store,2024,30,1,0.17
70033,Ecom,2024,31,4,0.01
70033,Indirect,2024,31,2,0.09
70033,Store,2024,31,1,0.18
70033,Ecom,2024,32,7,0.2
70033,Indirect,2024,32,4,0.04
70033,Store,2024,32,2,0.19
70033,Ecom,2024,33,4,0.15
70033,Indirect,2024,33,2,0.14
70033,Store,2024,33,1,0.04
70033,Ecom,2024,34,4,0.16
70033,Indirect,2024,34,2,0.14
70033,Store,2024,34,1,0.13
70033,Ecom,2024,35,8,0.05
70033,Indirect,2024,35,4,0.01
70033,Store,2024,35,3,0.18
70033,Ecom,2024,36,5,0.04
70033,Indirect,2024,36,3,0.16
70033,Store,2024,36,2,0.08
70033,Ecom,2024,37,5,0.11
70033,Indirect,2024,37,3,0.12
70033,Store,2024,37,2,0.04
70033,Ecom,2024,38,8,0.02
70033,Indirect,2024,38,4,0.02
70033,Store,2024,38,3,0.14
70033,Ecom,2024,39,4,0.09
70033,Indirect,2024,39,2,0.05
70033,Store,2024,39,1,0.12
70033,Ecom,2024,40,4,0.05
70033,Indirect,2024,40,2,0.19
70033,Store,2024,40,1,0.14
70033,Ecom,2024,41,6,0.14
70033,Indirect,2024,41,3,0.04
70033,Store,2024,41,2,0.09
70033,Ecom,2024,42,7,0.02
70033,Indirect,2024,42,4,0.1
70033,Store,2024,42,2,0.03
70033,Ecom,2024,43,5,0.13
70033,Indirect,2024,43,3,0.2
70033,Store,2024,43,2,0.19
70033,Ecom,2024,44,7,0.01
70033,Indirect,2024,44,4,0.16
70033,Store,2024,44,3,0.05
70033,Ecom,2024,45,7,0.04
70033,Indirect,2024,45,4,0.15
70033,Store,2024,45,2,0.04
70033,Ecom,2024,46,7,0.12
70033,Indirect,2024,46,4,0.0
70033,Store,2024,46,3,0.13
70033,Ecom,2024,47,6,0.16
70033,Indirect,2024,47,3,0.14
70033,Store,2024,47,2,0.15
70033,Ecom,2024,48,5,0.18
70033,Indirect,2024,48,3,0.06
70033,Store,2024,48,2,0.04
70033,Ecom,2024,49,7,0.01
70033,Indirect,2024,49,4,0.01
70033,Store,2024,49,3,0.17
70033,Ecom,2024,50,6,0.11
70033,Indirect,2024,50,3,0.1
70033,Store,2024,50,2,0.11
70033,Ecom,2024,51,5,0.12
70033,Indirect,2024,51,3,0.16
70033,Store,2024,51,2,0.05
70033,Ecom,2024,52,5,0.02
70033,Indirect,2024,52,3,0.11
70033,Store,2024,52,2,0.04
70033,Ecom,2025,1,5,0.2
70033,Indirect,2025,1,3,0.17
70033,Store,2025,1,2,0.06
70033,Ecom,2025,2,7,0.09
70033,Indirect,2025,2,4,0.11
70033,Store,2025,2,3,0.04
70033,Ecom,2025,3,5,0.2
70033,Indirect,2025,3,3,0.01
70033,Store,2025,3,2,0.01
70033,Ecom,2025,4,7,0.12
70033,Indirect,2025,4,4,0.09
70033,Store,2025,4,3,0.19
70033,Ecom,2025,5,8,0.05
70033,Indirect,2025,5,4,0.09
70033,Store,2025,5,3,0.05
70033,Ecom,2025,6,5,0.12
70033,Indirect,2025,6,3,0.05
70033,Store,2025,6,2,0.05
70033,Ecom,2025,7,6,0.17
70033,Indirect,2025,7,3,0.08
70033,Store,2025,7,2,0.06
70033,Ecom,2025,8,6,0.09
70033,Indirect,2025,8,3,0.11
70033,Store,2025,8,2,0.11
70033,Ecom,2025,9,6,0.17
70033,Indirect,2025,9,3,0.03
70033,Store,2025,9,2,0.06
70033,Ecom,2025,10,4,0.18
70033,Indirect,2025,10,2,0.01
70033,Store,2025,10,1,0.13
70033,Ecom,2025,11,6,0.09
70033,Indirect,2025,11,3,0.03
70033,Store,2025,11,2,0.11
70033,Ecom,2025,12,5,0.12
70033,Indirect,2025,12,3,0.04
70033,Store,2025,12,2,0.02
70033,Ecom,2025,13,7,0.18
70033,Indirect,2025,13,4,0.11
70033,Store,2025,13,2,0.12
70033,Ecom,2025,14,8,0.06
70033,Indirect,2025,14,4,0.18
70033,Store,2025,14,3,0.16
70033,Ecom,2025,15,4,0.15
70033,Indirect,2025,15,2,0.12
70033,Store,2025,15,1,0.04
70033,Ecom,2025,16,7,0.12
70033,Indirect,2025,16,4,0.1
70033,Store,2025,16,3,0.1
70033,Ecom,2025,17,8,0.04
70033,Indirect,2025,17,4,0.06
70033,Store,2025,17,3,0.1
70033,Ecom,2025,18,5,0.0
70033,Indirect,2025,18,3,0.02
70033,Store,2025,18,2,0.19
70033,Ecom,2025,19,6,0.12
70033,Indirect,2025,19,3,0.08
70033,Store,2025,19,2,0.11
70033,Ecom,2025,20,8,0.04
70033,Indirect,2025,20,4,0.14
70033,Store,2025,20,3,0.05
70033,Ecom,2025,21,5,0.08
70033,Indirect,2025,21,3,0.11
70033,Store,2025,21,2,0.14
70033,Ecom,2025,22,4,0.06
70033,Indirect,2025,22,2,0.12
70033,Store,2025,22,1,0.01
70033,Ecom,2025,23,6,0.2
70033,Indirect,2025,23,3,0.12
70033,Store,2025,23,2,0.02
70033,Ecom,2025,24,6,0.06
70033,Indirect,2025,24,3,0.15
70033,Store,2025,24,2,0.1
70033,Ecom,2025,25,5,0.0
70033,Indirect,2025,25,3,0.05
70033,Store,2025,25,2,0.01
70033,Ecom,2025,26,5,0.18
70033,Indirect,2025,26,3,0.08
70033,Store,2025,26,2,0.2
70033,Ecom,2025,27,5,0.05
70033,Indirect,2025,27,3,0.07
70033,Store,2025,27,2,0.02
70033,Ecom,2025,28,6,0.02
70033,Indirect,2025,28,3,0.01
70033,Store,2025,28,2,0.18
70033,Ecom,2025,29,5,0.14
70033,Indirect,2025,29,3,0.14
70033,Store,2025,29,2,0.09
70033,Ecom,2025,30,6,0.14
70033,Indirect,2025,30,3,0.05
70033,Store,2025,30,2,0.04
70033,Ecom,2025,31,6,0.17
70033,Indirect,2025,31,3,0.06
70033,Store,2025,31,2,0.04
70033,Ecom,2025,32,5,0.12
70033,Indirect,2025,32,3,0.15
70033,Store,2025,32,2,0.08
70033,Ecom,2025,33,5,0.06
70033,Indirect,2025,33,3,0.02
70033,Store,2025,33,2,0.03
70033,Ecom,2025,34,6,0.14
70033,Indirect,2025,34,3,0.14
70033,Store,2025,34,2,0.14
70033,Ecom,2025,35,7,0.0
70033,Indirect,2025,35,4,0.08
70033,Store,2025,35,2,0.07
70033,Ecom,2025,36,6,0.11
70033,Indirect,2025,36,3,0.01
70033,Store,2025,36,2,0.12
70033,Ecom,2025,37,4,0.14
70033,Indirect,2025,37,2,0.04
70033,Store,2025,37,1,0.13
70033,Ecom,2025,38,6,0.17
70033,Indirect,2025,38,3,0.18
70033,Store,2025,38,2,0.19
70033,Ecom,2025,39,6,0.17
70033,Indirect,2025,39,3,0.13
70033,Store,2025,39,2,0.06
70033,Ecom,2025,40,7,0.04
70033,Indirect,2025,40,4,0.18
70033,Store,2025,40,2,0.01
70033,Ecom,2025,41,8,0.04
70033,Indirect,2025,41,4,0.08
70033,Store,2025,41,3,0.02
70033,Ecom,2025,42,6,0.09
70033,Indirect,2025,42,3,0.18
70033,Store,2025,42,2,0.04
70033,Ecom,2025,43,8,0.07
70033,Indirect,2025,43,4,0.06
70033,Store,2025,43,3,0.01
70033,Ecom,2025,44,4,0.0
70033,Indirect,2025,44,2,0.1
70033,Store,2025,44,1,0.16
70033,Ecom,2025,45,7,0.2
70033,Indirect,2025,45,4,0.12
70033,Store,2025,45,3,0.05
70033,Ecom,2025,46,7,0.08
70033,Indirect,2025,46,4,0.13
70033,Store,2025,46,3,0.02
70033,Ecom,2025,47,6,0.13
70033,Indirect,2025,47,3,0.0
70033,Store,2025,47,2,0.11
70033,Ecom,2025,48,7,0.01
70033,Indirect,2025,48,4,0.14
70033,Store,2025,48,2,0.15
70033,Ecom,2025,49,5,0.04
70033,Indirect,2025,49,3,0.12
70033,Store,2025,49,2,0.19
70033,Ecom,2025,50,5,0.15
70033,Indirect,2025,50,3,0.01
70033,Store,2025,50,2,0.13
70033,Ecom,2025,51,5,0.18
70033,Indirect,2025,51,3,0.15
70033,Store,2025,51,2,0.06
70033,Ecom,2025,52,5,0.15
70033,Indirect,2025,52,3,0.05
70033,Store,2025,52,2,0.07
70034,Ecom,2024,1,7,0.1
70034,Indirect,2024,1,4,0.07
70034,Store,2024,1,3,0.11
70034,Ecom,2024,2,7,0.17
70034,Indirect,2024,2,4,0.11
70034,Store,2024,2,3,0.07
70034,Ecom,2024,3,7,0.17
70034,Indirect,2024,3,4,0.1
70034,Store,2024,3,2,0.0
70034,Ecom,2024,4,8,0.06
70034,Indirect,2024,4,4,0.14
70034,Store,2024,4,3,0.0
70034,Ecom,2024,5,7,0.01
70034,Indirect,2024,5,4,0.02
70034,Store,2024,5,2,0.11
70034,Ecom,2024,6,5,0.0
70034,Indirect,2024,6,3,0.08
70034,Store,2024,6,2,0.1
70034,Ecom,2024,7,8,0.12
70034,Indirect,2024,7,4,0.17
70034,Store,2024,7,3,0.19
70034,Ecom,2024,8,7,0.01
70034,Indirect,2024,8,4,0.04
70034,Store,2024,8,3,0.08
70034,Ecom,2024,9,6,0.2
70034,Indirect,2024,9,3,0.12
70034,Store,2024,9,2,0.08
70034,Ecom,2024,10,7,0.07
70034,Indirect,2024,10,4,0.01
70034,Store,2024,10,3,0.13
70034,Ecom,2024,11,6,0.04
70034,Indirect,2024,11,3,0.03
70034,Store,2024,11,2,0.14
70034,Ecom,2024,12,7,0.15
70034,Indirect,2024,12,4,0.01
70034,Store,2024,12,3,0.1
70034,Ecom,2024,13,7,0.12
70034,Indirect,2024,13,4,0.08
70034,Store,2024,13,3,0.03
70034,Ecom,2024,14,10,0.19
70034,Indirect,2024,14,6,0.07
70034,Store,2024,14,4,0.05
70034,Ecom,2024,15,7,0.07
70034,Indirect,2024,15,4,0.09
70034,Store,2024,15,3,0.08
70034,Ecom,2024,16,7,0.2
70034,Indirect,2024,16,4,0.01
70034,Store,2024,16,2,0.09
70034,Ecom,2024,17,5,0.17
70034,Indirect,2024,17,3,0.15
70034,Store,2024,17,2,0.05
70034,Ecom,2024,18,9,0.03
70034,Indirect,2024,18,5,0.14
70034,Store,2024,18,3,0.2
70034,Ecom,2024,19,6,0.03
70034,Indirect,2024,19,3,0.17
70034,Store,2024,19,2,0.12
70034,Ecom,2024,20,9,0.15
70034,Indirect,2024,20,5,0.18
70034,Store,2024,20,3,0.07
70034,Ecom,2024,21,8,0.11
70034,Indirect,2024,21,5,0.08
70034,Store,2024,21,3,0.09
70034,Ecom,2024,22,8,0.14
70034,Indirect,2024,22,5,0.17
70034,Store,2024,22,3,0.17
70034,Ecom,2024,23,7,0.01
70034,Indirect,2024,23,4,0.06
70034,Store,2024,23,3,0.06
70034,Ecom,2024,24,7,0.02
70034,Indirect,2024,24,4,0.05
70034,Store,2024,24,3,0.15
70034,Ecom,2024,25,6,0.12
70034,Indirect,2024,25,3,0.17
70034,Store,2024,25,2,0.07
70034,Ecom,2024,26,7,0.01
70034,Indirect,2024,26,4,0.14
70034,Store,2024,26,2,0.15
70034,Ecom,2024,27,9,0.02
70034,Indirect,2024,27,5,0.18
70034,Store,2024,27,3,0.02
70034,Ecom,2024,28,9,0.1
70034,Indirect,2024,28,5,0.11
70034,Store,2024,28,3,0.09
70034,Ecom,2024,29,9,0.07
70034,Indirect,2024,29,5,0.13
70034,Store,2024,29,3,0.1
70034,Ecom,2024,30,7,0.19
70034,Indirect,2024,30,4,0.14
70034,Store,2024,30,3,0.16
70034,Ecom,2024,31,5,0.02
70034,Indirect,2024,31,3,0.01
70034,Store,2024,31,2,0.18
70034,Ecom,2024,32,5,0.09
70034,Indirect,2024,32,3,0.0
70034,Store,2024,32,2,0.16
70034,Ecom,2024,33,5,0.05
70034,Indirect,2024,33,3,0.14
70034,Store,2024,33,2,0.14
70034,Ecom,2024,34,5,0.12
70034,Indirect,2024,34,3,0.19
70034,Store,2024,34,2,0.17
70034,Ecom,2024,35,7,0.19
70034,Indirect,2024,35,4,0.1
70034,Store,2024,35,3,0.19
70034,Ecom,2024,36,8,0.12
70034,Indirect,2024,36,4,0.11
70034,Store,2024,36,3,0.18
70034,Ecom,2024,37,8,0.14
70034,Indirect,2024,37,4,0.09
70034,Store,2024,37,3,0.06
70034,Ecom,2024,38,7,0.2
70034,Indirect,2024,38,4,0.01
70034,Store,2024,38,2,0.15
70034,Ecom,2024,39,6,0.14
70034,Indirect,2024,39,3,0.1
70034,Store,2024,39,2,0.08
70034,Ecom,2024,40,9,0.2
70034,Indirect,2024,40,5,0.02
70034,Store,2024,40,3,0.05
70034,Ecom,2024,41,7,0.05
70034,Indirect,2024,41,4,0.17
70034,Store,2024,41,2,0.04
70034,Ecom,2024,42,10,0.03
70034,Indirect,2024,42,6,0.01
70034,Store,2024,42,4,0.09
70034,Ecom,2024,43,7,0.18
70034,Indirect,2024,43,4,0.07
70034,Store,2024,43,2,0.02
70034,Ecom,2024,44,6,0.1
70034,Indirect,2024,44,3,0.13
70034,Store,2024,44,2,0.09
70034,Ecom,2024,45,9,0.15
70034,Indirect,2024,45,5,0.06
70034,Store,2024,45,3,0.05
70034,Ecom,2024,46,9,0.18
70034,Indirect,2024,46,5,0.11
70034,Store,2024,46,3,0.15
70034,Ecom,2024,47,6,0.08
70034,Indirect,2024,47,3,0.06
70034,Store,2024,47,2,0.12
70034,Ecom,2024,48,7,0.06
70034,Indirect,2024,48,4,0.05
70034,Store,2024,48,3,0.16
70034,Ecom,2024,49,6,0.16
70034,Indirect,2024,49,3,0.14
70034,Store,2024,49,2,0.15
70034,Ecom,2024,50,8,0.04
70034,Indirect,2024,50,5,0.12
70034,Store,2024,50,3,0.08
70034,Ecom,2024,51,7,0.04
70034,Indirect,2024,51,4,0.02
70034,Store,2024,51,2,0.15
70034,Ecom,2024,52,9,0.19
70034,Indirect,2024,52,5,0.04
70034,Store,2024,52,3,0.19
70034,Ecom,2025,1,6,0.12
70034,Indirect,2025,1,3,0.2
70034,Store,2025,1,2,0.07
70034,Ecom,2025,2,8,0.03
70034,Indirect,2025,2,5,0.11
70034,Store,2025,2,3,0.03
70034,Ecom,2025,3,7,0.15
70034,Indirect,2025,3,4,0.03
70034,Store,2025,3,2,0.1
70034,Ecom,2025,4,5,0.16
70034,Indirect,2025,4,3,0.18
70034,Store,2025,4,2,0.11
70034,Ecom,2025,5,6,0.06
70034,Indirect,2025,5,3,0.08
70034,Store,2025,5,2,0.13
70034,Ecom,2025,6,9,0.02
70034,Indirect,2025,6,5,0.0
70034,Store,2025,6,3,0.13
70034,Ecom,2025,7,6,0.07
70034,Indirect,2025,7,3,0.14
70034,Store,2025,7,2,0.13
70034,Ecom,2025,8,6,0.13
70034,Indirect,2025,8,3,0.08
70034,Store,2025,8,2,0.03
70034,Ecom,2025,9,6,0.01
70034,Indirect,2025,9,3,0.01
70034,Store,2025,9,2,0.09
70034,Ecom,2025,10,6,0.1
70034,Indirect,2025,10,3,0.07
70034,Store,2025,10,2,0.02
70034,Ecom,2025,11,8,0.01
70034,Indirect,2025,11,4,0.18
70034,Store,2025,11,3,0.14
70034,Ecom,2025,12,10,0.06
70034,Indirect,2025,12,6,0.08
70034,Store,2025,12,4,0.02
70034,Ecom,2025,13,8,0.15
70034,Indirect,2025,13,5,0.02
70034,Store,2025,13,3,0.13
70034,Ecom,2025,14,8,0.11
70034,Indirect,2025,14,5,0.07
70034,Store,2025,14,3,0.18
70034,Ecom,2025,15,8,0.09
70034,Indirect,2025,15,4,0.18
70034,Store,2025,15,3,0.2
70034,Ecom,2025,16,8,0.13
70034,Indirect,2025,16,5,0.14
70034,Store,2025,16,3,0.18
70034,Ecom,2025,17,9,0.11
70034,Indirect,2025,17,5,0.09
70034,Store,2025,17,3,0.13
70034,Ecom,2025,18,7,0.08
70034,Indirect,2025,18,4,0.06
70034,Store,2025,18,3,0.17
70034,Ecom,2025,19,7,0.1
70034,Indirect,2025,19,4,0.07
70034,Store,2025,19,3,0.16
70034,Ecom,2025,20,8,0.17
70034,Indirect,2025,20,4,0.17
70034,Store,2025,20,3,0.02
70034,Ecom,2025,21,8,0.02
70034,Indirect,2025,21,5,0.08
70034,Store,2025,21,3,0.03
70034,Ecom,2025,22,5,0.18
70034,Indirect,2025,22,3,0.17
70034,Store,2025,22,2,0.05
70034,Ecom,2025,23,7,0.06
70034,Indirect,2025,23,4,0.06
70034,Store,2025,23,3,0.16
70034,Ecom,2025,24,6,0.15
70034,Indirect,2025,24,3,0.05
70034,Store,2025,24,2,0.11
70034,Ecom,2025,25,7,0.19
70034,Indirect,2025,25,4,0.09
70034,Store,2025,25,2,0.11
70034,Ecom,2025,26,8,0.0
70034,Indirect,2025,26,4,0.18
70034,Store,2025,26,3,0.1
70034,Ecom,2025,27,9,0.15
70034,Indirect,2025,27,5,0.08
70034,Store,2025,27,3,0.15
70034,Ecom,2025,28,9,0.15
70034,Indirect,2025,28,5,0.19
70034,Store,2025,28,3,0.04
70034,Ecom,2025,29,5,0.16
70034,Indirect,2025,29,3,0.19
70034,Store,2025,29,2,0.17
70034,Ecom,2025,30,10,0.18
70034,Indirect,2025,30,6,0.01
70034,Store,2025,30,4,0.17
70034,Ecom,2025,31,7,0.16
70034,Indirect,2025,31,4,0.04
70034,Store,2025,31,2,0.08
70034,Ecom,2025,32,8,0.07
70034,Indirect,2025,32,4,0.07
70034,Store,2025,32,3,0.18
70034,Ecom,2025,33,9,0.19
70034,Indirect,2025,33,5,0.01
70034,Store,2025,33,3,0.07
70034,Ecom,2025,34,10,0.2
70034,Indirect,2025,34,6,0.18
70034,Store,2025,34,4,0.04
70034,Ecom,2025,35,7,0.2
70034,Indirect,2025,35,4,0.07
70034,Store,2025,35,3,0.07
70034,Ecom,2025,36,9,0.18
70034,Indirect,2025,36,5,0.05
70034,Store,2025,36,3,0.08
70034,Ecom,2025,37,6,0.14
70034,Indirect,2025,37,3,0.14
70034,Store,2025,37,2,0.11
70034,Ecom,2025,38,9,0.09
70034,Indirect,2025,38,5,0.2
70034,Store,2025,38,3,0.13
70034,Ecom,2025,39,5,0.07
70034,Indirect,2025,39,3,0.02
70034,Store,2025,39,2,0.09
70034,Ecom,2025,40,5,0.03
70034,Indirect,2025,40,3,0.14
70034,Store,2025,40,2,0.16
70034,Ecom,2025,41,7,0.18
70034,Indirect,2025,41,4,0.08
70034,Store,2025,41,2,0.06
70034,Ecom,2025,42,8,0.17
70034,Indirect,2025,42,4,0.02
70034,Store,2025,42,3,0.2
70034,Ecom,2025,43,5,0.06
70034,Indirect,2025,43,3,0.04
70034,Store,2025,43,2,0.19
70034,Ecom,2025,44,7,0.1
70034,Indirect,2025,44,4,0.15
70034,Store,2025,44,3,0.2
70034,Ecom,2025,45,6,0.1
70034,Indirect,2025,45,3,0.14
70034,Store,2025,45,2,0.1
70034,Ecom,2025,46,10,0.14
70034,Indirect,2025,46,6,0.14
70034,Store,2025,46,4,0.02
70034,Ecom,2025,47,7,0.01
70034,Indirect,2025,47,4,0.02
70034,Store,2025,47,2,0.09
70034,Ecom,2025,48,10,0.19
70034,Indirect,2025,48,6,0.19
70034,Store,2025,48,4,0.01
70034,Ecom,2025,49,9,0.2
70034,Indirect,2025,49,5,0.05
70034,Store,2025,49,3,0.09
70034,Ecom,2025,50,7,0.05
70034,Indirect,2025,50,4,0.04
70034,Store,2025,50,3,0.03
70034,Ecom,2025,51,9,0.1
70034,Indirect,2025,51,5,0.16
70034,Store,2025,51,3,0.19
70034,Ecom,2025,52,8,0.11
70034,Indirect,2025,52,5,0.06
70034,Store,2025,52,3,0.01
70035,Ecom,2024,1,3,0.2
70035,Indirect,2024,1,2,0.05
70035,Store,2024,1,1,0.01
70035,Ecom,2024,2,3,0.15
70035,Indirect,2024,2,2,0.15
70035,Store,2024,2,1,0.17
70035,Ecom,2024,3,5,0.18
70035,Indirect,2024,3,3,0.2
70035,Store,2024,3,2,0.11
70035,Ecom,2024,4,3,0.2
70035,Indirect,2024,4,2,0.09
70035,Store,2024,4,1,0.11
70035,Ecom,2024,5,4,0.16
70035,Indirect,2024,5,2,0.13
70035,Store,2024,5,1,0.02
70035,Ecom,2024,6,4,0.14
70035,Indirect,2024,6,2,0.08
70035,Store,2024,6,1,0.17
70035,Ecom,2024,7,3,0.17
70035,Indirect,2024,7,2,0.05
70035,Store,2024,7,1,0.09
70035,Ecom,2024,8,5,0.06
70035,Indirect,2024,8,3,0.17
70035,Store,2024,8,2,0.17
70035,Ecom,2024,9,6,0.04
70035,Indirect,2024,9,3,0.09
70035,Store,2024,9,2,0.01
70035,Ecom,2024,10,4,0.14
70035,Indirect,2024,10,2,0.13
70035,Store,2024,10,1,0.11
70035,Ecom,2024,11,5,0.12
70035,Indirect,2024,11,3,0.0
70035,Store,2024,11,2,0.01
70035,Ecom,2024,12,6,0.09
70035,Indirect,2024,12,3,0.04
70035,Store,2024,12,2,0.08
70035,Ecom,2024,13,5,0.14
70035,Indirect,2024,13,3,0.15
70035,Store,2024,13,2,0.01
70035,Ecom,2024,14,5,0.08
70035,Indirect,2024,14,3,0.07
70035,Store,2024,14,2,0.18
70035,Ecom,2024,15,5,0.15
70035,Indirect,2024,15,3,0.09
70035,Store,2024,15,2,0.14
70035,Ecom,2024,16,4,0.11
70035,Indirect,2024,16,2,0.04
70035,Store,2024,16,1,0.02
70035,Ecom,2024,17,3,0.06
70035,Indirect,2024,17,2,0.09
70035,Store,2024,17,1,0.02
70035,Ecom,2024,18,6,0.12
70035,Indirect,2024,18,3,0.05
70035,Store,2024,18,2,0.16
70035,Ecom,2024,19,4,0.13
70035,Indirect,2024,19,2,0.16
70035,Store,2024,19,1,0.16
70035,Ecom,2024,20,5,0.12
70035,Indirect,2024,20,3,0.19
70035,Store,2024,20,2,0.01
70035,Ecom,2024,21,3,0.06
70035,Indirect,2024,21,2,0.06
70035,Store,2024,21,1,0.11
70035,Ecom,2024,22,5,0.18
70035,Indirect,2024,22,3,0.02
70035,Store,2024,22,2,0.09
70035,Ecom,2024,23,6,0.1
70035,Indirect,2024,23,3,0.03
70035,Store,2024,23,2,0.08
70035,Ecom,2024,24,4,0.0
70035,Indirect,2024,24,2,0.06
70035,Store,2024,24,1,0.03
70035,Ecom,2024,25,4,0.17
70035,Indirect,2024,25,2,0.13
70035,Store,2024,25,1,0.12
70035,Ecom,2024,26,6,0.12
70035,Indirect,2024,26,3,0.1
70035,Store,2024,26,2,0.15
70035,Ecom,2024,27,4,0.05
70035,Indirect,2024,27,2,0.1
70035,Store,2024,27,1,0.11
70035,Ecom,2024,28,4,0.16
70035,Indirect,2024,28,2,0.07
70035,Store,2024,28,1,0.14
70035,Ecom,2024,29,3,0.09
70035,Indirect,2024,29,2,0.06
70035,Store,2024,29,1,0.04
70035,Ecom,2024,30,4,0.13
70035,Indirect,2024,30,2,0.08
70035,Store,2024,30,1,0.19
70035,Ecom,2024,31,5,0.04
70035,Indirect,2024,31,3,0.04
70035,Store,2024,31,2,0.16
70035,Ecom,2024,32,4,0.18
70035,Indirect,2024,32,2,0.06
70035,Store,2024,32,1,0.02
70035,Ecom,2024,33,5,0.12
70035,Indirect,2024,33,3,0.15
70035,Store,2024,33,2,0.03
70035,Ecom,2024,34,5,0.13
70035,Indirect,2024,34,3,0.04
70035,Store,2024,34,2,0.06
70035,Ecom,2024,35,6,0.2
70035,Indirect,2024,35,3,0.02
70035,Store,2024,35,2,0.18
70035,Ecom,2024,36,4,0.12
70035,Indirect,2024,36,2,0.16
70035,Store,2024,36,1,0.15
70035,Ecom,2024,37,6,0.14
70035,Indirect,2024,37,3,0.17
70035,Store,2024,37,2,0.13
70035,Ecom,2024,38,4,0.17
70035,Indirect,2024,38,2,0.13
70035,Store,2024,38,1,0.05
70035,Ecom,2024,39,3,0.17
70035,Indirect,2024,39,2,0.2
70035,Store,2024,39,1,0.15
70035,Ecom,2024,40,5,0.18
70035,Indirect,2024,40,3,0.19
70035,Store,2024,40,2,0.12
70035,Ecom,2024,41,6,0.11
70035,Indirect,2024,41,3,0.09
70035,Store,2024,41,2,0.17
70035,Ecom,2024,42,6,0.19
70035,Indirect,2024,42,3,0.07
70035,Store,2024,42,2,0.16
70035,Ecom,2024,43,6,0.15
70035,Indirect,2024,43,3,0.04
70035,Store,2024,43,2,0.05
70035,Ecom,2024,44,6,0.1
70035,Indirect,2024,44,3,0.03
70035,Store,2024,44,2,0.18
70035,Ecom,2024,45,4,0.01
70035,Indirect,2024,45,2,0.08
70035,Store,2024,45,1,0.06
70035,Ecom,2024,46,6,0.07
70035,Indirect,2024,46,3,0.12
70035,Store,2024,46,2,0.18
70035,Ecom,2024,47,3,0.03
70035,Indirect,2024,47,2,0.14
70035,Store,2024,47,1,0.18
70035,Ecom,2024,48,4,0.19
70035,Indirect,2024,48,2,0.12
70035,Store,2024,48,1,0.13
70035,Ecom,2024,49,4,0.15
70035,Indirect,2024,49,2,0.09
70035,Store,2024,49,1,0.03
70035,Ecom,2024,50,4,0.05
70035,Indirect,2024,50,2,0.1
70035,Store,2024,50,1,0.02
70035,Ecom,2024,51,4,0.16
70035,Indirect,2024,51,2,0.16
70035,Store,2024,51,1,0.17
70035,Ecom,2024,52,5,0.12
70035,Indirect,2024,52,3,0.04
70035,Store,2024,52,2,0.16
70035,Ecom,2025,1,6,0.12
70035,Indirect,2025,1,3,0.11
70035,Store,2025,1,2,0.01
70035,Ecom,2025,2,3,0.07
70035,Indirect,2025,2,2,0.18
70035,Store,2025,2,1,0.07
70035,Ecom,2025,3,6,0.19
70035,Indirect,2025,3,3,0.05
70035,Store,2025,3,2,0.09
70035,Ecom,2025,4,6,0.13
70035,Indirect,2025,4,3,0.12
70035,Store,2025,4,2,0.05
70035,Ecom,2025,5,4,0.11
70035,Indirect,2025,5,2,0.11
70035,Store,2025,5,1,0.14
70035,Ecom,2025,6,4,0.09
70035,Indirect,2025,6,2,0.04
70035,Store,2025,6,1,0.14
70035,Ecom,2025,7,5,0.06
70035,Indirect,2025,7,3,0.03
70035,Store,2025,7,2,0.01
70035,Ecom,2025,8,3,0.19
70035,Indirect,2025,8,2,0.15
70035,Store,2025,8,1,0.09
70035,Ecom,2025,9,6,0.03
70035,Indirect,2025,9,3,0.19
70035,Store,2025,9,2,0.04
70035,Ecom,2025,10,5,0.11
70035,Indirect,2025,10,3,0.1
70035,Store,2025,10,2,0.04
70035,Ecom,2025,11,5,0.2
70035,Indirect,2025,11,3,0.15
70035,Store,2025,11,2,0.12
70035,Ecom,2025,12,6,0.05
70035,Indirect,2025,12,3,0.01
70035,Store,2025,12,2,0.04
70035,Ecom,2025,13,4,0.12
70035,Indirect,2025,13,2,0.17
70035,Store,2025,13,1,0.14
70035,Ecom,2025,14,5,0.13
70035,Indirect,2025,14,3,0.11
70035,Store,2025,14,2,0.04
70035,Ecom,2025,15,5,0.03
70035,Indirect,2025,15,3,0.04
70035,Store,2025,15,2,0.11
70035,Ecom,2025,16,4,0.1
70035,Indirect,2025,16,2,0.12
70035,Store,2025,16,1,0.05
70035,Ecom,2025,17,6,0.1
70035,Indirect,2025,17,3,0.01
70035,Store,2025,17,2,0.02
70035,Ecom,2025,18,4,0.12
70035,Indirect,2025,18,2,0.16
70035,Store,2025,18,1,0.03
70035,Ecom,2025,19,4,0.17
70035,Indirect,2025,19,2,0.17
70035,Store,2025,19,1,0.15
70035,Ecom,2025,20,5,0.2
70035,Indirect,2025,20,3,0.15
70035,Store,2025,20,2,0.04
70035,Ecom,2025,21,5,0.19
70035,Indirect,2025,21,3,0.05
70035,Store,2025,21,2,0.17
70035,Ecom,2025,22,6,0.13
70035,Indirect,2025,22,3,0.02
70035,Store,2025,22,2,0.0
70035,Ecom,2025,23,5,0.16
70035,Indirect,2025,23,3,0.1
70035,Store,2025,23,2,0.04
70035,Ecom,2025,24,6,0.12
70035,Indirect,2025,24,3,0.04
70035,Store,2025,24,2,0.16
70035,Ecom,2025,25,5,0.14
70035,Indirect,2025,25,3,0.08
70035,Store,2025,25,2,0.06
70035,Ecom,2025,26,4,0.13
70035,Indirect,2025,26,2,0.13
70035,Store,2025,26,1,0.07
70035,Ecom,2025,27,4,0.07
70035,Indirect,2025,27,2,0.11
70035,Store,2025,27,1,0.02
70035,Ecom,2025,28,4,0.17
70035,Indirect,2025,28,2,0.07
70035,Store,2025,28,1,0.08
70035,Ecom,2025,29,3,0.11
70035,Indirect,2025,29,2,0.03
70035,Store,2025,29,1,0.01
70035,Ecom,2025,30,5,0.1
70035,Indirect,2025,30,3,0.12
70035,Store,2025,30,2,0.08
70035,Ecom,2025,31,4,0.17
70035,Indirect,2025,31,2,0.17
70035,Store,2025,31,1,0.02
70035,Ecom,2025,32,6,0.14
70035,Indirect,2025,32,3,0.18
70035,Store,2025,32,2,0.11
70035,Ecom,2025,33,4,0.17
70035,Indirect,2025,33,2,0.14
70035,Store,2025,33,1,0.05
70035,Ecom,2025,34,4,0.03
70035,Indirect,2025,34,2,0.08
70035,Store,2025,34,1,0.2
70035,Ecom,2025,35,5,0.1
70035,Indirect,2025,35,3,0.17
70035,Store,2025,35,2,0.08
70035,Ecom,2025,36,4,0.1
70035,Indirect,2025,36,2,0.07
70035,Store,2025,36,1,0.06
70035,Ecom,2025,37,5,0.0
70035,Indirect,2025,37,3,0.04
70035,Store,2025,37,2,0.01
70035,Ecom,2025,38,4,0.09
70035,Indirect,2025,38,2,0.04
70035,Store,2025,38,1,0.0
70035,Ecom,2025,39,5,0.2
70035,Indirect,2025,39,3,0.02
70035,Store,2025,39,2,0.08
70035,Ecom,2025,40,4,0.11
70035,Indirect,2025,40,2,0.1
70035,Store,2025,40,1,0.17
70035,Ecom,2025,41,4,0.09
70035,Indirect,2025,41,2,0.02
70035,Store,2025,41,1,0.12
70035,Ecom,2025,42,4,0.13
70035,Indirect,2025,42,2,0.12
70035,Store,2025,42,1,0.05
70035,Ecom,2025,43,6,0.16
70035,Indirect,2025,43,3,0.18
70035,Store,2025,43,2,0.15
70035,Ecom,2025,44,4,0.08
70035,Indirect,2025,44,2,0.1
70035,Store,2025,44,1,0.15
70035,Ecom,2025,45,5,0.19
70035,Indirect,2025,45,3,0.11
70035,Store,2025,45,2,0.0
70035,Ecom,2025,46,6,0.13
70035,Indirect,2025,46,3,0.19
70035,Store,2025,46,2,0.15
70035,Ecom,2025,47,5,0.1
70035,Indirect,2025,47,3,0.03
70035,Store,2025,47,2,0.09
70035,Ecom,2025,48,6,0.08
70035,Indirect,2025,48,3,0.08
70035,Store,2025,48,2,0.19
70035,Ecom,2025,49,4,0.02
70035,Indirect,2025,49,2,0.02
70035,Store,2025,49,1,0.13
70035,Ecom,2025,50,5,0.18
70035,Indirect,2025,50,3,0.12
70035,Store,2025,50,2,0.19
70035,Ecom,2025,51,3,0.03
70035,Indirect,2025,51,2,0.15
70035,Store,2025,51,1,0.07
70035,Ecom,2025,52,6,0.02
70035,Indirect,2025,52,3,0.05
70035,Store,2025,52,2,0.03
70036,Ecom,2024,1,2,0.04
70036,Indirect,2024,1,1,0.06
70036,Store,2024,1,1,0.12
70036,Ecom,2024,2,4,0.16
70036,Indirect,2024,2,2,0.17
70036,Store,2024,2,1,0.0
70036,Ecom,2024,3,2,0.11
70036,Indirect,2024,3,1,0.15
70036,Store,2024,3,1,0.19
70036,Ecom,2024,4,2,0.13
70036,Indirect,2024,4,1,0.1
70036,Store,2024,4,0,0.14
70036,Ecom,2024,5,3,0.02
70036,Indirect,2024,5,1,0.05
70036,Store,2024,5,1,0.19
70036,Ecom,2024,6,2,0.19
70036,Indirect,2024,6,1,0.19
70036,Store,2024,6,1,0.1
70036,Ecom,2024,7,2,0.18
70036,Indirect,2024,7,1,0.07
70036,Store,2024,7,1,0.04
70036,Ecom,2024,8,2,0.07
70036,Indirect,2024,8,1,0.16
70036,Store,2024,8,0,0.18
70036,Ecom,2024,9,2,0.14
70036,Indirect,2024,9,1,0.05
70036,Store,2024,9,0,0.16
70036,Ecom,2024,10,2,0.18
70036,Indirect,2024,10,1,0.03
70036,Store,2024,10,1,0.04
70036,Ecom,2024,11,2,0.07
70036,Indirect,2024,11,1,0.19
70036,Store,2024,11,0,0.14
70036,Ecom,2024,12,3,0.08
70036,Indirect,2024,12,1,0.19
70036,Store,2024,12,1,0.08
70036,Ecom,2024,13,3,0.03
70036,Indirect,2024,13,2,0.12
70036,Store,2024,13,1,0.08
70036,Ecom,2024,14,3,0.03
70036,Indirect,2024,14,2,0.01
70036,Store,2024,14,1,0.14
70036,Ecom,2024,15,2,0.05
70036,Indirect,2024,15,1,0.15
70036,Store,2024,15,0,0.16
70036,Ecom,2024,16,3,0.05
70036,Indirect,2024,16,2,0.2
70036,Store,2024,16,1,0.06
70036,Ecom,2024,17,3,0.15
70036,Indirect,2024,17,2,0.01
70036,Store,2024,17,1,0.06
70036,Ecom,2024,18,3,0.19
70036,Indirect,2024,18,1,0.09
70036,Store,2024,18,1,0.06
70036,Ecom,2024,19,4,0.19
70036,Indirect,2024,19,2,0.02
70036,Store,2024,19,1,0.17
70036,Ecom,2024,20,3,0.1
70036,Indirect,2024,20,2,0.09
70036,Store,2024,20,1,0.06
70036,Ecom,2024,21,2,0.05
70036,Indirect,2024,21,1,0.0
70036,Store,2024,21,1,0.01
70036,Ecom,2024,22,2,0.03
70036,Indirect,2024,22,1,0.1
70036,Store,2024,22,1,0.03
70036,Ecom,2024,23,3,0.06
70036,Indirect,2024,23,1,0.03
70036,Store,2024,23,1,0.09
70036,Ecom,2024,24,3,0.05
70036,Indirect,2024,24,2,0.07
70036,Store,2024,24,1,0.06
70036,Ecom,2024,25,3,0.04
70036,Indirect,2024,25,1,0.04
70036,Store,2024,25,1,0.07
70036,Ecom,2024,26,2,0.15
70036,Indirect,2024,26,1,0.08
70036,Store,2024,26,1,0.16
70036,Ecom,2024,27,2,0.12
70036,Indirect,2024,27,1,0.07
70036,Store,2024,27,1,0.03
70036,Ecom,2024,28,3,0.06
70036,Indirect,2024,28,1,0.09
70036,Store,2024,28,1,0.15
70036,Ecom,2024,29,2,0.12
70036,Indirect,2024,29,1,0.18
70036,Store,2024,29,1,0.18
70036,Ecom,2024,30,2,0.14
70036,Indirect,2024,30,1,0.13
70036,Store,2024,30,0,0.17
70036,Ecom,2024,31,3,0.01
70036,Indirect,2024,31,2,0.19
70036,Store,2024,31,1,0.11
70036,Ecom,2024,32,3,0.18
70036,Indirect,2024,32,2,0.04
70036,Store,2024,32,1,0.02
70036,Ecom,2024,33,2,0.17
70036,Indirect,2024,33,1,0.07
70036,Store,2024,33,0,0.05
70036,Ecom,2024,34,2,0.04
70036,Indirect,2024,34,1,0.13
70036,Store,2024,34,0,0.04
70036,Ecom,2024,35,3,0.14
70036,Indirect,2024,35,1,0.04
70036,Store,2024,35,1,0.05
70036,Ecom,2024,36,2,0.09
70036,Indirect,2024,36,1,0.11
70036,Store,2024,36,1,0.11
70036,Ecom,2024,37,3,0.1
70036,Indirect,2024,37,2,0.09
70036,Store,2024,37,1,0.1
70036,Ecom,2024,38,3,0.01
70036,Indirect,2024,38,1,0.15
70036,Store,2024,38,1,0.06
70036,Ecom,2024,39,4,0.12
70036,Indirect,2024,39,2,0.03
70036,Store,2024,39,1,0.2
70036,Ecom,2024,40,4,0.12
70036,Indirect,2024,40,2,0.0
70036,Store,2024,40,1,0.2
70036,Ecom,2024,41,3,0.09
70036,Indirect,2024,41,2,0.1
70036,Store,2024,41,1,0.18
70036,Ecom,2024,42,2,0.03
70036,Indirect,2024,42,1,0.02
70036,Store,2024,42,0,0.15
70036,Ecom,2024,43,2,0.19
70036,Indirect,2024,43,1,0.06
70036,Store,2024,43,1,0.05
70036,Ecom,2024,44,4,0.09
70036,Indirect,2024,44,2,0.04
70036,Store,2024,44,1,0.13
70036,Ecom,2024,45,3,0.13
70036,Indirect,2024,45,1,0.04
70036,Store,2024,45,1,0.09
70036,Ecom,2024,46,2,0.03
70036,Indirect,2024,46,1,0.04
70036,Store,2024,46,1,0.17
70036,Ecom,2024,47,2,0.02
70036,Indirect,2024,47,1,0.06
70036,Store,2024,47,1,0.08
70036,Ecom,2024,48,3,0.14
70036,Indirect,2024,48,2,0.11
70036,Store,2024,48,1,0.11
70036,Ecom,2024,49,3,0.09
70036,Indirect,2024,49,1,0.04
70036,Store,2024,49,1,0.01
70036,Ecom,2024,50,2,0.13
70036,Indirect,2024,50,1,0.01
70036,Store,2024,50,1,0.07
70036,Ecom,2024,51,4,0.08
70036,Indirect,2024,51,2,0.04
70036,Store,2024,51,1,0.11
70036,Ecom,2024,52,2,0.03
70036,Indirect,2024,52,1,0.11
70036,Store,2024,52,0,0.13
70036,Ecom,2025,1,2,0.08
70036,Indirect,2025,1,1,0.03
70036,Store,2025,1,1,0.02
70036,Ecom,2025,2,3,0.15
70036,Indirect,2025,2,1,0.04
70036,Store,2025,2,1,0.15
70036,Ecom,2025,3,3,0.19
70036,Indirect,2025,3,2,0.03
70036,Store,2025,3,1,0.2
70036,Ecom,2025,4,2,0.11
70036,Indirect,2025,4,1,0.14
70036,Store,2025,4,0,0.09
70036,Ecom,2025,5,2,0.13
70036,Indirect,2025,5,1,0.01
70036,Store,2025,5,1,0.04
70036,Ecom,2025,6,3,0.07
70036,Indirect,2025,6,2,0.09
70036,Store,2025,6,1,0.17
70036,Ecom,2025,7,3,0.1
70036,Indirect,2025,7,1,0.19
70036,Store,2025,7,1,0.11
70036,Ecom,2025,8,3,0.08
70036,Indirect,2025,8,1,0.11
70036,Store,2025,8,1,0.03
70036,Ecom,2025,9,4,0.01
70036,Indirect,2025,9,2,0.04
70036,Store,2025,9,1,0.17
70036,Ecom,2025,10,3,0.2
70036,Indirect,2025,10,2,0.14
70036,Store,2025,10,1,0.17
70036,Ecom,2025,11,2,0.16
70036,Indirect,2025,11,1,0.1
70036,Store,2025,11,1,0.0
70036,Ecom,2025,12,2,0.09
70036,Indirect,2025,12,1,0.18
70036,Store,2025,12,1,0.18
70036,Ecom,2025,13,4,0.1
70036,Indirect,2025,13,2,0.12
70036,Store,2025,13,1,0.17
70036,Ecom,2025,14,2,0.01
70036,Indirect,2025,14,1,0.07
70036,Store,2025,14,1,0.12
70036,Ecom,2025,15,2,0.03
70036,Indirect,2025,15,1,0.1
70036,Store,2025,15,1,0.11
70036,Ecom,2025,16,3,0.19
70036,Indirect,2025,16,2,0.19
70036,Store,2025,16,1,0.01
70036,Ecom,2025,17,2,0.08
70036,Indirect,2025,17,1,0.01
70036,Store,2025,17,0,0.09
70036,Ecom,2025,18,3,0.18
70036,Indirect,2025,18,1,0.19
70036,Store,2025,18,1,0.19
70036,Ecom,2025,19,2,0.04
70036,Indirect,2025,19,1,0.1
70036,Store,2025,19,1,0.13
70036,Ecom,2025,20,2,0.01
70036,Indirect,2025,20,1,0.05
70036,Store,2025,20,0,0.08
70036,Ecom,2025,21,2,0.13
70036,Indirect,2025,21,1,0.14
70036,Store,2025,21,1,0.05
70036,Ecom,2025,22,2,0.11
70036,Indirect,2025,22,1,0.12
70036,Store,2025,22,0,0.16
70036,Ecom,2025,23,2,0.06
70036,Indirect,2025,23,1,0.13
70036,Store,2025,23,1,0.01
70036,Ecom,2025,24,2,0.12
70036,Indirect,2025,24,1,0.11
70036,Store,2025,24,1,0.17
70036,Ecom,2025,25,3,0.08
70036,Indirect,2025,25,1,0.02
70036,Store,2025,25,1,0.18
70036,Ecom,2025,26,3,0.01
70036,Indirect,2025,26,2,0.19
70036,Store,2025,26,1,0.11
70036,Ecom,2025,27,2,0.08
70036,Indirect,2025,27,1,0.03
70036,Store,2025,27,1,0.11
70036,Ecom,2025,28,3,0.14
70036,Indirect,2025,28,1,0.07
70036,Store,2025,28,1,0.02
70036,Ecom,2025,29,3,0.1
70036,Indirect,2025,29,2,0.12
70036,Store,2025,29,1,0.15
70036,Ecom,2025,30,2,0.19
70036,Indirect,2025,30,1,0.15
70036,Store,2025,30,1,0.17
70036,Ecom,2025,31,3,0.07
70036,Indirect,2025,31,1,0.03
70036,Store,2025,31,1,0.16
70036,Ecom,2025,32,3,0.12
70036,Indirect,2025,32,2,0.17
70036,Store,2025,32,1,0.1
70036,Ecom,2025,33,4,0.02
70036,Indirect,2025,33,2,0.19
70036,Store,2025,33,1,0.15
70036,Ecom,2025,34,2,0.14
70036,Indirect,2025,34,1,0.13
70036,Store,2025,34,0,0.16
70036,Ecom,2025,35,2,0.03
70036,Indirect,2025,35,1,0.09
70036,Store,2025,35,1,0.12
70036,Ecom,2025,36,2,0.19
70036,Indirect,2025,36,1,0.08
70036,Store,2025,36,1,0.07
70036,Ecom,2025,37,2,0.07
70036,Indirect,2025,37,1,0.17
70036,Store,2025,37,1,0.16
70036,Ecom,2025,38,2,0.03
70036,Indirect,2025,38,1,0.07
70036,Store,2025,38,0,0.08
70036,Ecom,2025,39,2,0.1
70036,Indirect,2025,39,1,0.09
70036,Store,2025,39,1,0.17
70036,Ecom,2025,40,3,0.01
70036,Indirect,2025,40,1,0.01
70036,Store,2025,40,1,0.17
70036,Ecom,2025,41,4,0.13
70036,Indirect,2025,41,2,0.14
70036,Store,2025,41,1,0.06
70036,Ecom,2025,42,3,0.01
70036,Indirect,2025,42,1,0.18
70036,Store,2025,42,1,0.12
70036,Ecom,2025,43,4,0.13
70036,Indirect,2025,43,2,0.19
70036,Store,2025,43,1,0.18
70036,Ecom,2025,44,3,0.04
70036,Indirect,2025,44,1,0.15
70036,Store,2025,44,1,0.03
70036,Ecom,2025,45,2,0.1
70036,Indirect,2025,45,1,0.17
70036,Store,2025,45,0,0.16
70036,Ecom,2025,46,3,0.18
70036,Indirect,2025,46,2,0.18
70036,Store,2025,46,1,0.03
70036,Ecom,2025,47,2,0.06
70036,Indirect,2025,47,1,0.12
70036,Store,2025,47,1,0.08
70036,Ecom,2025,48,2,0.12
70036,Indirect,2025,48,1,0.0
70036,Store,2025,48,1,0.1
70036,Ecom,2025,49,3,0.03
70036,Indirect,2025,49,2,0.02
70036,Store,2025,49,1,0.14
70036,Ecom,2025,50,3,0.08
70036,Indirect,2025,50,2,0.18
70036,Store,2025,50,1,0.16
70036,Ecom,2025,51,2,0.13
70036,Indirect,2025,51,1,0.09
70036,Store,2025,51,1,0.14
70036,Ecom,2025,52,2,0.12
70036,Indirect,2025,52,1,0.19
70036,Store,2025,52,1,0.16
70037,Ecom,2024,1,3,0.06
70037,Indirect,2024,1,1,0.01
70037,Store,2024,1,1,0.14
70037,Ecom,2024,2,4,0.11
70037,Indirect,2024,2,2,0.01
70037,Store,2024,2,1,0.03
70037,Ecom,2024,3,4,0.11
70037,Indirect,2024,3,2,0.09
70037,Store,2024,3,1,0.04
70037,Ecom,2024,4,3,0.12
70037,Indirect,2024,4,2,0.19
70037,Store,2024,4,1,0.07
70037,Ecom,2024,5,2,0.15
70037,Indirect,2024,5,1,0.02
70037,Store,2024,5,1,0.06
70037,Ecom,2024,6,5,0.18
70037,Indirect,2024,6,3,0.02
70037,Store,2024,6,2,0.13
70037,Ecom,2024,7,3,0.09
70037,Indirect,2024,7,2,0.15
70037,Store,2024,7,1,0.03
70037,Ecom,2024,8,3,0.01
70037,Indirect,2024,8,2,0.13
70037,Store,2024,8,1,0.06
70037,Ecom,2024,9,2,0.0
70037,Indirect,2024,9,1,0.13
70037,Store,2024,9,1,0.08
70037,Ecom,2024,10,4,0.09
70037,Indirect,2024,10,2,0.02
70037,Store,2024,10,1,0.11
70037,Ecom,2024,11,3,0.05
70037,Indirect,2024,11,2,0.06
70037,Store,2024,11,1,0.02
70037,Ecom,2024,12,4,0.16
70037,Indirect,2024,12,2,0.09
70037,Store,2024,12,1,0.1
70037,Ecom,2024,13,3,0.07
70037,Indirect,2024,13,1,0.14
70037,Store,2024,13,1,0.17
70037,Ecom,2024,14,3,0.2
70037,Indirect,2024,14,1,0.06
70037,Store,2024,14,1,0.14
70037,Ecom,2024,15,4,0.06
70037,Indirect,2024,15,2,0.16
70037,Store,2024,15,1,0.19
70037,Ecom,2024,16,4,0.15
70037,Indirect,2024,16,2,0.18
70037,Store,2024,16,1,0.17
70037,Ecom,2024,17,3,0.01
70037,Indirect,2024,17,1,0.03
70037,Store,2024,17,1,0.03
70037,Ecom,2024,18,2,0.11
70037,Indirect,2024,18,1,0.08
70037,Store,2024,18,1,0.02
70037,Ecom,2024,19,3,0.05
70037,Indirect,2024,19,1,0.2
70037,Store,2024,19,1,0.13
70037,Ecom,2024,20,4,0.18
70037,Indirect,2024,20,2,0.19
70037,Store,2024,20,1,0.05
70037,Ecom,2024,21,4,0.12
70037,Indirect,2024,21,2,0.15
70037,Store,2024,21,1,0.04
70037,Ecom,2024,22,4,0.12
70037,Indirect,2024,22,2,0.14
70037,Store,2024,22,1,0.03
70037,Ecom,2024,23,3,0.09
70037,Indirect,2024,23,1,0.19
70037,Store,2024,23,1,0.06
70037,Ecom,2024,24,5,0.04
70037,Indirect,2024,24,3,0.12
70037,Store,2024,24,2,0.14
70037,Ecom,2024,25,3,0.05
70037,Indirect,2024,25,1,0.07
70037,Store,2024,25,1,0.19
70037,Ecom,2024,26,4,0.04
70037,Indirect,2024,26,2,0.17
70037,Store,2024,26,1,0.02
70037,Ecom,2024,27,4,0.14
70037,Indirect,2024,27,2,0.02
70037,Store,2024,27,1,0.06
70037,Ecom,2024,28,5,0.19
70037,Indirect,2024,28,3,0.04
70037,Store,2024,28,2,0.15
70037,Ecom,2024,29,3,0.1
70037,Indirect,2024,29,2,0.17
70037,Store,2024,29,1,0.04
70037,Ecom,2024,30,3,0.19
70037,Indirect,2024,30,2,0.04
70037,Store,2024,30,1,0.06
70037,Ecom,2024,31,4,0.17
70037,Indirect,2024,31,2,0.16
70037,Store,2024,31,1,0.01
70037,Ecom,2024,32,3,0.17
70037,Indirect,2024,32,1,0.1
70037,Store,2024,32,1,0.09
70037,Ecom,2024,33,3,0.19
70037,Indirect,2024,33,2,0.05
70037,Store,2024,33,1,0.11
70037,Ecom,2024,34,4,0.14
70037,Indirect,2024,34,2,0.19
70037,Store,2024,34,1,0.03
70037,Ecom,2024,35,3,0.0
70037,Indirect,2024,35,1,0.05
70037,Store,2024,35,1,0.11
70037,Ecom,2024,36,3,0.19
70037,Indirect,2024,36,1,0.11
70037,Store,2024,36,1,0.18
70037,Ecom,2024,37,4,0.04
70037,Indirect,2024,37,2,0.12
70037,Store,2024,37,1,0.2
70037,Ecom,2024,38,4,0.07
70037,Indirect,2024,38,2,0.2
70037,Store,2024,38,1,0.19
70037,Ecom,2024,39,4,0.09
70037,Indirect,2024,39,2,0.07
70037,Store,2024,39,1,0.17
70037,Ecom,2024,40,3,0.09
70037,Indirect,2024,40,2,0.0
70037,Store,2024,40,1,0.03
70037,Ecom,2024,41,3,0.14
70037,Indirect,2024,41,1,0.05
70037,Store,2024,41,1,0.07
70037,Ecom,2024,42,2,0.13
70037,Indirect,2024,42,1,0.19
70037,Store,2024,42,1,0.17
70037,Ecom,2024,43,5,0.16
70037,Indirect,2024,43,3,0.03
70037,Store,2024,43,2,0.06
70037,Ecom,2024,44,3,0.2
70037,Indirect,2024,44,1,0.05
70037,Store,2024,44,1,0.11
70037,Ecom,2024,45,3,0.17
70037,Indirect,2024,45,2,0.13
70037,Store,2024,45,1,0.2
70037,Ecom,2024,46,3,0.13
70037,Indirect,2024,46,2,0.17
70037,Store,2024,46,1,0.0
70037,Ecom,2024,47,4,0.08
70037,Indirect,2024,47,2,0.09
70037,Store,2024,47,1,0.07
70037,Ecom,2024,48,3,0.2
70037,Indirect,2024,48,2,0.12
70037,Store,2024,48,1,0.0
70037,Ecom,2024,49,3,0.12
70037,Indirect,2024,49,2,0.06
70037,Store,2024,49,1,0.1
70037,Ecom,2024,50,3,0.1
70037,Indirect,2024,50,2,0.02
70037,Store,2024,50,1,0.06
70037,Ecom,2024,51,4,0.1
70037,Indirect,2024,51,2,0.18
70037,Store,2024,51,1,0.18
70037,Ecom,2024,52,3,0.2
70037,Indirect,2024,52,1,0.08
70037,Store,2024,52,1,0.09
70037,Ecom,2025,1,4,0.17
70037,Indirect,2025,1,2,0.06
70037,Store,2025,1,1,0.17
70037,Ecom,2025,2,3,0.16
70037,Indirect,2025,2,1,0.12
70037,Store,2025,2,1,0.02
70037,Ecom,2025,3,4,0.18
70037,Indirect,2025,3,2,0.05
70037,Store,2025,3,1,0.17
70037,Ecom,2025,4,3,0.12
70037,Indirect,2025,4,1,0.14
70037,Store,2025,4,1,0.09
70037,Ecom,2025,5,4,0.18
70037,Indirect,2025,5,2,0.14
70037,Store,2025,5,1,0.18
70037,Ecom,2025,6,3,0.15
70037,Indirect,2025,6,1,0.08
70037,Store,2025,6,1,0.02
70037,Ecom,2025,7,4,0.0
70037,Indirect,2025,7,2,0.07
70037,Store,2025,7,1,0.02
70037,Ecom,2025,8,3,0.18
70037,Indirect,2025,8,2,0.09
70037,Store,2025,8,1,0.16
70037,Ecom,2025,9,3,0.13
70037,Indirect,2025,9,2,0.04
70037,Store,2025,9,1,0.03
70037,Ecom,2025,10,4,0.05
70037,Indirect,2025,10,2,0.15
70037,Store,2025,10,1,0.03
70037,Ecom,2025,11,3,0.12
70037,Indirect,2025,11,2,0.08
70037,Store,2025,11,1,0.02
70037,Ecom,2025,12,4,0.06
70037,Indirect,2025,12,2,0.19
70037,Store,2025,12,1,0.17
70037,Ecom,2025,13,3,0.01
70037,Indirect,2025,13,1,0.03
70037,Store,2025,13,1,0.07
70037,Ecom,2025,14,3,0.13
70037,Indirect,2025,14,2,0.1
70037,Store,2025,14,1,0.09
70037,Ecom,2025,15,4,0.18
70037,Indirect,2025,15,2,0.02
70037,Store,2025,15,1,0.09
70037,Ecom,2025,16,3,0.17
70037,Indirect,2025,16,2,0.19
70037,Store,2025,16,1,0.11
70037,Ecom,2025,17,3,0.12
70037,Indirect,2025,17,2,0.14
70037,Store,2025,17,1,0.18
70037,Ecom,2025,18,3,0.05
70037,Indirect,2025,18,2,0.19
70037,Store,2025,18,1,0.13
70037,Ecom,2025,19,4,0.0
70037,Indirect,2025,19,2,0.13
70037,Store,2025,19,1,0.0
70037,Ecom,2025,20,2,0.08
70037,Indirect,2025,20,1,0.17
70037,Store,2025,20,1,0.18
70037,Ecom,2025,21,4,0.13
70037,Indirect,2025,21,2,0.09
70037,Store,2025,21,1,0.07
70037,Ecom,2025,22,3,0.11
70037,Indirect,2025,22,1,0.09
70037,Store,2025,22,1,0.09
70037,Ecom,2025,23,4,0.15
70037,Indirect,2025,23,2,0.2
70037,Store,2025,23,1,0.17
70037,Ecom,2025,24,4,0.17
70037,Indirect,2025,24,2,0.19
70037,Store,2025,24,1,0.07
70037,Ecom,2025,25,3,0.08
70037,Indirect,2025,25,1,0.15
70037,Store,2025,25,1,0.14
70037,Ecom,2025,26,4,0.11
70037,Indirect,2025,26,2,0.02
70037,Store,2025,26,1,0.06
70037,Ecom,2025,27,3,0.02
70037,Indirect,2025,27,1,0.17
70037,Store,2025,27,1,0.04
70037,Ecom,2025,28,4,0.19
70037,Indirect,2025,28,2,0.05
70037,Store,2025,28,1,0.17
70037,Ecom,2025,29,4,0.06
70037,Indirect,2025,29,2,0.1
70037,Store,2025,29,1,0.07
70037,Ecom,2025,30,3,0.0
70037,Indirect,2025,30,2,0.15
70037,Store,2025,30,1,0.18
70037,Ecom,2025,31,3,0.19
70037,Indirect,2025,31,2,0.16
70037,Store,2025,31,1,0.06
70037,Ecom,2025,32,3,0.05
70037,Indirect,2025,32,1,0.1
70037,Store,2025,32,1,0.15
70037,Ecom,2025,33,4,0.03
70037,Indirect,2025,33,2,0.14
70037,Store,2025,33,1,0.19
70037,Ecom,2025,34,3,0.02
70037,Indirect,2025,34,1,0.1
70037,Store,2025,34,1,0.05
70037,Ecom,2025,35,4,0.03
70037,Indirect,2025,35,2,0.18
70037,Store,2025,35,1,0.05
70037,Ecom,2025,36,2,0.19
70037,Indirect,2025,36,1,0.09
70037,Store,2025,36,1,0.13
70037,Ecom,2025,37,4,0.19
70037,Indirect,2025,37,2,0.18
70037,Store,2025,37,1,0.08
70037,Ecom,2025,38,4,0.02
70037,Indirect,2025,38,2,0.11
70037,Store,2025,38,1,0.15
70037,Ecom,2025,39,4,0.0
70037,Indirect,2025,39,2,0.1
70037,Store,2025,39,1,0.11
70037,Ecom,2025,40,4,0.09
70037,Indirect,2025,40,2,0.01
70037,Store,2025,40,1,0.09
70037,Ecom,2025,41,5,0.08
70037,Indirect,2025,41,3,0.04
70037,Store,2025,41,2,0.13
70037,Ecom,2025,42,5,0.03
70037,Indirect,2025,42,3,0.06
70037,Store,2025,42,2,0.06
70037,Ecom,2025,43,4,0.04
70037,Indirect,2025,43,2,0.07
70037,Store,2025,43,1,0.07
70037,Ecom,2025,44,4,0.06
70037,Indirect,2025,44,2,0.16
70037,Store,2025,44,1,0.17
70037,Ecom,2025,45,5,0.09
70037,Indirect,2025,45,3,0.07
70037,Store,2025,45,2,0.09
70037,Ecom,2025,46,3,0.0
70037,Indirect,2025,46,2,0.03
70037,Store,2025,46,1,0.1
70037,Ecom,2025,47,3,0.04
70037,Indirect,2025,47,1,0.12
70037,Store,2025,47,1,0.11
70037,Ecom,2025,48,5,0.08
70037,Indirect,2025,48,3,0.07
70037,Store,2025,48,2,0.13
70037,Ecom,2025,49,2,0.13
70037,Indirect,2025,49,1,0.05
70037,Store,2025,49,1,0.13
70037,Ecom,2025,50,4,0.08
70037,Indirect,2025,50,2,0.16
70037,Store,2025,50,1,0.01
70037,Ecom,2025,51,4,0.06
70037,Indirect,2025,51,2,0.2
70037,Store,2025,51,1,0.15
70037,Ecom,2025,52,3,0.1
70037,Indirect,2025,52,1,0.2
70037,Store,2025,52,1,0.2
70038,Ecom,2024,1,5,0.03
70038,Indirect,2024,1,3,0.02
70038,Store,2024,1,2,0.06
70038,Ecom,2024,2,5,0.13
70038,Indirect,2024,2,3,0.02
70038,Store,2024,2,2,0.15
70038,Ecom,2024,3,6,0.18
70038,Indirect,2024,3,3,0.12
70038,Store,2024,3,2,0.08
70038,Ecom,2024,4,5,0.18
70038,Indirect,2024,4,3,0.16
70038,Store,2024,4,2,0.11
70038,Ecom,2024,5,5,0.07
70038,Indirect,2024,5,3,0.0
70038,Store,2024,5,2,0.14
70038,Ecom,2024,6,7,0.07
70038,Indirect,2024,6,4,0.15
70038,Store,2024,6,2,0.0
70038,Ecom,2024,7,6,0.15
70038,Indirect,2024,7,3,0.02
70038,Store,2024,7,2,0.19
70038,Ecom,2024,8,5,0.18
70038,Indirect,2024,8,3,0.17
70038,Store,2024,8,2,0.16
70038,Ecom,2024,9,5,0.01
70038,Indirect,2024,9,3,0.11
70038,Store,2024,9,2,0.19
70038,Ecom,2024,10,5,0.09
70038,Indirect,2024,10,3,0.08
70038,Store,2024,10,2,0.03
70038,Ecom,2024,11,7,0.12
70038,Indirect,2024,11,4,0.09
70038,Store,2024,11,3,0.14
70038,Ecom,2024,12,5,0.1
70038,Indirect,2024,12,3,0.15
70038,Store,2024,12,2,0.05
70038,Ecom,2024,13,5,0.2
70038,Indirect,2024,13,3,0.1
70038,Store,2024,13,2,0.17
70038,Ecom,2024,14,7,0.16
70038,Indirect,2024,14,4,0.06
70038,Store,2024,14,2,0.03
70038,Ecom,2024,15,7,0.07
70038,Indirect,2024,15,4,0.11
70038,Store,2024,15,3,0.05
70038,Ecom,2024,16,8,0.01
70038,Indirect,2024,16,4,0.11
70038,Store,2024,16,3,0.2
70038,Ecom,2024,17,6,0.05
70038,Indirect,2024,17,3,0.16
70038,Store,2024,17,2,0.09
70038,Ecom,2024,18,6,0.17
70038,Indirect,2024,18,3,0.03
70038,Store,2024,18,2,0.06
70038,Ecom,2024,19,4,0.12
70038,Indirect,2024,19,2,0.05
70038,Store,2024,19,1,0.09
70038,Ecom,2024,20,7,0.18
70038,Indirect,2024,20,4,0.0
70038,Store,2024,20,3,0.18
70038,Ecom,2024,21,7,0.02
70038,Indirect,2024,21,4,0.14
70038,Store,2024,21,2,0.1
70038,Ecom,2024,22,7,0.05
70038,Indirect,2024,22,4,0.16
70038,Store,2024,22,3,0.14
70038,Ecom,2024,23,4,0.11
70038,Indirect,2024,23,2,0.02
70038,Store,2024,23,1,0.1
70038,Ecom,2024,24,4,0.06
70038,Indirect,2024,24,2,0.03
70038,Store,2024,24,1,0.1
70038,Ecom,2024,25,7,0.12
70038,Indirect,2024,25,4,0.03
70038,Store,2024,25,2,0.01
70038,Ecom,2024,26,4,0.18
70038,Indirect,2024,26,2,0.11
70038,Store,2024,26,1,0.11
70038,Ecom,2024,27,5,0.18
70038,Indirect,2024,27,3,0.19
70038,Store,2024,27,2,0.07
70038,Ecom,2024,28,5,0.11
70038,Indirect,2024,28,3,0.04
70038,Store,2024,28,2,0.02
70038,Ecom,2024,29,6,0.03
70038,Indirect,2024,29,3,0.02
70038,Store,2024,29,2,0.19
70038,Ecom,2024,30,7,0.04
70038,Indirect,2024,30,4,0.14
70038,Store,2024,30,3,0.13
70038,Ecom,2024,31,7,0.11
70038,Indirect,2024,31,4,0.18
70038,Store,2024,31,3,0.02
70038,Ecom,2024,32,5,0.11
70038,Indirect,2024,32,3,0.03
70038,Store,2024,32,2,0.05
70038,Ecom,2024,33,7,0.15
70038,Indirect,2024,33,4,0.04
70038,Store,2024,33,2,0.1
70038,Ecom,2024,34,4,0.09
70038,Indirect,2024,34,2,0.18
70038,Store,2024,34,1,0.17
70038,Ecom,2024,35,4,0.11
70038,Indirect,2024,35,2,0.03
70038,Store,2024,35,1,0.03
70038,Ecom,2024,36,8,0.18
70038,Indirect,2024,36,4,0.01
70038,Store,2024,36,3,0.12
70038,Ecom,2024,37,6,0.0
70038,Indirect,2024,37,3,0.1
70038,Store,2024,37,2,0.07
70038,Ecom,2024,38,4,0.09
70038,Indirect,2024,38,2,0.05
70038,Store,2024,38,1,0.12
70038,Ecom,2024,39,6,0.02
70038,Indirect,2024,39,3,0.18
70038,Store,2024,39,2,0.14
70038,Ecom,2024,40,5,0.07
70038,Indirect,2024,40,3,0.02
70038,Store,2024,40,2,0.15
70038,Ecom,2024,41,5,0.18
70038,Indirect,2024,41,3,0.07
70038,Store,2024,41,2,0.1
70038,Ecom,2024,42,5,0.02
70038,Indirect,2024,42,3,0.07
70038,Store,2024,42,2,0.19
70038,Ecom,2024,43,5,0.16
70038,Indirect,2024,43,3,0.03
70038,Store,2024,43,2,0.09
70038,Ecom,2024,44,6,0.15
70038,Indirect,2024,44,3,0.01
70038,Store,2024,44,2,0.08
70038,Ecom,2024,45,5,0.16
70038,Indirect,2024,45,3,0.17
70038,Store,2024,45,2,0.02
70038,Ecom,2024,46,7,0.06
70038,Indirect,2024,46,4,0.03
70038,Store,2024,46,2,0.03
70038,Ecom,2024,47,6,0.01
70038,Indirect,2024,47,3,0.05
70038,Store,2024,47,2,0.01
70038,Ecom,2024,48,8,0.06
70038,Indirect,2024,48,4,0.13
70038,Store,2024,48,3,0.07
70038,Ecom,2024,49,7,0.02
70038,Indirect,2024,49,4,0.17
70038,Store,2024,49,2,0.05
70038,Ecom,2024,50,5,0.14
70038,Indirect,2024,50,3,0.14
70038,Store,2024,50,2,0.13
70038,Ecom,2024,51,6,0.04
70038,Indirect,2024,51,3,0.05
70038,Store,2024,51,2,0.04
70038,Ecom,2024,52,4,0.05
70038,Indirect,2024,52,2,0.07
70038,Store,2024,52,1,0.16
70038,Ecom,2025,1,6,0.04
70038,Indirect,2025,1,3,0.05
70038,Store,2025,1,2,0.02
70038,Ecom,2025,2,7,0.11
70038,Indirect,2025,2,4,0.18
70038,Store,2025,2,2,0.14
70038,Ecom,2025,3,6,0.08
70038,Indirect,2025,3,3,0.03
70038,Store,2025,3,2,0.0
70038,Ecom,2025,4,6,0.07
70038,Indirect,2025,4,3,0.11
70038,Store,2025,4,2,0.06
70038,Ecom,2025,5,5,0.06
70038,Indirect,2025,5,3,0.02
70038,Store,2025,5,2,0.12
70038,Ecom,2025,6,6,0.19
70038,Indirect,2025,6,3,0.09
70038,Store,2025,6,2,0.09
70038,Ecom,2025,7,6,0.1
70038,Indirect,2025,7,3,0.19
70038,Store,2025,7,2,0.13
70038,Ecom,2025,8,5,0.08
70038,Indirect,2025,8,3,0.12
70038,Store,2025,8,2,0.07
70038,Ecom,2025,9,8,0.08
70038,Indirect,2025,9,4,0.17
70038,Store,2025,9,3,0.14
70038,Ecom,2025,10,4,0.04
70038,Indirect,2025,10,2,0.11
70038,Store,2025,10,1,0.14
70038,Ecom,2025,11,5,0.05
70038,Indirect,2025,11,3,0.09
70038,Store,2025,11,2,0.03
70038,Ecom,2025,12,5,0.18
70038,Indirect,2025,12,3,0.01
70038,Store,2025,12,2,0.08
70038,Ecom,2025,13,6,0.02
70038,Indirect,2025,13,3,0.1
70038,Store,2025,13,2,0.14
70038,Ecom,2025,14,6,0.19
70038,Indirect,2025,14,3,0.05
70038,Store,2025,14,2,0.16
70038,Ecom,2025,15,4,0.12
70038,Indirect,2025,15,2,0.0
70038,Store,2025,15,1,0.17
70038,Ecom,2025,16,8,0.06
70038,Indirect,2025,16,4,0.01
70038,Store,2025,16,3,0.04
70038,Ecom,2025,17,6,0.19
70038,Indirect,2025,17,3,0.18
70038,Store,2025,17,2,0.17
70038,Ecom,2025,18,5,0.15
70038,Indirect,2025,18,3,0.07
70038,Store,2025,18,2,0.01
70038,Ecom,2025,19,7,0.08
70038,Indirect,2025,19,4,0.2
70038,Store,2025,19,2,0.08
70038,Ecom,2025,20,5,0.08
70038,Indirect,2025,20,3,0.03
70038,Store,2025,20,2,0.09
70038,Ecom,2025,21,8,0.19
70038,Indirect,2025,21,4,0.16
70038,Store,2025,21,3,0.03
70038,Ecom,2025,22,5,0.07
70038,Indirect,2025,22,3,0.01
70038,Store,2025,22,2,0.04
70038,Ecom,2025,23,7,0.1
70038,Indirect,2025,23,4,0.08
70038,Store,2025,23,3,0.03
70038,Ecom,2025,24,7,0.2
70038,Indirect,2025,24,4,0.04
70038,Store,2025,24,2,0.08
70038,Ecom,2025,25,7,0.16
70038,Indirect,2025,25,4,0.01
70038,Store,2025,25,2,0.12
70038,Ecom,2025,26,5,0.01
70038,Indirect,2025,26,3,0.16
70038,Store,2025,26,2,0.05
70038,Ecom,2025,27,5,0.03
70038,Indirect,2025,27,3,0.12
70038,Store,2025,27,2,0.04
70038,Ecom,2025,28,8,0.03
70038,Indirect,2025,28,4,0.15
70038,Store,2025,28,3,0.03
70038,Ecom,2025,29,8,0.12
70038,Indirect,2025,29,4,0.12
70038,Store,2025,29,3,0.18
70038,Ecom,2025,30,7,0.0
70038,Indirect,2025,30,4,0.03
70038,Store,2025,30,3,0.01
70038,Ecom,2025,31,5,0.16
70038,Indirect,2025,31,3,0.14
70038,Store,2025,31,2,0.03
70038,Ecom,2025,32,5,0.14
70038,Indirect,2025,32,3,0.1
70038,Store,2025,32,2,0.19
70038,Ecom,2025,33,7,0.19
70038,Indirect,2025,33,4,0.09
70038,Store,2025,33,3,0.05
70038,Ecom,2025,34,5,0.11
70038,Indirect,2025,34,3,0.08
70038,Store,2025,34,2,0.03
70038,Ecom,2025,35,8,0.02
70038,Indirect,2025,35,4,0.17
70038,Store,2025,35,3,0.03
70038,Ecom,2025,36,5,0.0
70038,Indirect,2025,36,3,0.18
70038,Store,2025,36,2,0.08
70038,Ecom,2025,37,5,0.0
70038,Indirect,2025,37,3,0.08
70038,Store,2025,37,2,0.03
70038,Ecom,2025,38,5,0.04
70038,Indirect,2025,38,3,0.06
70038,Store,2025,38,2,0.02
70038,Ecom,2025,39,6,0.02
70038,Indirect,2025,39,3,0.13
70038,Store,2025,39,2,0.18
70038,Ecom,2025,40,4,0.18
70038,Indirect,2025,40,2,0.06
70038,Store,2025,40,1,0.06
70038,Ecom,2025,41,6,0.19
70038,Indirect,2025,41,3,0.14
70038,Store,2025,41,2,0.09
70038,Ecom,2025,42,5,0.12
70038,Indirect,2025,42,3,0.08
70038,Store,2025,42,2,0.02
70038,Ecom,2025,43,7,0.11
70038,Indirect,2025,43,4,0.13
70038,Store,2025,43,2,0.18
70038,Ecom,2025,44,6,0.07
70038,Indirect,2025,44,3,0.13
70038,Store,2025,44,2,0.1
70038,Ecom,2025,45,5,0.0
70038,Indirect,2025,45,3,0.14
70038,Store,2025,45,2,0.0
70038,Ecom,2025,46,7,0.06
70038,Indirect,2025,46,4,0.2
70038,Store,2025,46,2,0.15
70038,Ecom,2025,47,5,0.08
70038,Indirect,2025,47,3,0.11
70038,Store,2025,47,2,0.12
70038,Ecom,2025,48,8,0.06
70038,Indirect,2025,48,4,0.03
70038,Store,2025,48,3,0.09
70038,Ecom,2025,49,5,0.11
70038,Indirect,2025,49,3,0.2
70038,Store,2025,49,2,0.11
70038,Ecom,2025,50,4,0.14
70038,Indirect,2025,50,2,0.15
70038,Store,2025,50,1,0.11
70038,Ecom,2025,51,5,0.05
70038,Indirect,2025,51,3,0.13
70038,Store,2025,51,2,0.15
70038,Ecom,2025,52,5,0.07
70038,Indirect,2025,52,3,0.02
70038,Store,2025,52,2,0.0
70039,Ecom,2024,1,5,0.04
70039,Indirect,2024,1,3,0.17
70039,Store,2024,1,2,0.19
70039,Ecom,2024,2,4,0.11
70039,Indirect,2024,2,2,0.0
70039,Store,2024,2,1,0.04
70039,Ecom,2024,3,4,0.02
70039,Indirect,2024,3,2,0.19
70039,Store,2024,3,1,0.01
70039,Ecom,2024,4,5,0.07
70039,Indirect,2024,4,3,0.2
70039,Store,2024,4,2,0.2
70039,Ecom,2024,5,6,0.2
70039,Indirect,2024,5,3,0.03
70039,Store,2024,5,2,0.04
70039,Ecom,2024,6,5,0.06
70039,Indirect,2024,6,3,0.17
70039,Store,2024,6,2,0.11
70039,Ecom,2024,7,5,0.09
70039,Indirect,2024,7,3,0.19
70039,Store,2024,7,2,0.07
70039,Ecom,2024,8,3,0.1
70039,Indirect,2024,8,2,0.12
70039,Store,2024,8,1,0.05
70039,Ecom,2024,9,4,0.18
70039,Indirect,2024,9,2,0.16
70039,Store,2024,9,1,0.05
70039,Ecom,2024,10,4,0.04
70039,Indirect,2024,10,2,0.16
70039,Store,2024,10,1,0.1
70039,Ecom,2024,11,3,0.05
70039,Indirect,2024,11,2,0.01
70039,Store,2024,11,1,0.12
70039,Ecom,2024,12,5,0.15
70039,Indirect,2024,12,3,0.09
70039,Store,2024,12,2,0.12
70039,Ecom,2024,13,4,0.01
70039,Indirect,2024,13,2,0.18
70039,Store,2024,13,1,0.18
70039,Ecom,2024,14,4,0.13
70039,Indirect,2024,14,2,0.15
70039,Store,2024,14,1,0.01
70039,Ecom,2024,15,6,0.08
70039,Indirect,2024,15,3,0.03
70039,Store,2024,15,2,0.11
70039,Ecom,2024,16,6,0.1
70039,Indirect,2024,16,3,0.19
70039,Store,2024,16,2,0.04
70039,Ecom,2024,17,6,0.03
70039,Indirect,2024,17,3,0.19
70039,Store,2024,17,2,0.18
70039,Ecom,2024,18,4,0.15
70039,Indirect,2024,18,2,0.04
70039,Store,2024,18,1,0.01
70039,Ecom,2024,19,3,0.14
70039,Indirect,2024,19,2,0.01
70039,Store,2024,19,1,0.11
70039,Ecom,2024,20,5,0.03
70039,Indirect,2024,20,3,0.11
70039,Store,2024,20,2,0.06
70039,Ecom,2024,21,6,0.04
70039,Indirect,2024,21,3,0.1
70039,Store,2024,21,2,0.18
70039,Ecom,2024,22,6,0.05
70039,Indirect,2024,22,3,0.14
70039,Store,2024,22,2,0.04
70039,Ecom,2024,23,6,0.03
70039,Indirect,2024,23,3,0.01
70039,Store,2024,23,2,0.09
70039,Ecom,2024,24,5,0.09
70039,Indirect,2024,24,3,0.08
70039,Store,2024,24,2,0.0
70039,Ecom,2024,25,5,0.13
70039,Indirect,2024,25,3,0.06
70039,Store,2024,25,2,0.17
70039,Ecom,2024,26,4,0.03
70039,Indirect,2024,26,2,0.02
70039,Store,2024,26,1,0.01
70039,Ecom,2024,27,5,0.01
70039,Indirect,2024,27,3,0.02
70039,Store,2024,27,2,0.15
70039,Ecom,2024,28,5,0.02
70039,Indirect,2024,28,3,0.07
70039,Store,2024,28,2,0.19
70039,Ecom,2024,29,6,0.09
70039,Indirect,2024,29,3,0.13
70039,Store,2024,29,2,0.18
70039,Ecom,2024,30,5,0.1
70039,Indirect,2024,30,3,0.15
70039,Store,2024,30,2,0.07
70039,Ecom,2024,31,6,0.11
70039,Indirect,2024,31,3,0.1
70039,Store,2024,31,2,0.12
70039,Ecom,2024,32,4,0.2
70039,Indirect,2024,32,2,0.03
70039,Store,2024,32,1,0.17
70039,Ecom,2024,33,4,0.1
70039,Indirect,2024,33,2,0.18
70039,Store,2024,33,1,0.14
70039,Ecom,2024,34,5,0.05
70039,Indirect,2024,34,3,0.08
70039,Store,2024,34,2,0.04
70039,Ecom,2024,35,5,0.13
70039,Indirect,2024,35,3,0.01
70039,Store,2024,35,2,0.04
70039,Ecom,2024,36,6,0.18
70039,Indirect,2024,36,3,0.05
70039,Store,2024,36,2,0.14
70039,Ecom,2024,37,6,0.16
70039,Indirect,2024,37,3,0.09
70039,Store,2024,37,2,0.01
70039,Ecom,2024,38,5,0.09
70039,Indirect,2024,38,3,0.09
70039,Store,2024,38,2,0.15
70039,Ecom,2024,39,4,0.09
70039,Indirect,2024,39,2,0.18
70039,Store,2024,39,1,0.14
70039,Ecom,2024,40,6,0.05
70039,Indirect,2024,40,3,0.09
70039,Store,2024,40,2,0.09
70039,Ecom,2024,41,6,0.09
70039,Indirect,2024,41,3,0.05
70039,Store,2024,41,2,0.18
70039,Ecom,2024,42,4,0.03
70039,Indirect,2024,42,2,0.04
70039,Store,2024,42,1,0.07
70039,Ecom,2024,43,4,0.05
70039,Indirect,2024,43,2,0.15
70039,Store,2024,43,1,0.14
70039,Ecom,2024,44,4,0.16
70039,Indirect,2024,44,2,0.18
70039,Store,2024,44,1,0.01
70039,Ecom,2024,45,6,0.11
70039,Indirect,2024,45,3,0.07
70039,Store,2024,45,2,0.18
70039,Ecom,2024,46,6,0.02
70039,Indirect,2024,46,3,0.17
70039,Store,2024,46,2,0.0
70039,Ecom,2024,47,5,0.03
70039,Indirect,2024,47,3,0.01
70039,Store,2024,47,2,0.12
70039,Ecom,2024,48,3,0.03
70039,Indirect,2024,48,2,0.09
70039,Store,2024,48,1,0.08
70039,Ecom,2024,49,5,0.01
70039,Indirect,2024,49,3,0.13
70039,Store,2024,49,2,0.18
70039,Ecom,2024,50,6,0.11
70039,Indirect,2024,50,3,0.05
70039,Store,2024,50,2,0.18
70039,Ecom,2024,51,6,0.09
70039,Indirect,2024,51,3,0.08
70039,Store,2024,51,2,0.03
70039,Ecom,2024,52,6,0.16
70039,Indirect,2024,52,3,0.01
70039,Store,2024,52,2,0.01
70039,Ecom,2025,1,4,0.06
70039,Indirect,2025,1,2,0.16
70039,Store,2025,1,1,0.03
70039,Ecom,2025,2,5,0.16
70039,Indirect,2025,2,3,0.07
70039,Store,2025,2,2,0.13
70039,Ecom,2025,3,4,0.16
70039,Indirect,2025,3,2,0.17
70039,Store,2025,3,1,0.15
70039,Ecom,2025,4,3,0.15
70039,Indirect,2025,4,2,0.13
70039,Store,2025,4,1,0.18
70039,Ecom,2025,5,6,0.18
70039,Indirect,2025,5,3,0.01
70039,Store,2025,5,2,0.07
70039,Ecom,2025,6,4,0.1
70039,Indirect,2025,6,2,0.07
70039,Store,2025,6,1,0.05
70039,Ecom,2025,7,5,0.18
70039,Indirect,2025,7,3,0.12
70039,Store,2025,7,2,0.18
70039,Ecom,2025,8,4,0.02
70039,Indirect,2025,8,2,0.11
70039,Store,2025,8,1,0.14
70039,Ecom,2025,9,6,0.08
70039,Indirect,2025,9,3,0.1
70039,Store,2025,9,2,0.18
70039,Ecom,2025,10,4,0.03
70039,Indirect,2025,10,2,0.04
70039,Store,2025,10,1,0.1
70039,Ecom,2025,11,6,0.17
70039,Indirect,2025,11,3,0.04
70039,Store,2025,11,2,0.07
70039,Ecom,2025,12,4,0.12
70039,Indirect,2025,12,2,0.18
70039,Store,2025,12,1,0.02
70039,Ecom,2025,13,5,0.15
70039,Indirect,2025,13,3,0.03
70039,Store,2025,13,2,0.13
70039,Ecom,2025,14,6,0.02
70039,Indirect,2025,14,3,0.12
70039,Store,2025,14,2,0.02
70039,Ecom,2025,15,5,0.05
70039,Indirect,2025,15,3,0.04
70039,Store,2025,15,2,0.01
70039,Ecom,2025,16,3,0.18
70039,Indirect,2025,16,2,0.15
70039,Store,2025,16,1,0.01
70039,Ecom,2025,17,5,0.07
70039,Indirect,2025,17,3,0.07
70039,Store,2025,17,2,0.13
70039,Ecom,2025,18,4,0.1
70039,Indirect,2025,18,2,0.18
70039,Store,2025,18,1,0.17
70039,Ecom,2025,19,4,0.16
70039,Indirect,2025,19,2,0.05
70039,Store,2025,19,1,0.18
70039,Ecom,2025,20,6,0.08
70039,Indirect,2025,20,3,0.19
70039,Store,2025,20,2,0.13
70039,Ecom,2025,21,4,0.13
70039,Indirect,2025,21,2,0.0
70039,Store,2025,21,1,0.15
70039,Ecom,2025,22,5,0.13
70039,Indirect,2025,22,3,0.09
70039,Store,2025,22,2,0.09
70039,Ecom,2025,23,6,0.16
70039,Indirect,2025,23,3,0.12
70039,Store,2025,23,2,0.0
70039,Ecom,2025,24,5,0.19
70039,Indirect,2025,24,3,0.08
70039,Store,2025,24,2,0.09
70039,Ecom,2025,25,3,0.04
70039,Indirect,2025,25,2,0.17
70039,Store,2025,25,1,0.12
70039,Ecom,2025,26,5,0.17
70039,Indirect,2025,26,3,0.18
70039,Store,2025,26,2,0.18
70039,Ecom,2025,27,5,0.06
70039,Indirect,2025,27,3,0.17
70039,Store,2025,27,2,0.14
70039,Ecom,2025,28,5,0.14
70039,Indirect,2025,28,3,0.01
70039,Store,2025,28,2,0.02
70039,Ecom,2025,29,5,0.02
70039,Indirect,2025,29,3,0.14
70039,Store,2025,29,2,0.04
70039,Ecom,2025,30,3,0.19
70039,Indirect,2025,30,2,0.01
70039,Store,2025,30,1,0.05
70039,Ecom,2025,31,4,0.14
70039,Indirect,2025,31,2,0.02
70039,Store,2025,31,1,0.03
70039,Ecom,2025,32,4,0.12
70039,Indirect,2025,32,2,0.19
70039,Store,2025,32,1,0.19
70039,Ecom,2025,33,3,0.02
70039,Indirect,2025,33,2,0.12
70039,Store,2025,33,1,0.01
70039,Ecom,2025,34,4,0.07
70039,Indirect,2025,34,2,0.04
70039,Store,2025,34,1,0.18
70039,Ecom,2025,35,5,0.16
70039,Indirect,2025,35,3,0.05
70039,Store,2025,35,2,0.2
70039,Ecom,2025,36,6,0.0
70039,Indirect,2025,36,3,0.13
70039,Store,2025,36,2,0.14
70039,Ecom,2025,37,5,0.17
70039,Indirect,2025,37,3,0.03
70039,Store,2025,37,2,0.17
70039,Ecom,2025,38,5,0.19
70039,Indirect,2025,38,3,0.07
70039,Store,2025,38,2,0.05
70039,Ecom,2025,39,5,0.18
70039,Indirect,2025,39,3,0.04
70039,Store,2025,39,2,0.1
70039,Ecom,2025,40,5,0.18
70039,Indirect,2025,40,3,0.06
70039,Store,2025,40,2,0.07
70039,Ecom,2025,41,5,0.05
70039,Indirect,2025,41,3,0.01
70039,Store,2025,41,2,0.02
70039,Ecom,2025,42,4,0.16
70039,Indirect,2025,42,2,0.17
70039,Store,2025,42,1,0.08
70039,Ecom,2025,43,3,0.16
70039,Indirect,2025,43,2,0.02
70039,Store,2025,43,1,0.2
70039,Ecom,2025,44,6,0.05
70039,Indirect,2025,44,3,0.03
70039,Store,2025,44,2,0.03
70039,Ecom,2025,45,6,0.06
70039,Indirect,2025,45,3,0.12
70039,Store,2025,45,2,0.16
70039,Ecom,2025,46,4,0.06
70039,Indirect,2025,46,2,0.05
70039,Store,2025,46,1,0.09
70039,Ecom,2025,47,6,0.03
70039,Indirect,2025,47,3,0.17
70039,Store,2025,47,2,0.03
70039,Ecom,2025,48,5,0.07
70039,Indirect,2025,48,3,0.05
70039,Store,2025,48,2,0.04
70039,Ecom,2025,49,5,0.19
70039,Indirect,2025,49,3,0.03
70039,Store,2025,49,2,0.04
70039,Ecom,2025,50,5,0.02
70039,Indirect,2025,50,3,0.13
70039,Store,2025,50,2,0.17
70039,Ecom,2025,51,3,0.08
70039,Indirect,2025,51,2,0.18
70039,Store,2025,51,1,0.06
70039,Ecom,2025,52,3,0.08
70039,Indirect,2025,52,2,0.11
70039,Store,2025,52,1,0.15
70040,Ecom,2024,1,3,0.01
70040,Indirect,2024,1,1,0.13
70040,Store,2024,1,1,0.12
70040,Ecom,2024,2,3,0.09
70040,Indirect,2024,2,1,0.02
70040,Store,2024,2,1,0.08
70040,Ecom,2024,3,2,0.17
70040,Indirect,2024,3,1,0.15
70040,Store,2024,3,0,0.05
70040,Ecom,2024,4,3,0.06
70040,Indirect,2024,4,2,0.13
70040,Store,2024,4,1,0.07
70040,Ecom,2024,5,3,0.13
70040,Indirect,2024,5,2,0.06
70040,Store,2024,5,1,0.18
70040,Ecom,2024,6,3,0.2
70040,Indirect,2024,6,1,0.09
70040,Store,2024,6,1,0.01
70040,Ecom,2024,7,3,0.02
70040,Indirect,2024,7,1,0.18
70040,Store,2024,7,1,0.06
70040,Ecom,2024,8,3,0.04
70040,Indirect,2024,8,1,0.1
70040,Store,2024,8,1,0.03
70040,Ecom,2024,9,2,0.04
70040,Indirect,2024,9,1,0.15
70040,Store,2024,9,0,0.14
70040,Ecom,2024,10,2,0.11
70040,Indirect,2024,10,1,0.08
70040,Store,2024,10,1,0.04
70040,Ecom,2024,11,2,0.11
70040,Indirect,2024,11,1,0.01
70040,Store,2024,11,1,0.06
70040,Ecom,2024,12,3,0.1
70040,Indirect,2024,12,2,0.19
70040,Store,2024,12,1,0.06
70040,Ecom,2024,13,3,0.16
70040,Indirect,2024,13,2,0.1
70040,Store,2024,13,1,0.1
70040,Ecom,2024,14,3,0.16
70040,Indirect,2024,14,1,0.1
70040,Store,2024,14,1,0.04
70040,Ecom,2024,15,3,0.1
70040,Indirect,2024,15,1,0.09
70040,Store,2024,15,1,0.07
70040,Ecom,2024,16,3,0.12
70040,Indirect,2024,16,2,0.01
70040,Store,2024,16,1,0.02
70040,Ecom,2024,17,3,0.2
70040,Indirect,2024,17,2,0.17
70040,Store,2024,17,1,0.07
70040,Ecom,2024,18,4,0.04
70040,Indirect,2024,18,2,0.17
70040,Store,2024,18,1,0.02
70040,Ecom,2024,19,2,0.18
70040,Indirect,2024,19,1,0.09
70040,Store,2024,19,1,0.04
70040,Ecom,2024,20,2,0.16
70040,Indirect,2024,20,1,0.06
70040,Store,2024,20,1,0.04
70040,Ecom,2024,21,3,0.12
70040,Indirect,2024,21,1,0.14
70040,Store,2024,21,1,0.15
70040,Ecom,2024,22,2,0.03
70040,Indirect,2024,22,1,0.12
70040,Store,2024,22,1,0.09
70040,Ecom,2024,23,3,0.04
70040,Indirect,2024,23,2,0.16
70040,Store,2024,23,1,0.08
70040,Ecom,2024,24,3,0.07
70040,Indirect,2024,24,2,0.18
70040,Store,2024,24,1,0.19
70040,Ecom,2024,25,3,0.11
70040,Indirect,2024,25,2,0.17
70040,Store,2024,25,1,0.01
70040,Ecom,2024,26,3,0.08
70040,Indirect,2024,26,2,0.04
70040,Store,2024,26,1,0.08
70040,Ecom,2024,27,3,0.16
70040,Indirect,2024,27,1,0.18
70040,Store,2024,27,1,0.17
70040,Ecom,2024,28,3,0.09
70040,Indirect,2024,28,1,0.05
70040,Store,2024,28,1,0.14
70040,Ecom,2024,29,2,0.14
70040,Indirect,2024,29,1,0.01
70040,Store,2024,29,1,0.03
70040,Ecom,2024,30,3,0.13
70040,Indirect,2024,30,1,0.09
70040,Store,2024,30,1,0.18
70040,Ecom,2024,31,2,0.17
70040,Indirect,2024,31,1,0.01
70040,Store,2024,31,0,0.08
70040,Ecom,2024,32,3,0.08
70040,Indirect,2024,32,1,0.08
70040,Store,2024,32,1,0.16
70040,Ecom,2024,33,3,0.06
70040,Indirect,2024,33,1,0.07
70040,Store,2024,33,1,0.17
70040,Ecom,2024,34,2,0.03
70040,Indirect,2024,34,1,0.09
70040,Store,2024,34,1,0.01
70040,Ecom,2024,35,3,0.09
70040,Indirect,2024,35,1,0.06
70040,Store,2024,35,1,0.12
70040,Ecom,2024,36,3,0.02
70040,Indirect,2024,36,1,0.01
70040,Store,2024,36,1,0.17
70040,Ecom,2024,37,4,0.07
70040,Indirect,2024,37,2,0.03
70040,Store,2024,37,1,0.1
70040,Ecom,2024,38,2,0.11
70040,Indirect,2024,38,1,0.17
70040,Store,2024,38,1,0.19
70040,Ecom,2024,39,2,0.18
70040,Indirect,2024,39,1,0.03
70040,Store,2024,39,0,0.19
70040,Ecom,2024,40,2,0.07
70040,Indirect,2024,40,1,0.18
70040,Store,2024,40,0,0.13
70040,Ecom,2024,41,3,0.15
70040,Indirect,2024,41,1,0.17
70040,Store,2024,41,1,0.07
70040,Ecom,2024,42,3,0.15
70040,Indirect,2024,42,2,0.06
70040,Store,2024,42,1,0.17
70040,Ecom,2024,43,2,0.08
70040,Indirect,2024,43,1,0.11
70040,Store,2024,43,1,0.12
70040,Ecom,2024,44,3,0.18
70040,Indirect,2024,44,2,0.14
70040,Store,2024,44,1,0.13
70040,Ecom,2024,45,3,0.14
70040,Indirect,2024,45,2,0.12
70040,Store,2024,45,1,0.05
70040,Ecom,2024,46,3,0.09
70040,Indirect,2024,46,1,0.19
70040,Store,2024,46,1,0.07
70040,Ecom,2024,47,2,0.17
70040,Indirect,2024,47,1,0.19
70040,Store,2024,47,1,0.12
70040,Ecom,2024,48,3,0.02
70040,Indirect,2024,48,2,0.12
70040,Store,2024,48,1,0.01
70040,Ecom,2024,49,3,0.16
70040,Indirect,2024,49,2,0.1
70040,Store,2024,49,1,0.14
70040,Ecom,2024,50,3,0.05
70040,Indirect,2024,50,1,0.08
70040,Store,2024,50,1,0.16
70040,Ecom,2024,51,3,0.05
70040,Indirect,2024,51,2,0.06
70040,Store,2024,51,1,0.04
70040,Ecom,2024,52,3,0.02
70040,Indirect,2024,52,1,0.0
70040,Store,2024,52,1,0.08
70040,Ecom,2025,1,3,0.08
70040,Indirect,2025,1,2,0.2
70040,Store,2025,1,1,0.02
70040,Ecom,2025,2,2,0.19
70040,Indirect,2025,2,1,0.19
70040,Store,2025,2,1,0.02
70040,Ecom,2025,3,2,0.12
70040,Indirect,2025,3,1,0.11
70040,Store,2025,3,1,0.12
70040,Ecom,2025,4,3,0.16
70040,Indirect,2025,4,2,0.11
70040,Store,2025,4,1,0.08
70040,Ecom,2025,5,2,0.12
70040,Indirect,2025,5,1,0.17
70040,Store,2025,5,0,0.05
70040,Ecom,2025,6,2,0.15
70040,Indirect,2025,6,1,0.01
70040,Store,2025,6,0,0.17
70040,Ecom,2025,7,2,0.05
70040,Indirect,2025,7,1,0.06
70040,Store,2025,7,1,0.18
70040,Ecom,2025,8,3,0.16
70040,Indirect,2025,8,2,0.08
70040,Store,2025,8,1,0.06
70040,Ecom,2025,9,2,0.06
70040,Indirect,2025,9,1,0.12
70040,Store,2025,9,1,0.04
70040,Ecom,2025,10,4,0.04
70040,Indirect,2025,10,2,0.16
70040,Store,2025,10,1,0.07
70040,Ecom,2025,11,2,0.12
70040,Indirect,2025,11,1,0.05
70040,Store,2025,11,1,0.19
70040,Ecom,2025,12,3,0.16
70040,Indirect,2025,12,1,0.15
70040,Store,2025,12,1,0.15
70040,Ecom,2025,13,3,0.04
70040,Indirect,2025,13,1,0.1
70040,Store,2025,13,1,0.07
70040,Ecom,2025,14,3,0.14
70040,Indirect,2025,14,1,0.16
70040,Store,2025,14,1,0.15
70040,Ecom,2025,15,4,0.1
70040,Indirect,2025,15,2,0.16
70040,Store,2025,15,1,0.18
70040,Ecom,2025,16,2,0.15
70040,Indirect,2025,16,1,0.02
70040,Store,2025,16,1,0.1
70040,Ecom,2025,17,3,0.07
70040,Indirect,2025,17,1,0.2
70040,Store,2025,17,1,0.17
70040,Ecom,2025,18,3,0.05
70040,Indirect,2025,18,2,0.06
70040,Store,2025,18,1,0.04
70040,Ecom,2025,19,2,0.12
70040,Indirect,2025,19,1,0.2
70040,Store,2025,19,1,0.08
70040,Ecom,2025,20,3,0.14
70040,Indirect,2025,20,2,0.03
70040,Store,2025,20,1,0.05
70040,Ecom,2025,21,3,0.03
70040,Indirect,2025,21,2,0.12
70040,Store,2025,21,1,0.03
70040,Ecom,2025,22,2,0.2
70040,Indirect,2025,22,1,0.08
70040,Store,2025,22,0,0.15
70040,Ecom,2025,23,3,0.15
70040,Indirect,2025,23,2,0.19
70040,Store,2025,23,1,0.19
70040,Ecom,2025,24,2,0.02
70040,Indirect,2025,24,1,0.19
70040,Store,2025,24,1,0.13
70040,Ecom,2025,25,4,0.15
70040,Indirect,2025,25,2,0.13
70040,Store,2025,25,1,0.04
70040,Ecom,2025,26,3,0.05
70040,Indirect,2025,26,1,0.19
70040,Store,2025,26,1,0.16
70040,Ecom,2025,27,2,0.02
70040,Indirect,2025,27,1,0.14
70040,Store,2025,27,0,0.01
70040,Ecom,2025,28,4,0.02
70040,Indirect,2025,28,2,0.11
70040,Store,2025,28,1,0.18
70040,Ecom,2025,29,3,0.18
70040,Indirect,2025,29,1,0.13
70040,Store,2025,29,1,0.03
70040,Ecom,2025,30,3,0.14
70040,Indirect,2025,30,2,0.13
70040,Store,2025,30,1,0.12
70040,Ecom,2025,31,2,0.03
70040,Indirect,2025,31,1,0.06
70040,Store,2025,31,0,0.04
70040,Ecom,2025,32,3,0.17
70040,Indirect,2025,32,2,0.16
70040,Store,2025,32,1,0.05
70040,Ecom,2025,33,2,0.01
70040,Indirect,2025,33,1,0.13
70040,Store,2025,33,1,0.19
70040,Ecom,2025,34,4,0.09
70040,Indirect,2025,34,2,0.17
70040,Store,2025,34,1,0.1
70040,Ecom,2025,35,2,0.06
70040,Indirect,2025,35,1,0.19
70040,Store,2025,35,0,0.1
70040,Ecom,2025,36,3,0.14
70040,Indirect,2025,36,1,0.05
70040,Store,2025,36,1,0.03
70040,Ecom,2025,37,3,0.09
70040,Indirect,2025,37,1,0.16
70040,Store,2025,37,1,0.12
70040,Ecom,2025,38,3,0.02
70040,Indirect,2025,38,1,0.02
70040,Store,2025,38,1,0.05
70040,Ecom,2025,39,3,0.02
70040,Indirect,2025,39,1,0.03
70040,Store,2025,39,1,0.09
70040,Ecom,2025,40,2,0.11
70040,Indirect,2025,40,1,0.17
70040,Store,2025,40,1,0.06
70040,Ecom,2025,41,2,0.07
70040,Indirect,2025,41,1,0.03
70040,Store,2025,41,0,0.11
70040,Ecom,2025,42,2,0.12
70040,Indirect,2025,42,1,0.0
70040,Store,2025,42,0,0.16
70040,Ecom,2025,43,3,0.14
70040,Indirect,2025,43,1,0.12
70040,Store,2025,43,1,0.2
70040,Ecom,2025,44,3,0.04
70040,Indirect,2025,44,1,0.05
70040,Store,2025,44,1,0.09
70040,Ecom,2025,45,2,0.13
70040,Indirect,2025,45,1,0.16
70040,Store,2025,45,1,0.05
70040,Ecom,2025,46,2,0.09
70040,Indirect,2025,46,1,0.1
70040,Store,2025,46,1,0.1
70040,Ecom,2025,47,3,0.04
70040,Indirect,2025,47,2,0.01
70040,Store,2025,47,1,0.16
70040,Ecom,2025,48,4,0.07
70040,Indirect,2025,48,2,0.15
70040,Store,2025,48,1,0.16
70040,Ecom,2025,49,2,0.06
70040,Indirect,2025,49,1,0.11
70040,Store,2025,49,1,0.03
70040,Ecom,2025,50,3,0.18
70040,Indirect,2025,50,1,0.15
70040,Store,2025,50,1,0.0
70040,Ecom,2025,51,3,0.05
70040,Indirect,2025,51,1,0.03
70040,Store,2025,51,1,0.1
70040,Ecom,2025,52,2,0.12
70040,Indirect,2025,52,1,0.08
70040,Store,2025,52,1,0.11
70041,Ecom,2024,1,10,0.02
70041,Indirect,2024,1,6,0.04
70041,Store,2024,1,4,0.05
70041,Ecom,2024,2,7,0.18
70041,Indirect,2024,2,4,0.05
70041,Store,2024,2,2,0.13
70041,Ecom,2024,3,7,0.06
70041,Indirect,2024,3,4,0.15
70041,Store,2024,3,3,0.13
70041,Ecom,2024,4,9,0.17
70041,Indirect,2024,4,5,0.2
70041,Store,2024,4,3,0.05
70041,Ecom,2024,5,9,0.07
70041,Indirect,2024,5,5,0.05
70041,Store,2024,5,3,0.02
70041,Ecom,2024,6,7,0.05
70041,Indirect,2024,6,4,0.16
70041,Store,2024,6,3,0.06
70041,Ecom,2024,7,6,0.04
70041,Indirect,2024,7,3,0.15
70041,Store,2024,7,2,0.12
70041,Ecom,2024,8,8,0.06
70041,Indirect,2024,8,5,0.16
70041,Store,2024,8,3,0.1
70041,Ecom,2024,9,9,0.11
70041,Indirect,2024,9,5,0.16
70041,Store,2024,9,3,0.12
70041,Ecom,2024,10,6,0.02
70041,Indirect,2024,10,3,0.06
70041,Store,2024,10,2,0.17
70041,Ecom,2024,11,9,0.15
70041,Indirect,2024,11,5,0.05
70041,Store,2024,11,3,0.13
70041,Ecom,2024,12,7,0.05
70041,Indirect,2024,12,4,0.04
70041,Store,2024,12,3,0.05
70041,Ecom,2024,13,6,0.09
70041,Indirect,2024,13,3,0.1
70041,Store,2024,13,2,0.09
70041,Ecom,2024,14,8,0.1
70041,Indirect,2024,14,4,0.11
70041,Store,2024,14,3,0.14
70041,Ecom,2024,15,7,0.17
70041,Indirect,2024,15,4,0.05
70041,Store,2024,15,2,0.18
70041,Ecom,2024,16,6,0.01
70041,Indirect,2024,16,3,0.03
70041,Store,2024,16,2,0.1
70041,Ecom,2024,17,8,0.06
70041,Indirect,2024,17,4,0.19
70041,Store,2024,17,3,0.12
70041,Ecom,2024,18,9,0.13
70041,Indirect,2024,18,5,0.11
70041,Store,2024,18,3,0.12
70041,Ecom,2024,19,8,0.02
70041,Indirect,2024,19,4,0.17
70041,Store,2024,19,3,0.16
70041,Ecom,2024,20,9,0.03
70041,Indirect,2024,20,5,0.07
70041,Store,2024,20,3,0.0
70041,Ecom,2024,21,8,0.1
70041,Indirect,2024,21,4,0.08
70041,Store,2024,21,3,0.2
70041,Ecom,2024,22,7,0.15
70041,Indirect,2024,22,4,0.12
70041,Store,2024,22,2,0.12
70041,Ecom,2024,23,7,0.14
70041,Indirect,2024,23,4,0.08
70041,Store,2024,23,3,0.0
70041,Ecom,2024,24,8,0.19
70041,Indirect,2024,24,4,0.17
70041,Store,2024,24,3,0.03
70041,Ecom,2024,25,10,0.02
70041,Indirect,2024,25,6,0.02
70041,Store,2024,25,4,0.13
70041,Ecom,2024,26,8,0.12
70041,Indirect,2024,26,4,0.16
70041,Store,2024,26,3,0.07
70041,Ecom,2024,27,6,0.04
70041,Indirect,2024,27,3,0.09
70041,Store,2024,27,2,0.03
70041,Ecom,2024,28,7,0.04
70041,Indirect,2024,28,4,0.1
70041,Store,2024,28,2,0.2
70041,Ecom,2024,29,9,0.03
70041,Indirect,2024,29,5,0.17
70041,Store,2024,29,3,0.18
70041,Ecom,2024,30,9,0.09
70041,Indirect,2024,30,5,0.11
70041,Store,2024,30,3,0.13
70041,Ecom,2024,31,8,0.16
70041,Indirect,2024,31,4,0.01
70041,Store,2024,31,3,0.19
70041,Ecom,2024,32,9,0.14
70041,Indirect,2024,32,5,0.11
70041,Store,2024,32,3,0.18
70041,Ecom,2024,33,7,0.1
70041,Indirect,2024,33,4,0.11
70041,Store,2024,33,3,0.12
70041,Ecom,2024,34,10,0.19
70041,Indirect,2024,34,6,0.02
70041,Store,2024,34,4,0.07
70041,Ecom,2024,35,10,0.2
70041,Indirect,2024,35,6,0.11
70041,Store,2024,35,4,0.04
70041,Ecom,2024,36,10,0.02
70041,Indirect,2024,36,6,0.01
70041,Store,2024,36,4,0.12
70041,Ecom,2024,37,7,0.08
70041,Indirect,2024,37,4,0.0
70041,Store,2024,37,3,0.15
70041,Ecom,2024,38,6,0.08
70041,Indirect,2024,38,3,0.08
70041,Store,2024,38,2,0.05
70041,Ecom,2024,39,5,0.12
70041,Indirect,2024,39,3,0.05
70041,Store,2024,39,2,0.09
70041,Ecom,2024,40,5,0.15
70041,Indirect,2024,40,3,0.19
70041,Store,2024,40,2,0.19
70041,Ecom,2024,41,7,0.12
70041,Indirect,2024,41,4,0.05
70041,Store,2024,41,3,0.06
70041,Ecom,2024,42,5,0.19
70041,Indirect,2024,42,3,0.04
70041,Store,2024,42,2,0.07
70041,Ecom,2024,43,8,0.13
70041,Indirect,2024,43,4,0.05
70041,Store,2024,43,3,0.11
70041,Ecom,2024,44,5,0.06
70041,Indirect,2024,44,3,0.17
70041,Store,2024,44,2,0.05
70041,Ecom,2024,45,8,0.08
70041,Indirect,2024,45,4,0.05
70041,Store,2024,45,3,0.02
70041,Ecom,2024,46,10,0.06
70041,Indirect,2024,46,6,0.15
70041,Store,2024,46,4,0.11
70041,Ecom,2024,47,9,0.18
70041,Indirect,2024,47,5,0.13
70041,Store,2024,47,3,0.02
70041,Ecom,2024,48,7,0.08
70041,Indirect,2024,48,4,0.05
70041,Store,2024,48,2,0.17
70041,Ecom,2024,49,9,0.11
70041,Indirect,2024,49,5,0.19
70041,Store,2024,49,3,0.12
70041,Ecom,2024,50,6,0.15
70041,Indirect,2024,50,3,0.01
70041,Store,2024,50,2,0.16
70041,Ecom,2024,51,7,0.06
70041,Indirect,2024,51,4,0.16
70041,Store,2024,51,2,0.15
70041,Ecom,2024,52,7,0.05
70041,Indirect,2024,52,4,0.19
70041,Store,2024,52,3,0.08
70041,Ecom,2025,1,9,0.19
70041,Indirect,2025,1,5,0.18
70041,Store,2025,1,3,0.19
70041,Ecom,2025,2,6,0.15
70041,Indirect,2025,2,3,0.08
70041,Store,2025,2,2,0.15
70041,Ecom,2025,3,8,0.07
70041,Indirect,2025,3,4,0.1
70041,Store,2025,3,3,0.12
70041,Ecom,2025,4,6,0.02
70041,Indirect,2025,4,3,0.0
70041,Store,2025,4,2,0.07
70041,Ecom,2025,5,8,0.1
70041,Indirect,2025,5,4,0.12
70041,Store,2025,5,3,0.19
70041,Ecom,2025,6,7,0.05
70041,Indirect,2025,6,4,0.1
70041,Store,2025,6,2,0.04
70041,Ecom,2025,7,10,0.04
70041,Indirect,2025,7,6,0.07
70041,Store,2025,7,4,0.06
70041,Ecom,2025,8,6,0.05
70041,Indirect,2025,8,3,0.1
70041,Store,2025,8,2,0.08
70041,Ecom,2025,9,9,0.06
70041,Indirect,2025,9,5,0.03
70041,Store,2025,9,3,0.08
70041,Ecom,2025,10,7,0.09
70041,Indirect,2025,10,4,0.05
70041,Store,2025,10,3,0.12
70041,Ecom,2025,11,8,0.15
70041,Indirect,2025,11,4,0.03
70041,Store,2025,11,3,0.12
70041,Ecom,2025,12,5,0.0
70041,Indirect,2025,12,3,0.06
70041,Store,2025,12,2,0.15
70041,Ecom,2025,13,6,0.08
70041,Indirect,2025,13,3,0.17
70041,Store,2025,13,2,0.07
70041,Ecom,2025,14,5,0.14
70041,Indirect,2025,14,3,0.17
70041,Store,2025,14,2,0.11
70041,Ecom,2025,15,6,0.14
70041,Indirect,2025,15,3,0.18
70041,Store,2025,15,2,0.13
70041,Ecom,2025,16,8,0.18
70041,Indirect,2025,16,4,0.15
70041,Store,2025,16,3,0.07
70041,Ecom,2025,17,9,0.14
70041,Indirect,2025,17,5,0.15
70041,Store,2025,17,3,0.04
70041,Ecom,2025,18,7,0.08
70041,Indirect,2025,18,4,0.07
70041,Store,2025,18,3,0.12
70041,Ecom,2025,19,8,0.02
70041,Indirect,2025,19,4,0.06
70041,Store,2025,19,3,0.16
70041,Ecom,2025,20,6,0.02
70041,Indirect,2025,20,3,0.14
70041,Store,2025,20,2,0.02
70041,Ecom,2025,21,8,0.17
70041,Indirect,2025,21,4,0.0
70041,Store,2025,21,3,0.13
70041,Ecom,2025,22,6,0.05
70041,Indirect,2025,22,3,0.16
70041,Store,2025,22,2,0.12
70041,Ecom,2025,23,10,0.04
70041,Indirect,2025,23,6,0.04
70041,Store,2025,23,4,0.04
70041,Ecom,2025,24,9,0.03
70041,Indirect,2025,24,5,0.13
70041,Store,2025,24,3,0.14
70041,Ecom,2025,25,6,0.19
70041,Indirect,2025,25,3,0.17
70041,Store,2025,25,2,0.19
70041,Ecom,2025,26,8,0.02
70041,Indirect,2025,26,4,0.08
70041,Store,2025,26,3,0.06
70041,Ecom,2025,27,8,0.12
70041,Indirect,2025,27,4,0.17
70041,Store,2025,27,3,0.13
70041,Ecom,2025,28,8,0.07
70041,Indirect,2025,28,4,0.0
70041,Store,2025,28,3,0.05
70041,Ecom,2025,29,9,0.02
70041,Indirect,2025,29,5,0.06
70041,Store,2025,29,3,0.02
70041,Ecom,2025,30,9,0.19
70041,Indirect,2025,30,5,0.15
70041,Store,2025,30,3,0.14
70041,Ecom,2025,31,9,0.19
70041,Indirect,2025,31,5,0.05
70041,Store,2025,31,3,0.05
70041,Ecom,2025,32,5,0.02
70041,Indirect,2025,32,3,0.13
70041,Store,2025,32,2,0.01
70041,Ecom,2025,33,7,0.14
70041,Indirect,2025,33,4,0.06
70041,Store,2025,33,3,0.15
70041,Ecom,2025,34,6,0.03
70041,Indirect,2025,34,3,0.05
70041,Store,2025,34,2,0.06
70041,Ecom,2025,35,8,0.06
70041,Indirect,2025,35,5,0.14
70041,Store,2025,35,3,0.02
70041,Ecom,2025,36,6,0.05
70041,Indirect,2025,36,3,0.17
70041,Store,2025,36,2,0.06
70041,Ecom,2025,37,6,0.02
70041,Indirect,2025,37,3,0.12
70041,Store,2025,37,2,0.03
70041,Ecom,2025,38,8,0.02
70041,Indirect,2025,38,5,0.07
70041,Store,2025,38,3,0.16
70041,Ecom,2025,39,8,0.01
70041,Indirect,2025,39,5,0.12
70041,Store,2025,39,3,0.16
70041,Ecom,2025,40,7,0.12
70041,Indirect,2025,40,4,0.05
70041,Store,2025,40,2,0.1
70041,Ecom,2025,41,8,0.03
70041,Indirect,2025,41,4,0.06
70041,Store,2025,41,3,0.17
70041,Ecom,2025,42,7,0.06
70041,Indirect,2025,42,4,0.07
70041,Store,2025,42,2,0.17
70041,Ecom,2025,43,6,0.01
70041,Indirect,2025,43,3,0.18
70041,Store,2025,43,2,0.14
70041,Ecom,2025,44,6,0.11
70041,Indirect,2025,44,3,0.2
70041,Store,2025,44,2,0.03
70041,Ecom,2025,45,7,0.15
70041,Indirect,2025,45,4,0.17
70041,Store,2025,45,2,0.14
70041,Ecom,2025,46,6,0.02
70041,Indirect,2025,46,3,0.04
70041,Store,2025,46,2,0.09
70041,Ecom,2025,47,9,0.12
70041,Indirect,2025,47,5,0.14
70041,Store,2025,47,3,0.11
70041,Ecom,2025,48,8,0.15
70041,Indirect,2025,48,5,0.16
70041,Store,2025,48,3,0.13
70041,Ecom,2025,49,7,0.11
70041,Indirect,2025,49,4,0.02
70041,Store,2025,49,3,0.04
70041,Ecom,2025,50,9,0.14
70041,Indirect,2025,50,5,0.02
70041,Store,2025,50,3,0.1
70041,Ecom,2025,51,10,0.11
70041,Indirect,2025,51,6,0.14
70041,Store,2025,51,4,0.08
70041,Ecom,2025,52,9,0.12
70041,Indirect,2025,52,5,0.04
70041,Store,2025,52,3,0.13
70042,Ecom,2024,1,3,0.19
70042,Indirect,2024,1,1,0.05
70042,Store,2024,1,1,0.06
70042,Ecom,2024,2,3,0.01
70042,Indirect,2024,2,1,0.12
70042,Store,2024,2,1,0.14
70042,Ecom,2024,3,2,0.2
70042,Indirect,2024,3,1,0.13
70042,Store,2024,3,0,0.04
70042,Ecom,2024,4,2,0.04
70042,Indirect,2024,4,1,0.13
70042,Store,2024,4,0,0.09
70042,Ecom,2024,5,2,0.16
70042,Indirect,2024,5,1,0.17
70042,Store,2024,5,1,0.14
70042,Ecom,2024,6,3,0.18
70042,Indirect,2024,6,2,0.12
70042,Store,2024,6,1,0.14
70042,Ecom,2024,7,2,0.04
70042,Indirect,2024,7,1,0.1
70042,Store,2024,7,1,0.16
70042,Ecom,2024,8,2,0.04
70042,Indirect,2024,8,1,0.1
70042,Store,2024,8,1,0.07
70042,Ecom,2024,9,2,0.11
70042,Indirect,2024,9,1,0.12
70042,Store,2024,9,0,0.01
70042,Ecom,2024,10,3,0.19
70042,Indirect,2024,10,2,0.08
70042,Store,2024,10,1,0.03
70042,Ecom,2024,11,2,0.1
70042,Indirect,2024,11,1,0.02
70042,Store,2024,11,0,0.03
70042,Ecom,2024,12,2,0.1
70042,Indirect,2024,12,1,0.12
70042,Store,2024,12,1,0.15
70042,Ecom,2024,13,3,0.04
70042,Indirect,2024,13,1,0.12
70042,Store,2024,13,1,0.18
70042,Ecom,2024,14,3,0.07
70042,Indirect,2024,14,1,0.13
70042,Store,2024,14,1,0.17
70042,Ecom,2024,15,2,0.11
70042,Indirect,2024,15,1,0.14
70042,Store,2024,15,0,0.03
70042,Ecom,2024,16,4,0.06
70042,Indirect,2024,16,2,0.11
70042,Store,2024,16,1,0.12
70042,Ecom,2024,17,2,0.05
70042,Indirect,2024,17,1,0.01
70042,Store,2024,17,1,0.11
70042,Ecom,2024,18,4,0.17
70042,Indirect,2024,18,2,0.06
70042,Store,2024,18,1,0.15
70042,Ecom,2024,19,2,0.11
70042,Indirect,2024,19,1,0.09
70042,Store,2024,19,1,0.19
70042,Ecom,2024,20,2,0.18
70042,Indirect,2024,20,1,0.18
70042,Store,2024,20,1,0.16
70042,Ecom,2024,21,3,0.13
70042,Indirect,2024,21,1,0.01
70042,Store,2024,21,1,0.19
70042,Ecom,2024,22,2,0.11
70042,Indirect,2024,22,1,0.17
70042,Store,2024,22,1,0.18
70042,Ecom,2024,23,3,0.14
70042,Indirect,2024,23,2,0.0
70042,Store,2024,23,1,0.09
70042,Ecom,2024,24,3,0.05
70042,Indirect,2024,24,2,0.05
70042,Store,2024,24,1,0.09
70042,Ecom,2024,25,3,0.02
70042,Indirect,2024,25,2,0.2
70042,Store,2024,25,1,0.13
70042,Ecom,2024,26,3,0.14
70042,Indirect,2024,26,2,0.12
70042,Store,2024,26,1,0.09
70042,Ecom,2024,27,2,0.16
70042,Indirect,2024,27,1,0.06
70042,Store,2024,27,1,0.18
70042,Ecom,2024,28,2,0.14
70042,Indirect,2024,28,1,0.16
70042,Store,2024,28,1,0.12
70042,Ecom,2024,29,3,0.1
70042,Indirect,2024,29,2,0.07
70042,Store,2024,29,1,0.18
70042,Ecom,2024,30,2,0.19
70042,Indirect,2024,30,1,0.15
70042,Store,2024,30,1,0.04
70042,Ecom,2024,31,3,0.01
70042,Indirect,2024,31,1,0.02
70042,Store,2024,31,1,0.15
70042,Ecom,2024,32,2,0.01
70042,Indirect,2024,32,1,0.11
70042,Store,2024,32,1,0.2
70042,Ecom,2024,33,3,0.15
70042,Indirect,2024,33,1,0.03
70042,Store,2024,33,1,0.03
70042,Ecom,2024,34,2,0.01
70042,Indirect,2024,34,1,0.02
70042,Store,2024,34,0,0.02
70042,Ecom,2024,35,4,0.04
70042,Indirect,2024,35,2,0.0
70042,Store,2024,35,1,0.0
70042,Ecom,2024,36,3,0.16
70042,Indirect,2024,36,1,0.12
70042,Store,2024,36,1,0.14
70042,Ecom,2024,37,2,0.14
70042,Indirect,2024,37,1,0.09
70042,Store,2024,37,1,0.03
70042,Ecom,2024,38,4,0.1
70042,Indirect,2024,38,2,0.19
70042,Store,2024,38,1,0.18
70042,Ecom,2024,39,3,0.03
70042,Indirect,2024,39,2,0.03
70042,Store,2024,39,1,0.16
70042,Ecom,2024,40,4,0.01
70042,Indirect,2024,40,2,0.18
70042,Store,2024,40,1,0.05
70042,Ecom,2024,41,3,0.16
70042,Indirect,2024,41,1,0.11
70042,Store,2024,41,1,0.08
70042,Ecom,2024,42,2,0.16
70042,Indirect,2024,42,1,0.12
70042,Store,2024,42,0,0.05
70042,Ecom,2024,43,2,0.09
70042,Indirect,2024,43,1,0.02
70042,Store,2024,43,0,0.19
70042,Ecom,2024,44,2,0.01
70042,Indirect,2024,44,1,0.14
70042,Store,2024,44,0,0.19
70042,Ecom,2024,45,3,0.03
70042,Indirect,2024,45,1,0.06
70042,Store,2024,45,1,0.14
70042,Ecom,2024,46,2,0.05
70042,Indirect,2024,46,1,0.18
70042,Store,2024,46,1,0.05
70042,Ecom,2024,47,3,0.04
70042,Indirect,2024,47,1,0.04
70042,Store,2024,47,1,0.03
70042,Ecom,2024,48,3,0.16
70042,Indirect,2024,48,1,0.0
70042,Store,2024,48,1,0.16
70042,Ecom,2024,49,3,0.19
70042,Indirect,2024,49,1,0.18
70042,Store,2024,49,1,0.04
70042,Ecom,2024,50,2,0.08
70042,Indirect,2024,50,1,0.12
70042,Store,2024,50,1,0.19
70042,Ecom,2024,51,3,0.12
70042,Indirect,2024,51,2,0.17
70042,Store,2024,51,1,0.02
70042,Ecom,2024,52,3,0.08
70042,Indirect,2024,52,2,0.09
70042,Store,2024,52,1,0.19
70042,Ecom,2025,1,2,0.0
70042,Indirect,2025,1,1,0.05
70042,Store,2025,1,1,0.02
70042,Ecom,2025,2,3,0.09
70042,Indirect,2025,2,1,0.1
70042,Store,2025,2,1,0.06
70042,Ecom,2025,3,3,0.18
70042,Indirect,2025,3,2,0.01
70042,Store,2025,3,1,0.12
70042,Ecom,2025,4,2,0.03
70042,Indirect,2025,4,1,0.11
70042,Store,2025,4,0,0.08
70042,Ecom,2025,5,3,0.1
70042,Indirect,2025,5,1,0.19
70042,Store,2025,5,1,0.18
70042,Ecom,2025,6,3,0.01
70042,Indirect,2025,6,1,0.06
70042,Store,2025,6,1,0.01
70042,Ecom,2025,7,2,0.16
70042,Indirect,2025,7,1,0.15
70042,Store,2025,7,1,0.07
70042,Ecom,2025,8,3,0.08
70042,Indirect,2025,8,2,0.0
70042,Store,2025,8,1,0.16
70042,Ecom,2025,9,3,0.18
70042,Indirect,2025,9,1,0.06
70042,Store,2025,9,1,0.01
70042,Ecom,2025,10,3,0.09
70042,Indirect,2025,10,2,0.13
70042,Store,2025,10,1,0.15
70042,Ecom,2025,11,4,0.05
70042,Indirect,2025,11,2,0.04
70042,Store,2025,11,1,0.1
70042,Ecom,2025,12,2,0.16
70042,Indirect,2025,12,1,0.17
70042,Store,2025,12,1,0.1
70042,Ecom,2025,13,3,0.08
70042,Indirect,2025,13,2,0.17
70042,Store,2025,13,1,0.05
70042,Ecom,2025,14,4,0.19
70042,Indirect,2025,14,2,0.08
70042,Store,2025,14,1,0.16
70042,Ecom,2025,15,2,0.19
70042,Indirect,2025,15,1,0.15
70042,Store,2025,15,0,0.15
70042,Ecom,2025,16,3,0.06
70042,Indirect,2025,16,1,0.19
70042,Store,2025,16,1,0.04
70042,Ecom,2025,17,3,0.12
70042,Indirect,2025,17,2,0.17
70042,Store,2025,17,1,0.09
70042,Ecom,2025,18,2,0.1
70042,Indirect,2025,18,1,0.05
70042,Store,2025,18,1,0.19
70042,Ecom,2025,19,3,0.06
70042,Indirect,2025,19,2,0.08
70042,Store,2025,19,1,0.03
70042,Ecom,2025,20,2,0.1
70042,Indirect,2025,20,1,0.11
70042,Store,2025,20,0,0.02
70042,Ecom,2025,21,2,0.07
70042,Indirect,2025,21,1,0.14
70042,Store,2025,21,1,0.03
70042,Ecom,2025,22,3,0.17
70042,Indirect,2025,22,2,0.09
70042,Store,2025,22,1,0.09
70042,Ecom,2025,23,2,0.04
70042,Indirect,2025,23,1,0.06
70042,Store,2025,23,1,0.17
70042,Ecom,2025,24,3,0.16
70042,Indirect,2025,24,2,0.16
70042,Store,2025,24,1,0.13
70042,Ecom,2025,25,2,0.03
70042,Indirect,2025,25,1,0.14
70042,Store,2025,25,1,0.15
70042,Ecom,2025,26,2,0.11
70042,Indirect,2025,26,1,0.14
70042,Store,2025,26,0,0.0
70042,Ecom,2025,27,3,0.08
70042,Indirect,2025,27,2,0.02
70042,Store,2025,27,1,0.02
70042,Ecom,2025,28,4,0.14
70042,Indirect,2025,28,2,0.19
70042,Store,2025,28,1,0.19
70042,Ecom,2025,29,3,0.02
70042,Indirect,2025,29,2,0.1
70042,Store,2025,29,1,0.18
70042,Ecom,2025,30,3,0.14
70042,Indirect,2025,30,2,0.04
70042,Store,2025,30,1,0.01
70042,Ecom,2025,31,3,0.0
70042,Indirect,2025,31,2,0.11
70042,Store,2025,31,1,0.11
70042,Ecom,2025,32,3,0.13
70042,Indirect,2025,32,1,0.18
70042,Store,2025,32,1,0.1
70042,Ecom,2025,33,3,0.15
70042,Indirect,2025,33,2,0.12
70042,Store,2025,33,1,0.09
70042,Ecom,2025,34,2,0.15
70042,Indirect,2025,34,1,0.01
70042,Store,2025,34,1,0.0
70042,Ecom,2025,35,3,0.02
70042,Indirect,2025,35,2,0.05
70042,Store,2025,35,1,0.17
70042,Ecom,2025,36,3,0.08
70042,Indirect,2025,36,2,0.12
70042,Store,2025,36,1,0.1
70042,Ecom,2025,37,3,0.13
70042,Indirect,2025,37,2,0.01
70042,Store,2025,37,1,0.13
70042,Ecom,2025,38,3,0.03
70042,Indirect,2025,38,2,0.08
70042,Store,2025,38,1,0.05
70042,Ecom,2025,39,2,0.06
70042,Indirect,2025,39,1,0.05
70042,Store,2025,39,1,0.14
70042,Ecom,2025,40,3,0.04
70042,Indirect,2025,40,2,0.04
70042,Store,2025,40,1,0.03
70042,Ecom,2025,41,2,0.17
70042,Indirect,2025,41,1,0.19
70042,Store,2025,41,1,0.12
70042,Ecom,2025,42,3,0.16
70042,Indirect,2025,42,2,0.13
70042,Store,2025,42,1,0.19
70042,Ecom,2025,43,2,0.02
70042,Indirect,2025,43,1,0.09
70042,Store,2025,43,0,0.16
70042,Ecom,2025,44,3,0.11
70042,Indirect,2025,44,1,0.06
70042,Store,2025,44,1,0.08
70042,Ecom,2025,45,3,0.11
70042,Indirect,2025,45,2,0.19
70042,Store,2025,45,1,0.08
70042,Ecom,2025,46,2,0.2
70042,Indirect,2025,46,1,0.16
70042,Store,2025,46,1,0.19
70042,Ecom,2025,47,3,0.16
70042,Indirect,2025,47,1,0.09
70042,Store,2025,47,1,0.02
70042,Ecom,2025,48,3,0.02
70042,Indirect,2025,48,1,0.12
70042,Store,2025,48,1,0.17
70042,Ecom,2025,49,3,0.09
70042,Indirect,2025,49,1,0.12
70042,Store,2025,49,1,0.12
70042,Ecom,2025,50,2,0.15
70042,Indirect,2025,50,1,0.02
70042,Store,2025,50,1,0.06
70042,Ecom,2025,51,3,0.19
70042,Indirect,2025,51,1,0.1
70042,Store,2025,51,1,0.11
70042,Ecom,2025,52,3,0.04
70042,Indirect,2025,52,2,0.08
70042,Store,2025,52,1,0.08
70043,Ecom,2024,1,6,0.17
70043,Indirect,2024,1,3,0.1
70043,Store,2024,1,2,0.09
70043,Ecom,2024,2,7,0.13
70043,Indirect,2024,2,4,0.11
70043,Store,2024,2,3,0.14
70043,Ecom,2024,3,7,0.11
70043,Indirect,2024,3,4,0.08
70043,Store,2024,3,3,0.09
70043,Ecom,2024,4,10,0.19
70043,Indirect,2024,4,6,0.17
70043,Store,2024,4,4,0.12
70043,Ecom,2024,5,9,0.14
70043,Indirect,2024,5,5,0.16
70043,Store,2024,5,3,0.15
70043,Ecom,2024,6,6,0.2
70043,Indirect,2024,6,3,0.1
70043,Store,2024,6,2,0.12
70043,Ecom,2024,7,8,0.12
70043,Indirect,2024,7,5,0.11
70043,Store,2024,7,3,0.1
70043,Ecom,2024,8,7,0.18
70043,Indirect,2024,8,4,0.05
70043,Store,2024,8,2,0.03
70043,Ecom,2024,9,9,0.14
70043,Indirect,2024,9,5,0.12
70043,Store,2024,9,3,0.07
70043,Ecom,2024,10,10,0.15
70043,Indirect,2024,10,6,0.14
70043,Store,2024,10,4,0.12
70043,Ecom,2024,11,6,0.05
70043,Indirect,2024,11,3,0.11
70043,Store,2024,11,2,0.13
70043,Ecom,2024,12,6,0.1
70043,Indirect,2024,12,3,0.12
70043,Store,2024,12,2,0.13
70043,Ecom,2024,13,6,0.09
70043,Indirect,2024,13,3,0.17
70043,Store,2024,13,2,0.09
70043,Ecom,2024,14,7,0.07
70043,Indirect,2024,14,4,0.19
70043,Store,2024,14,2,0.11
70043,Ecom,2024,15,10,0.12
70043,Indirect,2024,15,6,0.15
70043,Store,2024,15,4,0.02
70043,Ecom,2024,16,8,0.19
70043,Indirect,2024,16,5,0.15
70043,Store,2024,16,3,0.02
70043,Ecom,2024,17,8,0.02
70043,Indirect,2024,17,4,0.03
70043,Store,2024,17,3,0.14
70043,Ecom,2024,18,8,0.09
70043,Indirect,2024,18,4,0.16
70043,Store,2024,18,3,0.16
70043,Ecom,2024,19,6,0.15
70043,Indirect,2024,19,3,0.13
70043,Store,2024,19,2,0.0
70043,Ecom,2024,20,7,0.14
70043,Indirect,2024,20,4,0.17
70043,Store,2024,20,3,0.14
70043,Ecom,2024,21,9,0.08
70043,Indirect,2024,21,5,0.07
70043,Store,2024,21,3,0.18
70043,Ecom,2024,22,9,0.1
70043,Indirect,2024,22,5,0.11
70043,Store,2024,22,3,0.16
70043,Ecom,2024,23,8,0.15
70043,Indirect,2024,23,4,0.14
70043,Store,2024,23,3,0.06
70043,Ecom,2024,24,10,0.17
70043,Indirect,2024,24,6,0.04
70043,Store,2024,24,4,0.13
70043,Ecom,2024,25,9,0.06
70043,Indirect,2024,25,5,0.18
70043,Store,2024,25,3,0.05
70043,Ecom,2024,26,7,0.11
70043,Indirect,2024,26,4,0.04
70043,Store,2024,26,3,0.19
70043,Ecom,2024,27,6,0.09
70043,Indirect,2024,27,3,0.08
70043,Store,2024,27,2,0.09
70043,Ecom,2024,28,6,0.09
70043,Indirect,2024,28,3,0.16
70043,Store,2024,28,2,0.18
70043,Ecom,2024,29,7,0.14
70043,Indirect,2024,29,4,0.08
70043,Store,2024,29,3,0.1
70043,Ecom,2024,30,10,0.04
70043,Indirect,2024,30,6,0.06
70043,Store,2024,30,4,0.04
70043,Ecom,2024,31,9,0.18
70043,Indirect,2024,31,5,0.0
70043,Store,2024,31,3,0.18
70043,Ecom,2024,32,8,0.08
70043,Indirect,2024,32,5,0.02
70043,Store,2024,32,3,0.01
70043,Ecom,2024,33,10,0.1
70043,Indirect,2024,33,6,0.01
70043,Store,2024,33,4,0.02
70043,Ecom,2024,34,6,0.02
70043,Indirect,2024,34,3,0.03
70043,Store,2024,34,2,0.13
70043,Ecom,2024,35,5,0.18
70043,Indirect,2024,35,3,0.1
70043,Store,2024,35,2,0.19
70043,Ecom,2024,36,6,0.14
70043,Indirect,2024,36,3,0.12
70043,Store,2024,36,2,0.12
70043,Ecom,2024,37,7,0.09
70043,Indirect,2024,37,4,0.0
70043,Store,2024,37,3,0.14
70043,Ecom,2024,38,6,0.08
70043,Indirect,2024,38,3,0.1
70043,Store,2024,38,2,0.05
70043,Ecom,2024,39,8,0.05
70043,Indirect,2024,39,4,0.19
70043,Store,2024,39,3,0.06
70043,Ecom,2024,40,9,0.01
70043,Indirect,2024,40,5,0.1
70043,Store,2024,40,3,0.01
70043,Ecom,2024,41,9,0.15
70043,Indirect,2024,41,5,0.16
70043,Store,2024,41,3,0.1
70043,Ecom,2024,42,5,0.11
70043,Indirect,2024,42,3,0.17
70043,Store,2024,42,2,0.19
70043,Ecom,2024,43,8,0.09
70043,Indirect,2024,43,5,0.02
70043,Store,2024,43,3,0.07
70043,Ecom,2024,44,6,0.06
70043,Indirect,2024,44,3,0.01
70043,Store,2024,44,2,0.09
70043,Ecom,2024,45,7,0.04
70043,Indirect,2024,45,4,0.16
70043,Store,2024,45,2,0.16
70043,Ecom,2024,46,10,0.13
70043,Indirect,2024,46,6,0.14
70043,Store,2024,46,4,0.02
70043,Ecom,2024,47,8,0.16
70043,Indirect,2024,47,5,0.17
70043,Store,2024,47,3,0.12
70043,Ecom,2024,48,6,0.0
70043,Indirect,2024,48,3,0.16
70043,Store,2024,48,2,0.19
70043,Ecom,2024,49,5,0.05
70043,Indirect,2024,49,3,0.17
70043,Store,2024,49,2,0.07
70043,Ecom,2024,50,8,0.06
70043,Indirect,2024,50,4,0.09
70043,Store,2024,50,3,0.16
70043,Ecom,2024,51,5,0.04
70043,Indirect,2024,51,3,0.1
70043,Store,2024,51,2,0.15
70043,Ecom,2024,52,8,0.02
70043,Indirect,2024,52,4,0.07
70043,Store,2024,52,3,0.04
70043,Ecom,2025,1,8,0.05
70043,Indirect,2025,1,5,0.04
70043,Store,2025,1,3,0.19
70043,Ecom,2025,2,6,0.19
70043,Indirect,2025,2,3,0.04
70043,Store,2025,2,2,0.01
70043,Ecom,2025,3,7,0.01
70043,Indirect,2025,3,4,0.19
70043,Store,2025,3,2,0.04
70043,Ecom,2025,4,7,0.09
70043,Indirect,2025,4,4,0.18
70043,Store,2025,4,3,0.18
70043,Ecom,2025,5,7,0.16
70043,Indirect,2025,5,4,0.17
70043,Store,2025,5,2,0.15
70043,Ecom,2025,6,7,0.17
70043,Indirect,2025,6,4,0.03
70043,Store,2025,6,2,0.09
70043,Ecom,2025,7,7,0.08
70043,Indirect,2025,7,4,0.15
70043,Store,2025,7,2,0.18
70043,Ecom,2025,8,6,0.18
70043,Indirect,2025,8,3,0.02
70043,Store,2025,8,2,0.03
70043,Ecom,2025,9,7,0.19
70043,Indirect,2025,9,4,0.18
70043,Store,2025,9,2,0.17
70043,Ecom,2025,10,5,0.04
70043,Indirect,2025,10,3,0.02
70043,Store,2025,10,2,0.19
70043,Ecom,2025,11,7,0.03
70043,Indirect,2025,11,4,0.1
70043,Store,2025,11,2,0.01
70043,Ecom,2025,12,8,0.18
70043,Indirect,2025,12,4,0.15
70043,Store,2025,12,3,0.06
70043,Ecom,2025,13,8,0.12
70043,Indirect,2025,13,4,0.15
70043,Store,2025,13,3,0.06
70043,Ecom,2025,14,9,0.0
70043,Indirect,2025,14,5,0.13
70043,Store,2025,14,3,0.05
70043,Ecom,2025,15,6,0.08
70043,Indirect,2025,15,3,0.07
70043,Store,2025,15,2,0.01
70043,Ecom,2025,16,8,0.15
70043,Indirect,2025,16,5,0.18
70043,Store,2025,16,3,0.15
70043,Ecom,2025,17,6,0.17
70043,Indirect,2025,17,3,0.03
70043,Store,2025,17,2,0.09
70043,Ecom,2025,18,9,0.02
70043,Indirect,2025,18,5,0.04
70043,Store,2025,18,3,0.05
70043,Ecom,2025,19,7,0.11
70043,Indirect,2025,19,4,0.11
70043,Store,2025,19,2,0.18
70043,Ecom,2025,20,6,0.06
70043,Indirect,2025,20,3,0.19
70043,Store,2025,20,2,0.01
70043,Ecom,2025,21,7,0.08
70043,Indirect,2025,21,4,0.07
70043,Store,2025,21,3,0.09
70043,Ecom,2025,22,7,0.07
70043,Indirect,2025,22,4,0.0
70043,Store,2025,22,2,0.2
70043,Ecom,2025,23,9,0.17
70043,Indirect,2025,23,5,0.14
70043,Store,2025,23,3,0.1
70043,Ecom,2025,24,8,0.16
70043,Indirect,2025,24,4,0.08
70043,Store,2025,24,3,0.17
70043,Ecom,2025,25,7,0.08
70043,Indirect,2025,25,4,0.06
70043,Store,2025,25,3,0.05
70043,Ecom,2025,26,6,0.08
70043,Indirect,2025,26,3,0.08
70043,Store,2025,26,2,0.13
70043,Ecom,2025,27,6,0.19
70043,Indirect,2025,27,3,0.2
70043,Store,2025,27,2,0.18
70043,Ecom,2025,28,7,0.07
70043,Indirect,2025,28,4,0.1
70043,Store,2025,28,3,0.08
70043,Ecom,2025,29,9,0.12
70043,Indirect,2025,29,5,0.17
70043,Store,2025,29,3,0.1
70043,Ecom,2025,30,5,0.1
70043,Indirect,2025,30,3,0.16
70043,Store,2025,30,2,0.16
70043,Ecom,2025,31,9,0.04
70043,Indirect,2025,31,5,0.12
70043,Store,2025,31,3,0.11
70043,Ecom,2025,32,9,0.01
70043,Indirect,2025,32,5,0.04
70043,Store,2025,32,3,0.1
70043,Ecom,2025,33,7,0.18
70043,Indirect,2025,33,4,0.15
70043,Store,2025,33,2,0.16
70043,Ecom,2025,34,7,0.13
70043,Indirect,2025,34,4,0.13
70043,Store,2025,34,2,0.06
70043,Ecom,2025,35,7,0.06
70043,Indirect,2025,35,4,0.16
70043,Store,2025,35,2,0.13
70043,Ecom,2025,36,8,0.06
70043,Indirect,2025,36,5,0.06
70043,Store,2025,36,3,0.14
70043,Ecom,2025,37,6,0.02
70043,Indirect,2025,37,3,0.12
70043,Store,2025,37,2,0.19
70043,Ecom,2025,38,10,0.04
70043,Indirect,2025,38,6,0.04
70043,Store,2025,38,4,0.01
70043,Ecom,2025,39,7,0.09
70043,Indirect,2025,39,4,0.2
70043,Store,2025,39,2,0.03
70043,Ecom,2025,40,9,0.17
70043,Indirect,2025,40,5,0.17
70043,Store,2025,40,3,0.19
70043,Ecom,2025,41,7,0.15
70043,Indirect,2025,41,4,0.2
70043,Store,2025,41,2,0.07
70043,Ecom,2025,42,10,0.14
70043,Indirect,2025,42,6,0.07
70043,Store,2025,42,4,0.08
70043,Ecom,2025,43,7,0.08
70043,Indirect,2025,43,4,0.13
70043,Store,2025,43,3,0.09
70043,Ecom,2025,44,6,0.08
70043,Indirect,2025,44,3,0.02
70043,Store,2025,44,2,0.07
70043,Ecom,2025,45,8,0.0
70043,Indirect,2025,45,4,0.15
70043,Store,2025,45,3,0.19
70043,Ecom,2025,46,6,0.11
70043,Indirect,2025,46,3,0.0
70043,Store,2025,46,2,0.03
70043,Ecom,2025,47,7,0.0
70043,Indirect,2025,47,4,0.0
70043,Store,2025,47,2,0.07
70043,Ecom,2025,48,7,0.14
70043,Indirect,2025,48,4,0.14
70043,Store,2025,48,2,0.08
70043,Ecom,2025,49,7,0.08
70043,Indirect,2025,49,4,0.03
70043,Store,2025,49,3,0.06
70043,Ecom,2025,50,7,0.18
70043,Indirect,2025,50,4,0.2
70043,Store,2025,50,2,0.16
70043,Ecom,2025,51,7,0.19
70043,Indirect,2025,51,4,0.0
70043,Store,2025,51,3,0.02
70043,Ecom,2025,52,6,0.06
70043,Indirect,2025,52,3,0.16
70043,Store,2025,52,2,0.2
70044,Ecom,2024,1,3,0.17
70044,Indirect,2024,1,2,0.07
70044,Store,2024,1,1,0.16
70044,Ecom,2024,2,3,0.09
70044,Indirect,2024,2,2,0.11
70044,Store,2024,2,1,0.03
70044,Ecom,2024,3,4,0.17
70044,Indirect,2024,3,2,0.13
70044,Store,2024,3,1,0.06
70044,Ecom,2024,4,3,0.02
70044,Indirect,2024,4,2,0.01
70044,Store,2024,4,1,0.14
70044,Ecom,2024,5,4,0.02
70044,Indirect,2024,5,2,0.06
70044,Store,2024,5,1,0.16
70044,Ecom,2024,6,4,0.13
70044,Indirect,2024,6,2,0.13
70044,Store,2024,6,1,0.07
70044,Ecom,2024,7,3,0.08
70044,Indirect,2024,7,1,0.18
70044,Store,2024,7,1,0.04
70044,Ecom,2024,8,3,0.05
70044,Indirect,2024,8,2,0.12
70044,Store,2024,8,1,0.13
70044,Ecom,2024,9,5,0.13
70044,Indirect,2024,9,3,0.1
70044,Store,2024,9,2,0.01
70044,Ecom,2024,10,4,0.18
70044,Indirect,2024,10,2,0.17
70044,Store,2024,10,1,0.19
70044,Ecom,2024,11,2,0.03
70044,Indirect,2024,11,1,0.15
70044,Store,2024,11,1,0.17
70044,Ecom,2024,12,4,0.05
70044,Indirect,2024,12,2,0.15
70044,Store,2024,12,1,0.06
70044,Ecom,2024,13,5,0.14
70044,Indirect,2024,13,3,0.08
70044,Store,2024,13,2,0.15
70044,Ecom,2024,14,3,0.04
70044,Indirect,2024,14,1,0.0
70044,Store,2024,14,1,0.03
70044,Ecom,2024,15,3,0.19
70044,Indirect,2024,15,1,0.09
70044,Store,2024,15,1,0.08
70044,Ecom,2024,16,2,0.03
70044,Indirect,2024,16,1,0.06
70044,Store,2024,16,1,0.1
70044,Ecom,2024,17,4,0.09
70044,Indirect,2024,17,2,0.2
70044,Store,2024,17,1,0.0
70044,Ecom,2024,18,3,0.03
70044,Indirect,2024,18,2,0.13
70044,Store,2024,18,1,0.12
70044,Ecom,2024,19,3,0.16
70044,Indirect,2024,19,1,0.11
70044,Store,2024,19,1,0.01
70044,Ecom,2024,20,3,0.03
70044,Indirect,2024,20,2,0.17
70044,Store,2024,20,1,0.12
70044,Ecom,2024,21,4,0.03
70044,Indirect,2024,21,2,0.03
70044,Store,2024,21,1,0.01
70044,Ecom,2024,22,4,0.13
70044,Indirect,2024,22,2,0.13
70044,Store,2024,22,1,0.11
70044,Ecom,2024,23,3,0.02
70044,Indirect,2024,23,2,0.18
70044,Store,2024,23,1,0.12
70044,Ecom,2024,24,4,0.05
70044,Indirect,2024,24,2,0.12
70044,Store,2024,24,1,0.2
70044,Ecom,2024,25,4,0.15
70044,Indirect,2024,25,2,0.1
70044,Store,2024,25,1,0.0
70044,Ecom,2024,26,2,0.08
70044,Indirect,2024,26,1,0.15
70044,Store,2024,26,1,0.15
70044,Ecom,2024,27,3,0.16
70044,Indirect,2024,27,1,0.02
70044,Store,2024,27,1,0.16
70044,Ecom,2024,28,4,0.08
70044,Indirect,2024,28,2,0.03
70044,Store,2024,28,1,0.05
70044,Ecom,2024,29,4,0.01
70044,Indirect,2024,29,2,0.16
70044,Store,2024,29,1,0.12
70044,Ecom,2024,30,4,0.09
70044,Indirect,2024,30,2,0.13
70044,Store,2024,30,1,0.02
70044,Ecom,2024,31,4,0.03
70044,Indirect,2024,31,2,0.01
70044,Store,2024,31,1,0.2
70044,Ecom,2024,32,4,0.08
70044,Indirect,2024,32,2,0.0
70044,Store,2024,32,1,0.11
70044,Ecom,2024,33,3,0.08
70044,Indirect,2024,33,1,0.18
70044,Store,2024,33,1,0.15
70044,Ecom,2024,34,4,0.14
70044,Indirect,2024,34,2,0.14
70044,Store,2024,34,1,0.0
70044,Ecom,2024,35,4,0.14
70044,Indirect,2024,35,2,0.09
70044,Store,2024,35,1,0.01
70044,Ecom,2024,36,5,0.07
70044,Indirect,2024,36,3,0.05
70044,Store,2024,36,2,0.03
70044,Ecom,2024,37,3,0.05
70044,Indirect,2024,37,2,0.09
70044,Store,2024,37,1,0.07
70044,Ecom,2024,38,3,0.14
70044,Indirect,2024,38,1,0.17
70044,Store,2024,38,1,0.01
70044,Ecom,2024,39,5,0.08
70044,Indirect,2024,39,3,0.04
70044,Store,2024,39,2,0.11
70044,Ecom,2024,40,4,0.04
70044,Indirect,2024,40,2,0.05
70044,Store,2024,40,1,0.12
70044,Ecom,2024,41,3,0.06
70044,Indirect,2024,41,1,0.16
70044,Store,2024,41,1,0.01
70044,Ecom,2024,42,4,0.2
70044,Indirect,2024,42,2,0.05
70044,Store,2024,42,1,0.13
70044,Ecom,2024,43,3,0.11
70044,Indirect,2024,43,2,0.09
70044,Store,2024,43,1,0.2
70044,Ecom,2024,44,4,0.06
70044,Indirect,2024,44,2,0.18
70044,Store,2024,44,1,0.12
70044,Ecom,2024,45,4,0.06
70044,Indirect,2024,45,2,0.16
70044,Store,2024,45,1,0.06
70044,Ecom,2024,46,2,0.09
70044,Indirect,2024,46,1,0.16
70044,Store,2024,46,1,0.16
70044,Ecom,2024,47,3,0.1
70044,Indirect,2024,47,1,0.12
70044,Store,2024,47,1,0.01
70044,Ecom,2024,48,3,0.05
70044,Indirect,2024,48,1,0.2
70044,Store,2024,48,1,0.15
70044,Ecom,2024,49,3,0.03
70044,Indirect,2024,49,2,0.09
70044,Store,2024,49,1,0.17
70044,Ecom,2024,50,4,0.2
70044,Indirect,2024,50,2,0.08
70044,Store,2024,50,1,0.11
70044,Ecom,2024,51,3,0.12
70044,Indirect,2024,51,2,0.09
70044,Store,2024,51,1,0.14
70044,Ecom,2024,52,5,0.13
70044,Indirect,2024,52,3,0.01
70044,Store,2024,52,2,0.01
70044,Ecom,2025,1,3,0.2
70044,Indirect,2025,1,2,0.11
70044,Store,2025,1,1,0.15
70044,Ecom,2025,2,5,0.11
70044,Indirect,2025,2,3,0.12
70044,Store,2025,2,2,0.12
70044,Ecom,2025,3,2,0.07
70044,Indirect,2025,3,1,0.1
70044,Store,2025,3,1,0.17
70044,Ecom,2025,4,2,0.07
70044,Indirect,2025,4,1,0.11
70044,Store,2025,4,1,0.09
70044,Ecom,2025,5,4,0.08
70044,Indirect,2025,5,2,0.04
70044,Store,2025,5,1,0.12
70044,Ecom,2025,6,4,0.01
70044,Indirect,2025,6,2,0.1
70044,Store,2025,6,1,0.13
70044,Ecom,2025,7,4,0.18
70044,Indirect,2025,7,2,0.14
70044,Store,2025,7,1,0.15
70044,Ecom,2025,8,4,0.13
70044,Indirect,2025,8,2,0.14
70044,Store,2025,8,1,0.16
70044,Ecom,2025,9,4,0.01
70044,Indirect,2025,9,2,0.18
70044,Store,2025,9,1,0.03
70044,Ecom,2025,10,4,0.03
70044,Indirect,2025,10,2,0.09
70044,Store,2025,10,1,0.04
70044,Ecom,2025,11,5,0.02
70044,Indirect,2025,11,3,0.16
70044,Store,2025,11,2,0.19
70044,Ecom,2025,12,4,0.1
70044,Indirect,2025,12,2,0.04
70044,Store,2025,12,1,0.16
70044,Ecom,2025,13,4,0.17
70044,Indirect,2025,13,2,0.04
70044,Store,2025,13,1,0.18
70044,Ecom,2025,14,3,0.11
70044,Indirect,2025,14,1,0.17
70044,Store,2025,14,1,0.12
70044,Ecom,2025,15,5,0.19
70044,Indirect,2025,15,3,0.16
70044,Store,2025,15,2,0.03
70044,Ecom,2025,16,3,0.03
70044,Indirect,2025,16,2,0.12
70044,Store,2025,16,1,0.0
70044,Ecom,2025,17,4,0.04
70044,Indirect,2025,17,2,0.11
70044,Store,2025,17,1,0.05
70044,Ecom,2025,18,3,0.15
70044,Indirect,2025,18,2,0.05
70044,Store,2025,18,1,0.01
70044,Ecom,2025,19,5,0.19
70044,Indirect,2025,19,3,0.16
70044,Store,2025,19,2,0.03
70044,Ecom,2025,20,4,0.17
70044,Indirect,2025,20,2,0.01
70044,Store,2025,20,1,0.16
70044,Ecom,2025,21,3,0.08
70044,Indirect,2025,21,1,0.05
70044,Store,2025,21,1,0.06
70044,Ecom,2025,22,4,0.19
70044,Indirect,2025,22,2,0.14
70044,Store,2025,22,1,0.1
70044,Ecom,2025,23,2,0.01
70044,Indirect,2025,23,1,0.04
70044,Store,2025,23,1,0.12
70044,Ecom,2025,24,4,0.07
70044,Indirect,2025,24,2,0.02
70044,Store,2025,24,1,0.14
70044,Ecom,2025,25,3,0.07
70044,Indirect,2025,25,2,0.09
70044,Store,2025,25,1,0.1
70044,Ecom,2025,26,3,0.06
70044,Indirect,2025,26,1,0.13
70044,Store,2025,26,1,0.04
70044,Ecom,2025,27,3,0.2
70044,Indirect,2025,27,2,0.18
70044,Store,2025,27,1,0.14
70044,Ecom,2025,28,4,0.04
70044,Indirect,2025,28,2,0.09
70044,Store,2025,28,1,0.12
70044,Ecom,2025,29,4,0.12
70044,Indirect,2025,29,2,0.02
70044,Store,2025,29,1,0.18
70044,Ecom,2025,30,3,0.02
70044,Indirect,2025,30,2,0.12
70044,Store,2025,30,1,0.14
70044,Ecom,2025,31,5,0.06
70044,Indirect,2025,31,3,0.07
70044,Store,2025,31,2,0.14
70044,Ecom,2025,32,4,0.05
70044,Indirect,2025,32,2,0.18
70044,Store,2025,32,1,0.12
70044,Ecom,2025,33,5,0.02
70044,Indirect,2025,33,3,0.07
70044,Store,2025,33,2,0.03
70044,Ecom,2025,34,5,0.2
70044,Indirect,2025,34,3,0.08
70044,Store,2025,34,2,0.19
70044,Ecom,2025,35,4,0.18
70044,Indirect,2025,35,2,0.16
70044,Store,2025,35,1,0.0
70044,Ecom,2025,36,3,0.1
70044,Indirect,2025,36,1,0.09
70044,Store,2025,36,1,0.19
70044,Ecom,2025,37,5,0.09
70044,Indirect,2025,37,3,0.12
70044,Store,2025,37,2,0.07
70044,Ecom,2025,38,4,0.05
70044,Indirect,2025,38,2,0.08
70044,Store,2025,38,1,0.19
70044,Ecom,2025,39,3,0.03
70044,Indirect,2025,39,1,0.11
70044,Store,2025,39,1,0.14
70044,Ecom,2025,40,4,0.06
70044,Indirect,2025,40,2,0.06
70044,Store,2025,40,1,0.07
70044,Ecom,2025,41,5,0.17
70044,Indirect,2025,41,3,0.1
70044,Store,2025,41,2,0.19
70044,Ecom,2025,42,3,0.1
70044,Indirect,2025,42,1,0.15
70044,Store,2025,42,1,0.08
70044,Ecom,2025,43,5,0.01
70044,Indirect,2025,43,3,0.04
70044,Store,2025,43,2,0.03
70044,Ecom,2025,44,4,0.02
70044,Indirect,2025,44,2,0.02
70044,Store,2025,44,1,0.02
70044,Ecom,2025,45,4,0.19
70044,Indirect,2025,45,2,0.18
70044,Store,2025,45,1,0.12
70044,Ecom,2025,46,3,0.17
70044,Indirect,2025,46,1,0.15
70044,Store,2025,46,1,0.06
70044,Ecom,2025,47,3,0.02
70044,Indirect,2025,47,2,0.11
70044,Store,2025,47,1,0.16
70044,Ecom,2025,48,3,0.06
70044,Indirect,2025,48,2,0.07
70044,Store,2025,48,1,0.09
70044,Ecom,2025,49,5,0.15
70044,Indirect,2025,49,3,0.02
70044,Store,2025,49,2,0.02
70044,Ecom,2025,50,3,0.06
70044,Indirect,2025,50,2,0.02
70044,Store,2025,50,1,0.04
70044,Ecom,2025,51,3,0.13
70044,Indirect,2025,51,2,0.11
70044,Store,2025,51,1,0.12
70044,Ecom,2025,52,4,0.14
70044,Indirect,2025,52,2,0.02
70044,Store,2025,52,1,0.01
70045,Ecom,2024,1,4,0.01
70045,Indirect,2024,1,2,0.02
70045,Store,2024,1,1,0.06
70045,Ecom,2024,2,8,0.07
70045,Indirect,2024,2,4,0.16
70045,Store,2024,2,3,0.05
70045,Ecom,2024,3,5,0.2
70045,Indirect,2024,3,3,0.18
70045,Store,2024,3,2,0.12
70045,Ecom,2024,4,6,0.17
70045,Indirect,2024,4,3,0.09
70045,Store,2024,4,2,0.19
70045,Ecom,2024,5,5,0.14
70045,Indirect,2024,5,3,0.01
70045,Store,2024,5,2,0.19
70045,Ecom,2024,6,6,0.18
70045,Indirect,2024,6,3,0.03
70045,Store,2024,6,2,0.1
70045,Ecom,2024,7,6,0.11
70045,Indirect,2024,7,3,0.11
70045,Store,2024,7,2,0.14
70045,Ecom,2024,8,7,0.14
70045,Indirect,2024,8,4,0.06
70045,Store,2024,8,2,0.04
70045,Ecom,2024,9,6,0.01
70045,Indirect,2024,9,3,0.15
70045,Store,2024,9,2,0.0
70045,Ecom,2024,10,6,0.04
70045,Indirect,2024,10,3,0.13
70045,Store,2024,10,2,0.09
70045,Ecom,2024,11,4,0.13
70045,Indirect,2024,11,2,0.07
70045,Store,2024,11,1,0.07
70045,Ecom,2024,12,7,0.09
70045,Indirect,2024,12,4,0.07
70045,Store,2024,12,3,0.17
70045,Ecom,2024,13,6,0.1
70045,Indirect,2024,13,3,0.13
70045,Store,2024,13,2,0.0
70045,Ecom,2024,14,6,0.12
70045,Indirect,2024,14,3,0.04
70045,Store,2024,14,2,0.17
70045,Ecom,2024,15,6,0.09
70045,Indirect,2024,15,3,0.17
70045,Store,2024,15,2,0.13
70045,Ecom,2024,16,6,0.2
70045,Indirect,2024,16,3,0.04
70045,Store,2024,16,2,0.13
70045,Ecom,2024,17,6,0.1
70045,Indirect,2024,17,3,0.14
70045,Store,2024,17,2,0.2
70045,Ecom,2024,18,6,0.02
70045,Indirect,2024,18,3,0.03
70045,Store,2024,18,2,0.13
70045,Ecom,2024,19,7,0.12
70045,Indirect,2024,19,4,0.07
70045,Store,2024,19,2,0.18
70045,Ecom,2024,20,8,0.04
70045,Indirect,2024,20,4,0.17
70045,Store,2024,20,3,0.02
70045,Ecom,2024,21,6,0.19
70045,Indirect,2024,21,3,0.19
70045,Store,2024,21,2,0.12
70045,Ecom,2024,22,4,0.03
70045,Indirect,2024,22,2,0.11
70045,Store,2024,22,1,0.0
70045,Ecom,2024,23,7,0.14
70045,Indirect,2024,23,4,0.13
70045,Store,2024,23,2,0.18
70045,Ecom,2024,24,5,0.03
70045,Indirect,2024,24,3,0.13
70045,Store,2024,24,2,0.02
70045,Ecom,2024,25,5,0.06
70045,Indirect,2024,25,3,0.07
70045,Store,2024,25,2,0.19
70045,Ecom,2024,26,6,0.14
70045,Indirect,2024,26,3,0.16
70045,Store,2024,26,2,0.03
70045,Ecom,2024,27,7,0.03
70045,Indirect,2024,27,4,0.19
70045,Store,2024,27,2,0.18
70045,Ecom,2024,28,5,0.04
70045,Indirect,2024,28,3,0.17
70045,Store,2024,28,2,0.03
70045,Ecom,2024,29,4,0.03
70045,Indirect,2024,29,2,0.02
70045,Store,2024,29,1,0.09
70045,Ecom,2024,30,7,0.03
70045,Indirect,2024,30,4,0.13
70045,Store,2024,30,2,0.19
70045,Ecom,2024,31,5,0.03
70045,Indirect,2024,31,3,0.05
70045,Store,2024,31,2,0.17
70045,Ecom,2024,32,5,0.11
70045,Indirect,2024,32,3,0.12
70045,Store,2024,32,2,0.09
70045,Ecom,2024,33,8,0.04
70045,Indirect,2024,33,4,0.16
70045,Store,2024,33,3,0.05
70045,Ecom,2024,34,5,0.06
70045,Indirect,2024,34,3,0.11
70045,Store,2024,34,2,0.02
70045,Ecom,2024,35,5,0.09
70045,Indirect,2024,35,3,0.1
70045,Store,2024,35,2,0.04
70045,Ecom,2024,36,7,0.05
70045,Indirect,2024,36,4,0.11
70045,Store,2024,36,3,0.04
70045,Ecom,2024,37,4,0.14
70045,Indirect,2024,37,2,0.04
70045,Store,2024,37,1,0.12
70045,Ecom,2024,38,5,0.05
70045,Indirect,2024,38,3,0.15
70045,Store,2024,38,2,0.09
70045,Ecom,2024,39,7,0.14
70045,Indirect,2024,39,4,0.16
70045,Store,2024,39,3,0.09
70045,Ecom,2024,40,5,0.13
70045,Indirect,2024,40,3,0.08
70045,Store,2024,40,2,0.05
70045,Ecom,2024,41,4,0.04
70045,Indirect,2024,41,2,0.09
70045,Store,2024,41,1,0.06
70045,Ecom,2024,42,7,0.12
70045,Indirect,2024,42,4,0.01
70045,Store,2024,42,2,0.03
70045,Ecom,2024,43,4,0.06
70045,Indirect,2024,43,2,0.16
70045,Store,2024,43,1,0.14
70045,Ecom,2024,44,7,0.09
70045,Indirect,2024,44,4,0.03
70045,Store,2024,44,2,0.18
70045,Ecom,2024,45,7,0.06
70045,Indirect,2024,45,4,0.11
70045,Store,2024,45,3,0.02
70045,Ecom,2024,46,6,0.01
70045,Indirect,2024,46,3,0.02
70045,Store,2024,46,2,0.02
70045,Ecom,2024,47,6,0.12
70045,Indirect,2024,47,3,0.08
70045,Store,2024,47,2,0.19
70045,Ecom,2024,48,4,0.18
70045,Indirect,2024,48,2,0.17
70045,Store,2024,48,1,0.07
70045,Ecom,2024,49,8,0.03
70045,Indirect,2024,49,4,0.01
70045,Store,2024,49,3,0.03
70045,Ecom,2024,50,6,0.08
70045,Indirect,2024,50,3,0.17
70045,Store,2024,50,2,0.11
70045,Ecom,2024,51,8,0.08
70045,Indirect,2024,51,4,0.05
70045,Store,2024,51,3,0.09
70045,Ecom,2024,52,5,0.08
70045,Indirect,2024,52,3,0.16
70045,Store,2024,52,2,0.18
70045,Ecom,2025,1,7,0.18
70045,Indirect,2025,1,4,0.14
70045,Store,2025,1,3,0.01
70045,Ecom,2025,2,5,0.05
70045,Indirect,2025,2,3,0.17
70045,Store,2025,2,2,0.06
70045,Ecom,2025,3,6,0.19
70045,Indirect,2025,3,3,0.05
70045,Store,2025,3,2,0.15
70045,Ecom,2025,4,6,0.06
70045,Indirect,2025,4,3,0.08
70045,Store,2025,4,2,0.18
70045,Ecom,2025,5,5,0.11
70045,Indirect,2025,5,3,0.0
70045,Store,2025,5,2,0.06
70045,Ecom,2025,6,6,0.03
70045,Indirect,2025,6,3,0.15
70045,Store,2025,6,2,0.03
70045,Ecom,2025,7,5,0.2
70045,Indirect,2025,7,3,0.16
70045,Store,2025,7,2,0.08
70045,Ecom,2025,8,8,0.18
70045,Indirect,2025,8,4,0.01
70045,Store,2025,8,3,0.0
70045,Ecom,2025,9,4,0.18
70045,Indirect,2025,9,2,0.01
70045,Store,2025,9,1,0.0
70045,Ecom,2025,10,6,0.15
70045,Indirect,2025,10,3,0.16
70045,Store,2025,10,2,0.2
70045,Ecom,2025,11,6,0.09
70045,Indirect,2025,11,3,0.06
70045,Store,2025,11,2,0.17
70045,Ecom,2025,12,4,0.02
70045,Indirect,2025,12,2,0.03
70045,Store,2025,12,1,0.15
70045,Ecom,2025,13,7,0.08
70045,Indirect,2025,13,4,0.05
70045,Store,2025,13,3,0.1
70045,Ecom,2025,14,4,0.05
70045,Indirect,2025,14,2,0.03
70045,Store,2025,14,1,0.19
70045,Ecom,2025,15,6,0.19
70045,Indirect,2025,15,3,0.03
70045,Store,2025,15,2,0.08
70045,Ecom,2025,16,6,0.2
70045,Indirect,2025,16,3,0.03
70045,Store,2025,16,2,0.2
70045,Ecom,2025,17,7,0.19
70045,Indirect,2025,17,4,0.06
70045,Store,2025,17,3,0.12
70045,Ecom,2025,18,7,0.15
70045,Indirect,2025,18,4,0.13
70045,Store,2025,18,3,0.08
70045,Ecom,2025,19,5,0.14
70045,Indirect,2025,19,3,0.09
70045,Store,2025,19,2,0.03
70045,Ecom,2025,20,7,0.02
70045,Indirect,2025,20,4,0.09
70045,Store,2025,20,3,0.14
70045,Ecom,2025,21,8,0.13
70045,Indirect,2025,21,4,0.03
70045,Store,2025,21,3,0.18
70045,Ecom,2025,22,5,0.15
70045,Indirect,2025,22,3,0.18
70045,Store,2025,22,2,0.13
70045,Ecom,2025,23,5,0.02
70045,Indirect,2025,23,3,0.01
70045,Store,2025,23,2,0.1
70045,Ecom,2025,24,5,0.17
70045,Indirect,2025,24,3,0.17
70045,Store,2025,24,2,0.01
70045,Ecom,2025,25,6,0.01
70045,Indirect,2025,25,3,0.04
70045,Store,2025,25,2,0.11
70045,Ecom,2025,26,5,0.05
70045,Indirect,2025,26,3,0.06
70045,Store,2025,26,2,0.06
70045,Ecom,2025,27,5,0.1
70045,Indirect,2025,27,3,0.2
70045,Store,2025,27,2,0.17
70045,Ecom,2025,28,7,0.01
70045,Indirect,2025,28,4,0.17
70045,Store,2025,28,3,0.17
70045,Ecom,2025,29,8,0.18
70045,Indirect,2025,29,4,0.05
70045,Store,2025,29,3,0.0
70045,Ecom,2025,30,7,0.02
70045,Indirect,2025,30,4,0.13
70045,Store,2025,30,3,0.05
70045,Ecom,2025,31,7,0.09
70045,Indirect,2025,31,4,0.04
70045,Store,2025,31,3,0.05
70045,Ecom,2025,32,5,0.08
70045,Indirect,2025,32,3,0.04
70045,Store,2025,32,2,0.0
70045,Ecom,2025,33,8,0.1
70045,Indirect,2025,33,4,0.15
70045,Store,2025,33,3,0.07
70045,Ecom,2025,34,5,0.17
70045,Indirect,2025,34,3,0.09
70045,Store,2025,34,2,0.14
70045,Ecom,2025,35,5,0.08
70045,Indirect,2025,35,3,0.03
70045,Store,2025,35,2,0.07
70045,Ecom,2025,36,7,0.2
70045,Indirect,2025,36,4,0.06
70045,Store,2025,36,3,0.14
70045,Ecom,2025,37,5,0.07
70045,Indirect,2025,37,3,0.04
70045,Store,2025,37,2,0.13
70045,Ecom,2025,38,5,0.11
70045,Indirect,2025,38,3,0.05
70045,Store,2025,38,2,0.15
70045,Ecom,2025,39,5,0.06
70045,Indirect,2025,39,3,0.07
70045,Store,2025,39,2,0.14
70045,Ecom,2025,40,5,0.18
70045,Indirect,2025,40,3,0.02
70045,Store,2025,40,2,0.19
70045,Ecom,2025,41,7,0.18
70045,Indirect,2025,41,4,0.1
70045,Store,2025,41,2,0.18
70045,Ecom,2025,42,7,0.18
70045,Indirect,2025,42,4,0.17
70045,Store,2025,42,3,0.07
70045,Ecom,2025,43,7,0.15
70045,Indirect,2025,43,4,0.11
70045,Store,2025,43,2,0.02
70045,Ecom,2025,44,7,0.2
70045,Indirect,2025,44,4,0.1
70045,Store,2025,44,2,0.04
70045,Ecom,2025,45,6,0.06
70045,Indirect,2025,45,3,0.12
70045,Store,2025,45,2,0.08
70045,Ecom,2025,46,6,0.15
70045,Indirect,2025,46,3,0.14
70045,Store,2025,46,2,0.02
70045,Ecom,2025,47,5,0.19
70045,Indirect,2025,47,3,0.12
70045,Store,2025,47,2,0.02
70045,Ecom,2025,48,7,0.16
70045,Indirect,2025,48,4,0.12
70045,Store,2025,48,3,0.1
70045,Ecom,2025,49,5,0.12
70045,Indirect,2025,49,3,0.1
70045,Store,2025,49,2,0.19
70045,Ecom,2025,50,7,0.08
70045,Indirect,2025,50,4,0.04
70045,Store,2025,50,3,0.07
70045,Ecom,2025,51,7,0.12
70045,Indirect,2025,51,4,0.04
70045,Store,2025,51,2,0.09
70045,Ecom,2025,52,6,0.08
70045,Indirect,2025,52,3,0.02
70045,Store,2025,52,2,0.05
70046,Ecom,2024,1,7,0.18
70046,Indirect,2024,1,4,0.14
70046,Store,2024,1,3,0.09
70046,Ecom,2024,2,10,0.16
70046,Indirect,2024,2,6,0.08
70046,Store,2024,2,4,0.02
70046,Ecom,2024,3,6,0.14
70046,Indirect,2024,3,3,0.07
70046,Store,2024,3,2,0.11
70046,Ecom,2024,4,7,0.16
70046,Indirect,2024,4,4,0.13
70046,Store,2024,4,2,0.19
70046,Ecom,2024,5,9,0.13
70046,Indirect,2024,5,5,0.19
70046,Store,2024,5,3,0.16
70046,Ecom,2024,6,9,0.19
70046,Indirect,2024,6,5,0.19
70046,Store,2024,6,3,0.08
70046,Ecom,2024,7,9,0.08
70046,Indirect,2024,7,5,0.02
70046,Store,2024,7,3,0.02
70046,Ecom,2024,8,5,0.2
70046,Indirect,2024,8,3,0.18
70046,Store,2024,8,2,0.04
70046,Ecom,2024,9,10,0.09
70046,Indirect,2024,9,6,0.2
70046,Store,2024,9,4,0.0
70046,Ecom,2024,10,6,0.01
70046,Indirect,2024,10,3,0.15
70046,Store,2024,10,2,0.11
70046,Ecom,2024,11,10,0.08
70046,Indirect,2024,11,6,0.12
70046,Store,2024,11,4,0.12
70046,Ecom,2024,12,6,0.01
70046,Indirect,2024,12,3,0.18
70046,Store,2024,12,2,0.09
70046,Ecom,2024,13,7,0.08
70046,Indirect,2024,13,4,0.03
70046,Store,2024,13,2,0.15
70046,Ecom,2024,14,7,0.18
70046,Indirect,2024,14,4,0.19
70046,Store,2024,14,3,0.0
70046,Ecom,2024,15,6,0.17
70046,Indirect,2024,15,3,0.04
70046,Store,2024,15,2,0.09
70046,Ecom,2024,16,8,0.13
70046,Indirect,2024,16,4,0.03
70046,Store,2024,16,3,0.11
70046,Ecom,2024,17,5,0.1
70046,Indirect,2024,17,3,0.19
70046,Store,2024,17,2,0.15
70046,Ecom,2024,18,8,0.05
70046,Indirect,2024,18,4,0.19
70046,Store,2024,18,3,0.14
70046,Ecom,2024,19,7,0.12
70046,Indirect,2024,19,4,0.07
70046,Store,2024,19,3,0.12
70046,Ecom,2024,20,6,0.01
70046,Indirect,2024,20,3,0.16
70046,Store,2024,20,2,0.16
70046,Ecom,2024,21,8,0.11
70046,Indirect,2024,21,4,0.08
70046,Store,2024,21,3,0.09
70046,Ecom,2024,22,9,0.02
70046,Indirect,2024,22,5,0.0
70046,Store,2024,22,3,0.01
70046,Ecom,2024,23,7,0.15
70046,Indirect,2024,23,4,0.18
70046,Store,2024,23,3,0.09
70046,Ecom,2024,24,8,0.04
70046,Indirect,2024,24,4,0.01
70046,Store,2024,24,3,0.05
70046,Ecom,2024,25,8,0.04
70046,Indirect,2024,25,4,0.14
70046,Store,2024,25,3,0.14
70046,Ecom,2024,26,8,0.16
70046,Indirect,2024,26,4,0.02
70046,Store,2024,26,3,0.16
70046,Ecom,2024,27,7,0.19
70046,Indirect,2024,27,4,0.13
70046,Store,2024,27,2,0.12
70046,Ecom,2024,28,8,0.19
70046,Indirect,2024,28,5,0.01
70046,Store,2024,28,3,0.09
70046,Ecom,2024,29,9,0.09
70046,Indirect,2024,29,5,0.17
70046,Store,2024,29,3,0.12
70046,Ecom,2024,30,8,0.19
70046,Indirect,2024,30,4,0.05
70046,Store,2024,30,3,0.12
70046,Ecom,2024,31,7,0.18
70046,Indirect,2024,31,4,0.19
70046,Store,2024,31,2,0.17
70046,Ecom,2024,32,9,0.1
70046,Indirect,2024,32,5,0.15
70046,Store,2024,32,3,0.04
70046,Ecom,2024,33,7,0.2
70046,Indirect,2024,33,4,0.03
70046,Store,2024,33,3,0.05
70046,Ecom,2024,34,6,0.16
70046,Indirect,2024,34,3,0.09
70046,Store,2024,34,2,0.17
70046,Ecom,2024,35,10,0.0
70046,Indirect,2024,35,6,0.16
70046,Store,2024,35,4,0.06
70046,Ecom,2024,36,8,0.12
70046,Indirect,2024,36,5,0.17
70046,Store,2024,36,3,0.13
70046,Ecom,2024,37,6,0.05
70046,Indirect,2024,37,3,0.07
70046,Store,2024,37,2,0.06
70046,Ecom,2024,38,6,0.07
70046,Indirect,2024,38,3,0.04
70046,Store,2024,38,2,0.09
70046,Ecom,2024,39,6,0.0
70046,Indirect,2024,39,3,0.08
70046,Store,2024,39,2,0.08
70046,Ecom,2024,40,5,0.11
70046,Indirect,2024,40,3,0.18
70046,Store,2024,40,2,0.09
70046,Ecom,2024,41,8,0.14
70046,Indirect,2024,41,5,0.1
70046,Store,2024,41,3,0.09
70046,Ecom,2024,42,8,0.1
70046,Indirect,2024,42,4,0.17
70046,Store,2024,42,3,0.01
70046,Ecom,2024,43,7,0.08
70046,Indirect,2024,43,4,0.16
70046,Store,2024,43,3,0.11
70046,Ecom,2024,44,5,0.19
70046,Indirect,2024,44,3,0.16
70046,Store,2024,44,2,0.11
70046,Ecom,2024,45,7,0.1
70046,Indirect,2024,45,4,0.19
70046,Store,2024,45,2,0.18
70046,Ecom,2024,46,7,0.17
70046,Indirect,2024,46,4,0.06
70046,Store,2024,46,2,0.09
70046,Ecom,2024,47,8,0.06
70046,Indirect,2024,47,4,0.14
70046,Store,2024,47,3,0.11
70046,Ecom,2024,48,9,0.15
70046,Indirect,2024,48,5,0.06
70046,Store,2024,48,3,0.03
70046,Ecom,2024,49,8,0.03
70046,Indirect,2024,49,4,0.05
70046,Store,2024,49,3,0.07
70046,Ecom,2024,50,7,0.05
70046,Indirect,2024,50,4,0.2
70046,Store,2024,50,3,0.11
70046,Ecom,2024,51,7,0.12
70046,Indirect,2024,51,4,0.1
70046,Store,2024,51,3,0.2
70046,Ecom,2024,52,6,0.05
70046,Indirect,2024,52,3,0.16
70046,Store,2024,52,2,0.08
70046,Ecom,2025,1,6,0.11
70046,Indirect,2025,1,3,0.01
70046,Store,2025,1,2,0.0
70046,Ecom,2025,2,8,0.09
70046,Indirect,2025,2,5,0.15
70046,Store,2025,2,3,0.03
70046,Ecom,2025,3,6,0.13
70046,Indirect,2025,3,3,0.05
70046,Store,2025,3,2,0.17
70046,Ecom,2025,4,6,0.19
70046,Indirect,2025,4,3,0.03
70046,Store,2025,4,2,0.17
70046,Ecom,2025,5,8,0.15
70046,Indirect,2025,5,4,0.19
70046,Store,2025,5,3,0.16
70046,Ecom,2025,6,8,0.17
70046,Indirect,2025,6,4,0.14
70046,Store,2025,6,3,0.05
70046,Ecom,2025,7,8,0.17
70046,Indirect,2025,7,5,0.13
70046,Store,2025,7,3,0.07
70046,Ecom,2025,8,6,0.16
70046,Indirect,2025,8,3,0.05
70046,Store,2025,8,2,0.06
70046,Ecom,2025,9,7,0.0
70046,Indirect,2025,9,4,0.1
70046,Store,2025,9,2,0.08
70046,Ecom,2025,10,9,0.08
70046,Indirect,2025,10,5,0.16
70046,Store,2025,10,3,0.15
70046,Ecom,2025,11,10,0.03
70046,Indirect,2025,11,6,0.17
70046,Store,2025,11,4,0.05
70046,Ecom,2025,12,7,0.02
70046,Indirect,2025,12,4,0.19
70046,Store,2025,12,2,0.18
70046,Ecom,2025,13,6,0.19
70046,Indirect,2025,13,3,0.02
70046,Store,2025,13,2,0.01
70046,Ecom,2025,14,9,0.17
70046,Indirect,2025,14,5,0.12
70046,Store,2025,14,3,0.13
70046,Ecom,2025,15,10,0.19
70046,Indirect,2025,15,6,0.15
70046,Store,2025,15,4,0.05
70046,Ecom,2025,16,5,0.02
70046,Indirect,2025,16,3,0.11
70046,Store,2025,16,2,0.05
70046,Ecom,2025,17,10,0.06
70046,Indirect,2025,17,6,0.13
70046,Store,2025,17,4,0.1
70046,Ecom,2025,18,9,0.2
70046,Indirect,2025,18,5,0.1
70046,Store,2025,18,3,0.0
70046,Ecom,2025,19,7,0.05
70046,Indirect,2025,19,4,0.1
70046,Store,2025,19,2,0.18
70046,Ecom,2025,20,7,0.1
70046,Indirect,2025,20,4,0.07
70046,Store,2025,20,3,0.02
70046,Ecom,2025,21,7,0.16
70046,Indirect,2025,21,4,0.14
70046,Store,2025,21,3,0.01
70046,Ecom,2025,22,8,0.05
70046,Indirect,2025,22,5,0.02
70046,Store,2025,22,3,0.17
70046,Ecom,2025,23,6,0.01
70046,Indirect,2025,23,3,0.19
70046,Store,2025,23,2,0.09
70046,Ecom,2025,24,7,0.12
70046,Indirect,2025,24,4,0.07
70046,Store,2025,24,3,0.05
70046,Ecom,2025,25,9,0.14
70046,Indirect,2025,25,5,0.19
70046,Store,2025,25,3,0.1
70046,Ecom,2025,26,5,0.1
70046,Indirect,2025,26,3,0.19
70046,Store,2025,26,2,0.11
70046,Ecom,2025,27,8,0.11
70046,Indirect,2025,27,4,0.04
70046,Store,2025,27,3,0.19
70046,Ecom,2025,28,9,0.15
70046,Indirect,2025,28,5,0.03
70046,Store,2025,28,3,0.04
70046,Ecom,2025,29,6,0.02
70046,Indirect,2025,29,3,0.1
70046,Store,2025,29,2,0.03
70046,Ecom,2025,30,8,0.1
70046,Indirect,2025,30,5,0.14
70046,Store,2025,30,3,0.06
70046,Ecom,2025,31,7,0.14
70046,Indirect,2025,31,4,0.12
70046,Store,2025,31,3,0.19
70046,Ecom,2025,32,5,0.11
70046,Indirect,2025,32,3,0.05
70046,Store,2025,32,2,0.09
70046,Ecom,2025,33,9,0.17
70046,Indirect,2025,33,5,0.1
70046,Store,2025,33,3,0.01
70046,Ecom,2025,34,8,0.15
70046,Indirect,2025,34,5,0.15
70046,Store,2025,34,3,0.17
70046,Ecom,2025,35,8,0.06
70046,Indirect,2025,35,4,0.06
70046,Store,2025,35,3,0.05
70046,Ecom,2025,36,6,0.05
70046,Indirect,2025,36,3,0.02
70046,Store,2025,36,2,0.11
70046,Ecom,2025,37,8,0.14
70046,Indirect,2025,37,5,0.06
70046,Store,2025,37,3,0.13
70046,Ecom,2025,38,5,0.12
70046,Indirect,2025,38,3,0.1
70046,Store,2025,38,2,0.08
70046,Ecom,2025,39,7,0.04
70046,Indirect,2025,39,4,0.17
70046,Store,2025,39,2,0.17
70046,Ecom,2025,40,8,0.1
70046,Indirect,2025,40,4,0.11
70046,Store,2025,40,3,0.2
70046,Ecom,2025,41,8,0.01
70046,Indirect,2025,41,5,0.17
70046,Store,2025,41,3,0.08
70046,Ecom,2025,42,5,0.15
70046,Indirect,2025,42,3,0.09
70046,Store,2025,42,2,0.03
70046,Ecom,2025,43,5,0.01
70046,Indirect,2025,43,3,0.07
70046,Store,2025,43,2,0.14
70046,Ecom,2025,44,9,0.03
70046,Indirect,2025,44,5,0.04
70046,Store,2025,44,3,0.05
70046,Ecom,2025,45,9,0.13
70046,Indirect,2025,45,5,0.09
70046,Store,2025,45,3,0.12
70046,Ecom,2025,46,6,0.03
70046,Indirect,2025,46,3,0.14
70046,Store,2025,46,2,0.09
70046,Ecom,2025,47,5,0.15
70046,Indirect,2025,47,3,0.06
70046,Store,2025,47,2,0.13
70046,Ecom,2025,48,7,0.15
70046,Indirect,2025,48,4,0.09
70046,Store,2025,48,2,0.18
70046,Ecom,2025,49,8,0.03
70046,Indirect,2025,49,5,0.0
70046,Store,2025,49,3,0.12
70046,Ecom,2025,50,6,0.09
70046,Indirect,2025,50,3,0.04
70046,Store,2025,50,2,0.19
70046,Ecom,2025,51,6,0.09
70046,Indirect,2025,51,3,0.18
70046,Store,2025,51,2,0.04
70046,Ecom,2025,52,7,0.01
70046,Indirect,2025,52,4,0.05
70046,Store,2025,52,3,0.18
70047,Ecom,2024,1,5,0.07
70047,Indirect,2024,1,3,0.17
70047,Store,2024,1,2,0.06
70047,Ecom,2024,2,6,0.08
70047,Indirect,2024,2,3,0.07
70047,Store,2024,2,2,0.05
70047,Ecom,2024,3,5,0.09
70047,Indirect,2024,3,3,0.08
70047,Store,2024,3,2,0.15
70047,Ecom,2024,4,5,0.06
70047,Indirect,2024,4,3,0.06
70047,Store,2024,4,2,0.06
70047,Ecom,2024,5,7,0.0
70047,Indirect,2024,5,4,0.17
70047,Store,2024,5,3,0.06
70047,Ecom,2024,6,8,0.01
70047,Indirect,2024,6,4,0.14
70047,Store,2024,6,3,0.1
70047,Ecom,2024,7,6,0.19
70047,Indirect,2024,7,3,0.19
70047,Store,2024,7,2,0.18
70047,Ecom,2024,8,5,0.06
70047,Indirect,2024,8,3,0.18
70047,Store,2024,8,2,0.09
70047,Ecom,2024,9,7,0.1
70047,Indirect,2024,9,4,0.12
70047,Store,2024,9,2,0.14
70047,Ecom,2024,10,7,0.09
70047,Indirect,2024,10,4,0.01
70047,Store,2024,10,3,0.04
70047,Ecom,2024,11,7,0.19
70047,Indirect,2024,11,4,0.12
70047,Store,2024,11,3,0.09
70047,Ecom,2024,12,5,0.12
70047,Indirect,2024,12,3,0.1
70047,Store,2024,12,2,0.08
70047,Ecom,2024,13,4,0.06
70047,Indirect,2024,13,2,0.13
70047,Store,2024,13,1,0.07
70047,Ecom,2024,14,7,0.06
70047,Indirect,2024,14,4,0.17
70047,Store,2024,14,2,0.12
70047,Ecom,2024,15,5,0.19
70047,Indirect,2024,15,3,0.08
70047,Store,2024,15,2,0.19
70047,Ecom,2024,16,5,0.2
70047,Indirect,2024,16,3,0.18
70047,Store,2024,16,2,0.11
70047,Ecom,2024,17,7,0.15
70047,Indirect,2024,17,4,0.14
70047,Store,2024,17,3,0.07
70047,Ecom,2024,18,8,0.16
70047,Indirect,2024,18,4,0.14
70047,Store,2024,18,3,0.15
70047,Ecom,2024,19,5,0.02
70047,Indirect,2024,19,3,0.19
70047,Store,2024,19,2,0.06
70047,Ecom,2024,20,5,0.18
70047,Indirect,2024,20,3,0.13
70047,Store,2024,20,2,0.02
70047,Ecom,2024,21,6,0.01
70047,Indirect,2024,21,3,0.19
70047,Store,2024,21,2,0.02
70047,Ecom,2024,22,5,0.13
70047,Indirect,2024,22,3,0.12
70047,Store,2024,22,2,0.04
70047,Ecom,2024,23,5,0.08
70047,Indirect,2024,23,3,0.12
70047,Store,2024,23,2,0.0
70047,Ecom,2024,24,6,0.12
70047,Indirect,2024,24,3,0.14
70047,Store,2024,24,2,0.12
70047,Ecom,2024,25,6,0.07
70047,Indirect,2024,25,3,0.07
70047,Store,2024,25,2,0.16
70047,Ecom,2024,26,5,0.13
70047,Indirect,2024,26,3,0.12
70047,Store,2024,26,2,0.19
70047,Ecom,2024,27,4,0.12
70047,Indirect,2024,27,2,0.04
70047,Store,2024,27,1,0.13
70047,Ecom,2024,28,5,0.11
70047,Indirect,2024,28,3,0.07
70047,Store,2024,28,2,0.04
70047,Ecom,2024,29,7,0.07
70047,Indirect,2024,29,4,0.12
70047,Store,2024,29,2,0.13
70047,Ecom,2024,30,4,0.17
70047,Indirect,2024,30,2,0.11
70047,Store,2024,30,1,0.08
70047,Ecom,2024,31,4,0.01
70047,Indirect,2024,31,2,0.08
70047,Store,2024,31,1,0.12
70047,Ecom,2024,32,7,0.08
70047,Indirect,2024,32,4,0.09
70047,Store,2024,32,2,0.14
70047,Ecom,2024,33,7,0.17
70047,Indirect,2024,33,4,0.17
70047,Store,2024,33,2,0.06
70047,Ecom,2024,34,6,0.1
70047,Indirect,2024,34,3,0.09
70047,Store,2024,34,2,0.19
70047,Ecom,2024,35,8,0.11
70047,Indirect,2024,35,4,0.16
70047,Store,2024,35,3,0.0
70047,Ecom,2024,36,5,0.17
70047,Indirect,2024,36,3,0.19
70047,Store,2024,36,2,0.16
70047,Ecom,2024,37,8,0.18
70047,Indirect,2024,37,4,0.0
70047,Store,2024,37,3,0.01
70047,Ecom,2024,38,7,0.2
70047,Indirect,2024,38,4,0.07
70047,Store,2024,38,3,0.08
70047,Ecom,2024,39,6,0.08
70047,Indirect,2024,39,3,0.14
70047,Store,2024,39,2,0.04
70047,Ecom,2024,40,7,0.18
70047,Indirect,2024,40,4,0.02
70047,Store,2024,40,3,0.17
70047,Ecom,2024,41,8,0.15
70047,Indirect,2024,41,4,0.17
70047,Store,2024,41,3,0.07
70047,Ecom,2024,42,8,0.11
70047,Indirect,2024,42,4,0.05
70047,Store,2024,42,3,0.2
70047,Ecom,2024,43,5,0.04
70047,Indirect,2024,43,3,0.19
70047,Store,2024,43,2,0.05
70047,Ecom,2024,44,5,0.04
70047,Indirect,2024,44,3,0.12
70047,Store,2024,44,2,0.03
70047,Ecom,2024,45,6,0.08
70047,Indirect,2024,45,3,0.02
70047,Store,2024,45,2,0.04
70047,Ecom,2024,46,6,0.18
70047,Indirect,2024,46,3,0.17
70047,Store,2024,46,2,0.01
70047,Ecom,2024,47,5,0.08
70047,Indirect,2024,47,3,0.17
70047,Store,2024,47,2,0.08
70047,Ecom,2024,48,6,0.07
70047,Indirect,2024,48,3,0.04
70047,Store,2024,48,2,0.07
70047,Ecom,2024,49,5,0.06
70047,Indirect,2024,49,3,0.1
70047,Store,2024,49,2,0.19
70047,Ecom,2024,50,6,0.2
70047,Indirect,2024,50,3,0.13
70047,Store,2024,50,2,0.17
70047,Ecom,2024,51,7,0.14
70047,Indirect,2024,51,4,0.19
70047,Store,2024,51,2,0.17
70047,Ecom,2024,52,6,0.0
70047,Indirect,2024,52,3,0.17
70047,Store,2024,52,2,0.06
70047,Ecom,2025,1,8,0.18
70047,Indirect,2025,1,4,0.18
70047,Store,2025,1,3,0.14
70047,Ecom,2025,2,6,0.1
70047,Indirect,2025,2,3,0.18
70047,Store,2025,2,2,0.2
70047,Ecom,2025,3,7,0.17
70047,Indirect,2025,3,4,0.09
70047,Store,2025,3,3,0.19
70047,Ecom,2025,4,7,0.03
70047,Indirect,2025,4,4,0.2
70047,Store,2025,4,3,0.01
70047,Ecom,2025,5,6,0.01
70047,Indirect,2025,5,3,0.1
70047,Store,2025,5,2,0.03
70047,Ecom,2025,6,7,0.19
70047,Indirect,2025,6,4,0.05
70047,Store,2025,6,3,0.16
70047,Ecom,2025,7,4,0.16
70047,Indirect,2025,7,2,0.01
70047,Store,2025,7,1,0.16
70047,Ecom,2025,8,7,0.19
70047,Indirect,2025,8,4,0.11
70047,Store,2025,8,2,0.06
70047,Ecom,2025,9,5,0.06
70047,Indirect,2025,9,3,0.1
70047,Store,2025,9,2,0.08
70047,Ecom,2025,10,6,0.2
70047,Indirect,2025,10,3,0.2
70047,Store,2025,10,2,0.02
70047,Ecom,2025,11,5,0.07
70047,Indirect,2025,11,3,0.09
70047,Store,2025,11,2,0.05
70047,Ecom,2025,12,5,0.06
70047,Indirect,2025,12,3,0.17
70047,Store,2025,12,2,0.16
70047,Ecom,2025,13,6,0.12
70047,Indirect,2025,13,3,0.09
70047,Store,2025,13,2,0.04
70047,Ecom,2025,14,7,0.04
70047,Indirect,2025,14,4,0.02
70047,Store,2025,14,3,0.12
70047,Ecom,2025,15,6,0.04
70047,Indirect,2025,15,3,0.04
70047,Store,2025,15,2,0.13
70047,Ecom,2025,16,7,0.08
70047,Indirect,2025,16,4,0.06
70047,Store,2025,16,3,0.1
70047,Ecom,2025,17,5,0.09
70047,Indirect,2025,17,3,0.13
70047,Store,2025,17,2,0.07
70047,Ecom,2025,18,5,0.01
70047,Indirect,2025,18,3,0.18
70047,Store,2025,18,2,0.05
70047,Ecom,2025,19,8,0.12
70047,Indirect,2025,19,4,0.1
70047,Store,2025,19,3,0.11
70047,Ecom,2025,20,5,0.17
70047,Indirect,2025,20,3,0.13
70047,Store,2025,20,2,0.12
70047,Ecom,2025,21,5,0.03
70047,Indirect,2025,21,3,0.13
70047,Store,2025,21,2,0.03
70047,Ecom,2025,22,5,0.06
70047,Indirect,2025,22,3,0.18
70047,Store,2025,22,2,0.01
70047,Ecom,2025,23,6,0.19
70047,Indirect,2025,23,3,0.1
70047,Store,2025,23,2,0.17
70047,Ecom,2025,24,6,0.11
70047,Indirect,2025,24,3,0.08
70047,Store,2025,24,2,0.06
70047,Ecom,2025,25,8,0.11
70047,Indirect,2025,25,4,0.08
70047,Store,2025,25,3,0.1
70047,Ecom,2025,26,7,0.14
70047,Indirect,2025,26,4,0.08
70047,Store,2025,26,2,0.16
70047,Ecom,2025,27,7,0.11
70047,Indirect,2025,27,4,0.2
70047,Store,2025,27,2,0.07
70047,Ecom,2025,28,4,0.12
70047,Indirect,2025,28,2,0.13
70047,Store,2025,28,1,0.19
70047,Ecom,2025,29,7,0.12
70047,Indirect,2025,29,4,0.04
70047,Store,2025,29,2,0.1
70047,Ecom,2025,30,5,0.07
70047,Indirect,2025,30,3,0.05
70047,Store,2025,30,2,0.15
70047,Ecom,2025,31,8,0.19
70047,Indirect,2025,31,4,0.06
70047,Store,2025,31,3,0.15
70047,Ecom,2025,32,7,0.14
70047,Indirect,2025,32,4,0.04
70047,Store,2025,32,2,0.15
70047,Ecom,2025,33,5,0.13
70047,Indirect,2025,33,3,0.09
70047,Store,2025,33,2,0.15
70047,Ecom,2025,34,5,0.17
70047,Indirect,2025,34,3,0.05
70047,Store,2025,34,2,0.13
70047,Ecom,2025,35,5,0.09
70047,Indirect,2025,35,3,0.17
70047,Store,2025,35,2,0.07
70047,Ecom,2025,36,7,0.04
70047,Indirect,2025,36,4,0.04
70047,Store,2025,36,3,0.02
70047,Ecom,2025,37,5,0.1
70047,Indirect,2025,37,3,0.0
70047,Store,2025,37,2,0.06
70047,Ecom,2025,38,5,0.15
70047,Indirect,2025,38,3,0.09
70047,Store,2025,38,2,0.14
70047,Ecom,2025,39,7,0.1
70047,Indirect,2025,39,4,0.12
70047,Store,2025,39,2,0.11
70047,Ecom,2025,40,4,0.09
70047,Indirect,2025,40,2,0.19
70047,Store,2025,40,1,0.11
70047,Ecom,2025,41,6,0.02
70047,Indirect,2025,41,3,0.03
70047,Store,2025,41,2,0.13
70047,Ecom,2025,42,5,0.11
70047,Indirect,2025,42,3,0.03
70047,Store,2025,42,2,0.18
70047,Ecom,2025,43,7,0.03
70047,Indirect,2025,43,4,0.04
70047,Store,2025,43,3,0.07
70047,Ecom,2025,44,8,0.04
70047,Indirect,2025,44,4,0.13
70047,Store,2025,44,3,0.18
70047,Ecom,2025,45,7,0.04
70047,Indirect,2025,45,4,0.18
70047,Store,2025,45,3,0.14
70047,Ecom,2025,46,5,0.14
70047,Indirect,2025,46,3,0.19
70047,Store,2025,46,2,0.03
70047,Ecom,2025,47,5,0.19
70047,Indirect,2025,47,3,0.19
70047,Store,2025,47,2,0.04
70047,Ecom,2025,48,7,0.13
70047,Indirect,2025,48,4,0.16
70047,Store,2025,48,3,0.2
70047,Ecom,2025,49,6,0.1
70047,Indirect,2025,49,3,0.19
70047,Store,2025,49,2,0.02
70047,Ecom,2025,50,6,0.15
70047,Indirect,2025,50,3,0.05
70047,Store,2025,50,2,0.05
70047,Ecom,2025,51,7,0.16
70047,Indirect,2025,51,4,0.02
70047,Store,2025,51,2,0.15
70047,Ecom,2025,52,7,0.16
70047,Indirect,2025,52,4,0.13
70047,Store,2025,52,3,0.0
70048,Ecom,2024,1,8,0.1
70048,Indirect,2024,1,5,0.05
70048,Store,2024,1,3,0.01
70048,Ecom,2024,2,6,0.08
70048,Indirect,2024,2,3,0.17
70048,Store,2024,2,2,0.08
70048,Ecom,2024,3,8,0.16
70048,Indirect,2024,3,5,0.11
70048,Store,2024,3,3,0.01
70048,Ecom,2024,4,6,0.11
70048,Indirect,2024,4,3,0.15
70048,Store,2024,4,2,0.04
70048,Ecom,2024,5,9,0.17
70048,Indirect,2024,5,5,0.12
70048,Store,2024,5,3,0.09
70048,Ecom,2024,6,9,0.08
70048,Indirect,2024,6,5,0.01
70048,Store,2024,6,3,0.09
70048,Ecom,2024,7,6,0.07
70048,Indirect,2024,7,3,0.0
70048,Store,2024,7,2,0.18
70048,Ecom,2024,8,8,0.0
70048,Indirect,2024,8,4,0.11
70048,Store,2024,8,3,0.17
70048,Ecom,2024,9,6,0.02
70048,Indirect,2024,9,3,0.01
70048,Store,2024,9,2,0.06
70048,Ecom,2024,10,9,0.04
70048,Indirect,2024,10,5,0.11
70048,Store,2024,10,3,0.01
70048,Ecom,2024,11,9,0.12
70048,Indirect,2024,11,5,0.09
70048,Store,2024,11,3,0.05
70048,Ecom,2024,12,8,0.04
70048,Indirect,2024,12,4,0.06
70048,Store,2024,12,3,0.04
70048,Ecom,2024,13,8,0.11
70048,Indirect,2024,13,5,0.16
70048,Store,2024,13,3,0.06
70048,Ecom,2024,14,9,0.11
70048,Indirect,2024,14,5,0.01
70048,Store,2024,14,3,0.17
70048,Ecom,2024,15,8,0.2
70048,Indirect,2024,15,4,0.06
70048,Store,2024,15,3,0.08
70048,Ecom,2024,16,10,0.12
70048,Indirect,2024,16,6,0.11
70048,Store,2024,16,4,0.19
70048,Ecom,2024,17,5,0.01
70048,Indirect,2024,17,3,0.07
70048,Store,2024,17,2,0.03
70048,Ecom,2024,18,7,0.18
70048,Indirect,2024,18,4,0.18
70048,Store,2024,18,2,0.03
70048,Ecom,2024,19,9,0.19
70048,Indirect,2024,19,5,0.02
70048,Store,2024,19,3,0.12
70048,Ecom,2024,20,10,0.13
70048,Indirect,2024,20,6,0.18
70048,Store,2024,20,4,0.06
70048,Ecom,2024,21,10,0.02
70048,Indirect,2024,21,6,0.02
70048,Store,2024,21,4,0.02
70048,Ecom,2024,22,6,0.12
70048,Indirect,2024,22,3,0.14
70048,Store,2024,22,2,0.13
70048,Ecom,2024,23,9,0.09
70048,Indirect,2024,23,5,0.2
70048,Store,2024,23,3,0.07
70048,Ecom,2024,24,7,0.12
70048,Indirect,2024,24,4,0.03
70048,Store,2024,24,2,0.15
70048,Ecom,2024,25,9,0.0
70048,Indirect,2024,25,5,0.06
70048,Store,2024,25,3,0.13
70048,Ecom,2024,26,5,0.05
70048,Indirect,2024,26,3,0.03
70048,Store,2024,26,2,0.11
70048,Ecom,2024,27,10,0.16
70048,Indirect,2024,27,6,0.0
70048,Store,2024,27,4,0.03
70048,Ecom,2024,28,8,0.06
70048,Indirect,2024,28,5,0.18
70048,Store,2024,28,3,0.13
70048,Ecom,2024,29,6,0.03
70048,Indirect,2024,29,3,0.15
70048,Store,2024,29,2,0.02
70048,Ecom,2024,30,10,0.05
70048,Indirect,2024,30,6,0.01
70048,Store,2024,30,4,0.18
70048,Ecom,2024,31,6,0.03
70048,Indirect,2024,31,3,0.17
70048,Store,2024,31,2,0.19
70048,Ecom,2024,32,7,0.07
70048,Indirect,2024,32,4,0.04
70048,Store,2024,32,3,0.07
70048,Ecom,2024,33,5,0.05
70048,Indirect,2024,33,3,0.18
70048,Store,2024,33,2,0.11
70048,Ecom,2024,34,6,0.03
70048,Indirect,2024,34,3,0.19
70048,Store,2024,34,2,0.05
70048,Ecom,2024,35,6,0.16
70048,Indirect,2024,35,3,0.0
70048,Store,2024,35,2,0.13
70048,Ecom,2024,36,7,0.06
70048,Indirect,2024,36,4,0.05
70048,Store,2024,36,2,0.15
70048,Ecom,2024,37,9,0.09
70048,Indirect,2024,37,5,0.01
70048,Store,2024,37,3,0.14
70048,Ecom,2024,38,6,0.11
70048,Indirect,2024,38,3,0.2
70048,Store,2024,38,2,0.05
70048,Ecom,2024,39,8,0.18
70048,Indirect,2024,39,5,0.19
70048,Store,2024,39,3,0.16
70048,Ecom,2024,40,6,0.1
70048,Indirect,2024,40,3,0.03
70048,Store,2024,40,2,0.09
70048,Ecom,2024,41,6,0.1
70048,Indirect,2024,41,3,0.16
70048,Store,2024,41,2,0.07
70048,Ecom,2024,42,8,0.18
70048,Indirect,2024,42,4,0.18
70048,Store,2024,42,3,0.12
70048,Ecom,2024,43,8,0.06
70048,Indirect,2024,43,5,0.08
70048,Store,2024,43,3,0.16
70048,Ecom,2024,44,9,0.07
70048,Indirect,2024,44,5,0.07
70048,Store,2024,44,3,0.1
70048,Ecom,2024,45,5,0.0
70048,Indirect,2024,45,3,0.05
70048,Store,2024,45,2,0.05
70048,Ecom,2024,46,8,0.09
70048,Indirect,2024,46,5,0.1
70048,Store,2024,46,3,0.04
70048,Ecom,2024,47,8,0.09
70048,Indirect,2024,47,5,0.11
70048,Store,2024,47,3,0.07
70048,Ecom,2024,48,6,0.07
70048,Indirect,2024,48,3,0.04
70048,Store,2024,48,2,0.14
70048,Ecom,2024,49,8,0.1
70048,Indirect,2024,49,4,0.1
70048,Store,2024,49,3,0.15
70048,Ecom,2024,50,9,0.18
70048,Indirect,2024,50,5,0.16
70048,Store,2024,50,3,0.11
70048,Ecom,2024,51,9,0.02
70048,Indirect,2024,51,5,0.04
70048,Store,2024,51,3,0.17
70048,Ecom,2024,52,6,0.17
70048,Indirect,2024,52,3,0.13
70048,Store,2024,52,2,0.13
70048,Ecom,2025,1,9,0.15
70048,Indirect,2025,1,5,0.17
70048,Store,2025,1,3,0.17
70048,Ecom,2025,2,6,0.08
70048,Indirect,2025,2,3,0.09
70048,Store,2025,2,2,0.17
70048,Ecom,2025,3,8,0.01
70048,Indirect,2025,3,4,0.05
70048,Store,2025,3,3,0.07
70048,Ecom,2025,4,5,0.1
70048,Indirect,2025,4,3,0.05
70048,Store,2025,4,2,0.02
70048,Ecom,2025,5,7,0.19
70048,Indirect,2025,5,4,0.09
70048,Store,2025,5,3,0.07
70048,Ecom,2025,6,6,0.06
70048,Indirect,2025,6,3,0.08
70048,Store,2025,6,2,0.13
70048,Ecom,2025,7,5,0.19
70048,Indirect,2025,7,3,0.09
70048,Store,2025,7,2,0.15
70048,Ecom,2025,8,7,0.17
70048,Indirect,2025,8,4,0.16
70048,Store,2025,8,3,0.09
70048,Ecom,2025,9,7,0.02
70048,Indirect,2025,9,4,0.1
70048,Store,2025,9,2,0.1
70048,Ecom,2025,10,8,0.12
70048,Indirect,2025,10,5,0.05
70048,Store,2025,10,3,0.0
70048,Ecom,2025,11,6,0.09
70048,Indirect,2025,11,3,0.0
70048,Store,2025,11,2,0.09
70048,Ecom,2025,12,8,0.16
70048,Indirect,2025,12,4,0.04
70048,Store,2025,12,3,0.19
70048,Ecom,2025,13,7,0.1
70048,Indirect,2025,13,4,0.14
70048,Store,2025,13,2,0.11
70048,Ecom,2025,14,5,0.15
70048,Indirect,2025,14,3,0.13
70048,Store,2025,14,2,0.07
70048,Ecom,2025,15,6,0.2
70048,Indirect,2025,15,3,0.08
70048,Store,2025,15,2,0.03
70048,Ecom,2025,16,8,0.14
70048,Indirect,2025,16,4,0.04
70048,Store,2025,16,3,0.05
70048,Ecom,2025,17,6,0.05
70048,Indirect,2025,17,3,0.19
70048,Store,2025,17,2,0.0
70048,Ecom,2025,18,7,0.06
70048,Indirect,2025,18,4,0.19
70048,Store,2025,18,2,0.05
70048,Ecom,2025,19,5,0.09
70048,Indirect,2025,19,3,0.15
70048,Store,2025,19,2,0.1
70048,Ecom,2025,20,8,0.09
70048,Indirect,2025,20,5,0.18
70048,Store,2025,20,3,0.1
70048,Ecom,2025,21,5,0.04
70048,Indirect,2025,21,3,0.12
70048,Store,2025,21,2,0.0
70048,Ecom,2025,22,5,0.11
70048,Indirect,2025,22,3,0.18
70048,Store,2025,22,2,0.14
70048,Ecom,2025,23,8,0.19
70048,Indirect,2025,23,4,0.15
70048,Store,2025,23,3,0.12
70048,Ecom,2025,24,8,0.09
70048,Indirect,2025,24,4,0.08
70048,Store,2025,24,3,0.06
70048,Ecom,2025,25,8,0.12
70048,Indirect,2025,25,5,0.14
70048,Store,2025,25,3,0.14
70048,Ecom,2025,26,7,0.03
70048,Indirect,2025,26,4,0.07
70048,Store,2025,26,2,0.11
70048,Ecom,2025,27,8,0.04
70048,Indirect,2025,27,4,0.08
70048,Store,2025,27,3,0.1
70048,Ecom,2025,28,10,0.03
70048,Indirect,2025,28,6,0.07
70048,Store,2025,28,4,0.17
70048,Ecom,2025,29,6,0.1
70048,Indirect,2025,29,3,0.11
70048,Store,2025,29,2,0.17
70048,Ecom,2025,30,10,0.12
70048,Indirect,2025,30,6,0.1
70048,Store,2025,30,4,0.18
70048,Ecom,2025,31,6,0.08
70048,Indirect,2025,31,3,0.12
70048,Store,2025,31,2,0.07
70048,Ecom,2025,32,8,0.03
70048,Indirect,2025,32,4,0.2
70048,Store,2025,32,3,0.03
70048,Ecom,2025,33,9,0.01
70048,Indirect,2025,33,5,0.17
70048,Store,2025,33,3,0.03
70048,Ecom,2025,34,8,0.08
70048,Indirect,2025,34,4,0.11
70048,Store,2025,34,3,0.07
70048,Ecom,2025,35,10,0.14
70048,Indirect,2025,35,6,0.01
70048,Store,2025,35,4,0.0
70048,Ecom,2025,36,8,0.1
70048,Indirect,2025,36,5,0.19
70048,Store,2025,36,3,0.11
70048,Ecom,2025,37,7,0.02
70048,Indirect,2025,37,4,0.14
70048,Store,2025,37,3,0.06
70048,Ecom,2025,38,10,0.17
70048,Indirect,2025,38,6,0.17
70048,Store,2025,38,4,0.03
70048,Ecom,2025,39,8,0.04
70048,Indirect,2025,39,4,0.14
70048,Store,2025,39,3,0.07
70048,Ecom,2025,40,9,0.01
70048,Indirect,2025,40,5,0.03
70048,Store,2025,40,3,0.18
70048,Ecom,2025,41,8,0.08
70048,Indirect,2025,41,4,0.0
70048,Store,2025,41,3,0.05
70048,Ecom,2025,42,7,0.1
70048,Indirect,2025,42,4,0.13
70048,Store,2025,42,2,0.03
70048,Ecom,2025,43,9,0.0
70048,Indirect,2025,43,5,0.18
70048,Store,2025,43,3,0.08
70048,Ecom,2025,44,9,0.14
70048,Indirect,2025,44,5,0.07
70048,Store,2025,44,3,0.15
70048,Ecom,2025,45,9,0.18
70048,Indirect,2025,45,5,0.16
70048,Store,2025,45,3,0.07
70048,Ecom,2025,46,9,0.09
70048,Indirect,2025,46,5,0.15
70048,Store,2025,46,3,0.01
70048,Ecom,2025,47,8,0.06
70048,Indirect,2025,47,4,0.11
70048,Store,2025,47,3,0.15
70048,Ecom,2025,48,6,0.06
70048,Indirect,2025,48,3,0.15
70048,Store,2025,48,2,0.08
70048,Ecom,2025,49,8,0.07
70048,Indirect,2025,49,5,0.14
70048,Store,2025,49,3,0.13
70048,Ecom,2025,50,8,0.07
70048,Indirect,2025,50,4,0.07
70048,Store,2025,50,3,0.15
70048,Ecom,2025,51,9,0.06
70048,Indirect,2025,51,5,0.07
70048,Store,2025,51,3,0.07
70048,Ecom,2025,52,9,0.19
70048,Indirect,2025,52,5,0.03
70048,Store,2025,52,3,0.16
70049,Ecom,2024,1,3,0.16
70049,Indirect,2024,1,1,0.13
70049,Store,2024,1,1,0.09
70049,Ecom,2024,2,4,0.05
70049,Indirect,2024,2,2,0.11
70049,Store,2024,2,1,0.03
70049,Ecom,2024,3,3,0.09
70049,Indirect,2024,3,2,0.13
70049,Store,2024,3,1,0.14
70049,Ecom,2024,4,3,0.01
70049,Indirect,2024,4,1,0.07
70049,Store,2024,4,1,0.05
70049,Ecom,2024,5,3,0.13
70049,Indirect,2024,5,1,0.15
70049,Store,2024,5,1,0.13
70049,Ecom,2024,6,4,0.1
70049,Indirect,2024,6,2,0.11
70049,Store,2024,6,1,0.02
70049,Ecom,2024,7,4,0.08
70049,Indirect,2024,7,2,0.03
70049,Store,2024,7,1,0.01
70049,Ecom,2024,8,3,0.06
70049,Indirect,2024,8,1,0.19
70049,Store,2024,8,1,0.19
70049,Ecom,2024,9,5,0.06
70049,Indirect,2024,9,3,0.04
70049,Store,2024,9,2,0.03
70049,Ecom,2024,10,3,0.12
70049,Indirect,2024,10,1,0.1
70049,Store,2024,10,1,0.05
70049,Ecom,2024,11,4,0.1
70049,Indirect,2024,11,2,0.17
70049,Store,2024,11,1,0.18
70049,Ecom,2024,12,4,0.08
70049,Indirect,2024,12,2,0.19
70049,Store,2024,12,1,0.09
70049,Ecom,2024,13,3,0.05
70049,Indirect,2024,13,2,0.1
70049,Store,2024,13,1,0.12
70049,Ecom,2024,14,4,0.08
70049,Indirect,2024,14,2,0.02
70049,Store,2024,14,1,0.16
70049,Ecom,2024,15,4,0.0
70049,Indirect,2024,15,2,0.14
70049,Store,2024,15,1,0.15
70049,Ecom,2024,16,3,0.06
70049,Indirect,2024,16,2,0.08
70049,Store,2024,16,1,0.19
70049,Ecom,2024,17,4,0.1
70049,Indirect,2024,17,2,0.19
70049,Store,2024,17,1,0.07
70049,Ecom,2024,18,3,0.14
70049,Indirect,2024,18,1,0.11
70049,Store,2024,18,1,0.05
70049,Ecom,2024,19,5,0.14
70049,Indirect,2024,19,3,0.01
70049,Store,2024,19,2,0.13
70049,Ecom,2024,20,3,0.03
70049,Indirect,2024,20,1,0.1
70049,Store,2024,20,1,0.17
70049,Ecom,2024,21,2,0.02
70049,Indirect,2024,21,1,0.15
70049,Store,2024,21,1,0.02
70049,Ecom,2024,22,3,0.16
70049,Indirect,2024,22,2,0.04
70049,Store,2024,22,1,0.1
70049,Ecom,2024,23,2,0.06
70049,Indirect,2024,23,1,0.04
70049,Store,2024,23,1,0.06
70049,Ecom,2024,24,3,0.04
70049,Indirect,2024,24,2,0.16
70049,Store,2024,24,1,0.12
70049,Ecom,2024,25,3,0.13
70049,Indirect,2024,25,1,0.04
70049,Store,2024,25,1,0.03
70049,Ecom,2024,26,4,0.13
70049,Indirect,2024,26,2,0.02
70049,Store,2024,26,1,0.19
70049,Ecom,2024,27,3,0.01
70049,Indirect,2024,27,1,0.11
70049,Store,2024,27,1,0.04
70049,Ecom,2024,28,3,0.06
70049,Indirect,2024,28,2,0.17
70049,Store,2024,28,1,0.06
70049,Ecom,2024,29,3,0.17
70049,Indirect,2024,29,2,0.14
70049,Store,2024,29,1,0.15
70049,Ecom,2024,30,3,0.07
70049,Indirect,2024,30,2,0.13
70049,Store,2024,30,1,0.14
70049,Ecom,2024,31,3,0.13
70049,Indirect,2024,31,1,0.01
70049,Store,2024,31,1,0.02
70049,Ecom,2024,32,3,0.01
70049,Indirect,2024,32,2,0.02
70049,Store,2024,32,1,0.1
70049,Ecom,2024,33,4,0.05
70049,Indirect,2024,33,2,0.01
70049,Store,2024,33,1,0.06
70049,Ecom,2024,34,3,0.17
70049,Indirect,2024,34,1,0.14
70049,Store,2024,34,1,0.03
70049,Ecom,2024,35,3,0.05
70049,Indirect,2024,35,2,0.05
70049,Store,2024,35,1,0.14
70049,Ecom,2024,36,4,0.16
70049,Indirect,2024,36,2,0.15
70049,Store,2024,36,1,0.1
70049,Ecom,2024,37,4,0.15
70049,Indirect,2024,37,2,0.19
70049,Store,2024,37,1,0.05
70049,Ecom,2024,38,4,0.13
70049,Indirect,2024,38,2,0.11
70049,Store,2024,38,1,0.12
70049,Ecom,2024,39,2,0.02
70049,Indirect,2024,39,1,0.16
70049,Store,2024,39,1,0.06
70049,Ecom,2024,40,4,0.01
70049,Indirect,2024,40,2,0.19
70049,Store,2024,40,1,0.02
70049,Ecom,2024,41,4,0.14
70049,Indirect,2024,41,2,0.18
70049,Store,2024,41,1,0.19
70049,Ecom,2024,42,4,0.1
70049,Indirect,2024,42,2,0.15
70049,Store,2024,42,1,0.04
70049,Ecom,2024,43,4,0.15
70049,Indirect,2024,43,2,0.06
70049,Store,2024,43,1,0.1
70049,Ecom,2024,44,5,0.18
70049,Indirect,2024,44,3,0.1
70049,Store,2024,44,2,0.19
70049,Ecom,2024,45,4,0.16
70049,Indirect,2024,45,2,0.17
70049,Store,2024,45,1,0.19
70049,Ecom,2024,46,4,0.05
70049,Indirect,2024,46,2,0.19
70049,Store,2024,46,1,0.06
70049,Ecom,2024,47,3,0.09
70049,Indirect,2024,47,1,0.05
70049,Store,2024,47,1,0.1
70049,Ecom,2024,48,3,0.03
70049,Indirect,2024,48,2,0.06
70049,Store,2024,48,1,0.14
70049,Ecom,2024,49,4,0.18
70049,Indirect,2024,49,2,0.07
70049,Store,2024,49,1,0.09
70049,Ecom,2024,50,3,0.14
70049,Indirect,2024,50,1,0.16
70049,Store,2024,50,1,0.16
70049,Ecom,2024,51,4,0.11
70049,Indirect,2024,51,2,0.03
70049,Store,2024,51,1,0.04
70049,Ecom,2024,52,4,0.01
70049,Indirect,2024,52,2,0.17
70049,Store,2024,52,1,0.04
70049,Ecom,2025,1,3,0.08
70049,Indirect,2025,1,2,0.12
70049,Store,2025,1,1,0.0
70049,Ecom,2025,2,3,0.18
70049,Indirect,2025,2,2,0.07
70049,Store,2025,2,1,0.05
70049,Ecom,2025,3,3,0.06
70049,Indirect,2025,3,1,0.1
70049,Store,2025,3,1,0.02
70049,Ecom,2025,4,5,0.0
70049,Indirect,2025,4,3,0.1
70049,Store,2025,4,2,0.08
70049,Ecom,2025,5,4,0.14
70049,Indirect,2025,5,2,0.09
70049,Store,2025,5,1,0.07
70049,Ecom,2025,6,5,0.2
70049,Indirect,2025,6,3,0.12
70049,Store,2025,6,2,0.15
70049,Ecom,2025,7,5,0.14
70049,Indirect,2025,7,3,0.0
70049,Store,2025,7,2,0.17
70049,Ecom,2025,8,3,0.19
70049,Indirect,2025,8,1,0.02
70049,Store,2025,8,1,0.1
70049,Ecom,2025,9,3,0.17
70049,Indirect,2025,9,2,0.14
70049,Store,2025,9,1,0.17
70049,Ecom,2025,10,3,0.07
70049,Indirect,2025,10,1,0.2
70049,Store,2025,10,1,0.17
70049,Ecom,2025,11,3,0.11
70049,Indirect,2025,11,1,0.01
70049,Store,2025,11,1,0.08
70049,Ecom,2025,12,2,0.13
70049,Indirect,2025,12,1,0.12
70049,Store,2025,12,1,0.11
70049,Ecom,2025,13,4,0.09
70049,Indirect,2025,13,2,0.06
70049,Store,2025,13,1,0.15
70049,Ecom,2025,14,3,0.19
70049,Indirect,2025,14,1,0.01
70049,Store,2025,14,1,0.05
70049,Ecom,2025,15,4,0.09
70049,Indirect,2025,15,2,0.09
70049,Store,2025,15,1,0.14
70049,Ecom,2025,16,3,0.12
70049,Indirect,2025,16,1,0.02
70049,Store,2025,16,1,0.11
70049,Ecom,2025,17,3,0.17
70049,Indirect,2025,17,1,0.08
70049,Store,2025,17,1,0.07
70049,Ecom,2025,18,4,0.17
70049,Indirect,2025,18,2,0.12
70049,Store,2025,18,1,0.08
70049,Ecom,2025,19,4,0.18
70049,Indirect,2025,19,2,0.15
70049,Store,2025,19,1,0.07
70049,Ecom,2025,20,4,0.14
70049,Indirect,2025,20,2,0.0
70049,Store,2025,20,1,0.17
70049,Ecom,2025,21,4,0.2
70049,Indirect,2025,21,2,0.05
70049,Store,2025,21,1,0.13
70049,Ecom,2025,22,4,0.19
70049,Indirect,2025,22,2,0.0
70049,Store,2025,22,1,0.07
70049,Ecom,2025,23,2,0.13
70049,Indirect,2025,23,1,0.1
70049,Store,2025,23,1,0.14
70049,Ecom,2025,24,3,0.14
70049,Indirect,2025,24,1,0.09
70049,Store,2025,24,1,0.01
70049,Ecom,2025,25,3,0.12
70049,Indirect,2025,25,2,0.13
70049,Store,2025,25,1,0.17
70049,Ecom,2025,26,2,0.02
70049,Indirect,2025,26,1,0.11
70049,Store,2025,26,1,0.05
70049,Ecom,2025,27,4,0.18
70049,Indirect,2025,27,2,0.06
70049,Store,2025,27,1,0.19
70049,Ecom,2025,28,2,0.13
70049,Indirect,2025,28,1,0.14
70049,Store,2025,28,1,0.18
70049,Ecom,2025,29,4,0.05
70049,Indirect,2025,29,2,0.1
70049,Store,2025,29,1,0.14
70049,Ecom,2025,30,4,0.05
70049,Indirect,2025,30,2,0.06
70049,Store,2025,30,1,0.03
70049,Ecom,2025,31,3,0.1
70049,Indirect,2025,31,2,0.2
70049,Store,2025,31,1,0.19
70049,Ecom,2025,32,4,0.17
70049,Indirect,2025,32,2,0.13
70049,Store,2025,32,1,0.1
70049,Ecom,2025,33,3,0.13
70049,Indirect,2025,33,2,0.19
70049,Store,2025,33,1,0.15
70049,Ecom,2025,34,3,0.17
70049,Indirect,2025,34,1,0.17
70049,Store,2025,34,1,0.06
70049,Ecom,2025,35,4,0.03
70049,Indirect,2025,35,2,0.08
70049,Store,2025,35,1,0.06
70049,Ecom,2025,36,2,0.13
70049,Indirect,2025,36,1,0.13
70049,Store,2025,36,1,0.1
70049,Ecom,2025,37,4,0.1
70049,Indirect,2025,37,2,0.09
70049,Store,2025,37,1,0.17
70049,Ecom,2025,38,3,0.15
70049,Indirect,2025,38,2,0.13
70049,Store,2025,38,1,0.04
70049,Ecom,2025,39,3,0.09
70049,Indirect,2025,39,2,0.12
70049,Store,2025,39,1,0.09
70049,Ecom,2025,40,4,0.09
70049,Indirect,2025,40,2,0.1
70049,Store,2025,40,1,0.17
70049,Ecom,2025,41,3,0.13
70049,Indirect,2025,41,1,0.09
70049,Store,2025,41,1,0.2
70049,Ecom,2025,42,3,0.08
70049,Indirect,2025,42,1,0.19
70049,Store,2025,42,1,0.09
70049,Ecom,2025,43,3,0.09
70049,Indirect,2025,43,2,0.18
70049,Store,2025,43,1,0.19
70049,Ecom,2025,44,3,0.03
70049,Indirect,2025,44,2,0.03
70049,Store,2025,44,1,0.09
70049,Ecom,2025,45,3,0.18
70049,Indirect,2025,45,2,0.08
70049,Store,2025,45,1,0.19
70049,Ecom,2025,46,3,0.13
70049,Indirect,2025,46,1,0.11
70049,Store,2025,46,1,0.05
70049,Ecom,2025,47,3,0.14
70049,Indirect,2025,47,2,0.16
70049,Store,2025,47,1,0.1
70049,Ecom,2025,48,3,0.02
70049,Indirect,2025,48,2,0.13
70049,Store,2025,48,1,0.15
70049,Ecom,2025,49,2,0.18
70049,Indirect,2025,49,1,0.05
70049,Store,2025,49,1,0.15
70049,Ecom,2025,50,3,0.09
70049,Indirect,2025,50,2,0.08
70049,Store,2025,50,1,0.18
70049,Ecom,2025,51,3,0.14
70049,Indirect,2025,51,1,0.18
70049,Store,2025,51,1,0.01
70049,Ecom,2025,52,3,0.0
70049,Indirect,2025,52,2,0.12
70049,Store,2025,52,1,0.14
70050,Ecom,2024,1,3,0.11
70050,Indirect,2024,1,2,0.07
70050,Store,2024,1,1,0.12
70050,Ecom,2024,2,3,0.12
70050,Indirect,2024,2,1,0.01
70050,Store,2024,2,1,0.12
70050,Ecom,2024,3,3,0.08
70050,Indirect,2024,3,2,0.03
70050,Store,2024,3,1,0.05
70050,Ecom,2024,4,2,0.08
70050,Indirect,2024,4,1,0.03
70050,Store,2024,4,0,0.13
70050,Ecom,2024,5,3,0.11
70050,Indirect,2024,5,2,0.1
70050,Store,2024,5,1,0.1
70050,Ecom,2024,6,2,0.14
70050,Indirect,2024,6,1,0.17
70050,Store,2024,6,1,0.16
70050,Ecom,2024,7,3,0.06
70050,Indirect,2024,7,2,0.13
70050,Store,2024,7,1,0.17
70050,Ecom,2024,8,2,0.04
70050,Indirect,2024,8,1,0.16
70050,Store,2024,8,1,0.13
70050,Ecom,2024,9,2,0.06
70050,Indirect,2024,9,1,0.07
70050,Store,2024,9,0,0.0
70050,Ecom,2024,10,4,0.08
70050,Indirect,2024,10,2,0.13
70050,Store,2024,10,1,0.05
70050,Ecom,2024,11,2,0.17
70050,Indirect,2024,11,1,0.14
70050,Store,2024,11,1,0.14
70050,Ecom,2024,12,3,0.17
70050,Indirect,2024,12,1,0.0
70050,Store,2024,12,1,0.17
70050,Ecom,2024,13,3,0.16
70050,Indirect,2024,13,2,0.01
70050,Store,2024,13,1,0.14
70050,Ecom,2024,14,4,0.04
70050,Indirect,2024,14,2,0.13
70050,Store,2024,14,1,0.02
70050,Ecom,2024,15,2,0.03
70050,Indirect,2024,15,1,0.19
70050,Store,2024,15,0,0.19
70050,Ecom,2024,16,2,0.04
70050,Indirect,2024,16,1,0.09
70050,Store,2024,16,0,0.05
70050,Ecom,2024,17,2,0.02
70050,Indirect,2024,17,1,0.08
70050,Store,2024,17,1,0.12
70050,Ecom,2024,18,3,0.03
70050,Indirect,2024,18,1,0.12
70050,Store,2024,18,1,0.14
70050,Ecom,2024,19,3,0.17
70050,Indirect,2024,19,1,0.19
70050,Store,2024,19,1,0.04
70050,Ecom,2024,20,3,0.02
70050,Indirect,2024,20,1,0.15
70050,Store,2024,20,1,0.07
70050,Ecom,2024,21,3,0.03
70050,Indirect,2024,21,1,0.05
70050,Store,2024,21,1,0.07
70050,Ecom,2024,22,3,0.15
70050,Indirect,2024,22,2,0.01
70050,Store,2024,22,1,0.15
70050,Ecom,2024,23,2,0.17
70050,Indirect,2024,23,1,0.03
70050,Store,2024,23,1,0.04
70050,Ecom,2024,24,3,0.03
70050,Indirect,2024,24,1,0.05
70050,Store,2024,24,1,0.07
70050,Ecom,2024,25,3,0.13
70050,Indirect,2024,25,1,0.05
70050,Store,2024,25,1,0.04
70050,Ecom,2024,26,3,0.19
70050,Indirect,2024,26,2,0.14
70050,Store,2024,26,1,0.19
70050,Ecom,2024,27,2,0.07
70050,Indirect,2024,27,1,0.03
70050,Store,2024,27,1,0.04
70050,Ecom,2024,28,3,0.15
70050,Indirect,2024,28,2,0.01
70050,Store,2024,28,1,0.18
70050,Ecom,2024,29,4,0.17
70050,Indirect,2024,29,2,0.13
70050,Store,2024,29,1,0.0
70050,Ecom,2024,30,2,0.02
70050,Indirect,2024,30,1,0.02
70050,Store,2024,30,0,0.09
70050,Ecom,2024,31,2,0.04
70050,Indirect,2024,31,1,0.02
70050,Store,2024,31,0,0.13
70050,Ecom,2024,32,2,0.17
70050,Indirect,2024,32,1,0.05
70050,Store,2024,32,1,0.16
70050,Ecom,2024,33,2,0.03
70050,Indirect,2024,33,1,0.13
70050,Store,2024,33,1,0.06
70050,Ecom,2024,34,3,0.12
70050,Indirect,2024,34,2,0.02
70050,Store,2024,34,1,0.18
70050,Ecom,2024,35,4,0.07
70050,Indirect,2024,35,2,0.13
70050,Store,2024,35,1,0.05
70050,Ecom,2024,36,2,0.18
70050,Indirect,2024,36,1,0.09
70050,Store,2024,36,1,0.06
70050,Ecom,2024,37,3,0.19
70050,Indirect,2024,37,2,0.05
70050,Store,2024,37,1,0.07
70050,Ecom,2024,38,2,0.18
70050,Indirect,2024,38,1,0.07
70050,Store,2024,38,1,0.19
70050,Ecom,2024,39,3,0.15
70050,Indirect,2024,39,2,0.08
70050,Store,2024,39,1,0.14
70050,Ecom,2024,40,2,0.05
70050,Indirect,2024,40,1,0.19
70050,Store,2024,40,0,0.1
70050,Ecom,2024,41,2,0.11
70050,Indirect,2024,41,1,0.06
70050,Store,2024,41,0,0.13
70050,Ecom,2024,42,3,0.17
70050,Indirect,2024,42,2,0.02
70050,Store,2024,42,1,0.19
70050,Ecom,2024,43,3,0.01
70050,Indirect,2024,43,2,0.12
70050,Store,2024,43,1,0.05
70050,Ecom,2024,44,3,0.02
70050,Indirect,2024,44,1,0.16
70050,Store,2024,44,1,0.17
70050,Ecom,2024,45,2,0.05
70050,Indirect,2024,45,1,0.16
70050,Store,2024,45,1,0.12
70050,Ecom,2024,46,3,0.1
70050,Indirect,2024,46,2,0.01
70050,Store,2024,46,1,0.06
70050,Ecom,2024,47,2,0.08
70050,Indirect,2024,47,1,0.01
70050,Store,2024,47,1,0.09
70050,Ecom,2024,48,3,0.02
70050,Indirect,2024,48,2,0.17
70050,Store,2024,48,1,0.09
70050,Ecom,2024,49,3,0.11
70050,Indirect,2024,49,1,0.18
70050,Store,2024,49,1,0.02
70050,Ecom,2024,50,4,0.05
70050,Indirect,2024,50,2,0.02
70050,Store,2024,50,1,0.04
70050,Ecom,2024,51,2,0.13
70050,Indirect,2024,51,1,0.18
70050,Store,2024,51,0,0.01
70050,Ecom,2024,52,3,0.11
70050,Indirect,2024,52,2,0.07
70050,Store,2024,52,1,0.01
70050,Ecom,2025,1,3,0.08
70050,Indirect,2025,1,1,0.07
70050,Store,2025,1,1,0.03
70050,Ecom,2025,2,3,0.0
70050,Indirect,2025,2,1,0.16
70050,Store,2025,2,1,0.01
70050,Ecom,2025,3,3,0.19
70050,Indirect,2025,3,2,0.0
70050,Store,2025,3,1,0.15
70050,Ecom,2025,4,2,0.09
70050,Indirect,2025,4,1,0.11
70050,Store,2025,4,1,0.01
70050,Ecom,2025,5,4,0.04
70050,Indirect,2025,5,2,0.2
70050,Store,2025,5,1,0.02
70050,Ecom,2025,6,3,0.01
70050,Indirect,2025,6,1,0.19
70050,Store,2025,6,1,0.15
70050,Ecom,2025,7,2,0.14
70050,Indirect,2025,7,1,0.09
70050,Store,2025,7,1,0.17
70050,Ecom,2025,8,3,0.17
70050,Indirect,2025,8,2,0.05
70050,Store,2025,8,1,0.06
70050,Ecom,2025,9,2,0.08
70050,Indirect,2025,9,1,0.03
70050,Store,2025,9,1,0.07
70050,Ecom,2025,10,2,0.07
70050,Indirect,2025,10,1,0.16
70050,Store,2025,10,1,0.2
70050,Ecom,2025,11,3,0.02
70050,Indirect,2025,11,1,0.17
70050,Store,2025,11,1,0.11
70050,Ecom,2025,12,2,0.08
70050,Indirect,2025,12,1,0.08
70050,Store,2025,12,1,0.01
70050,Ecom,2025,13,3,0.03
70050,Indirect,2025,13,1,0.09
70050,Store,2025,13,1,0.1
70050,Ecom,2025,14,2,0.02
70050,Indirect,2025,14,1,0.17
70050,Store,2025,14,0,0.15
70050,Ecom,2025,15,3,0.16
70050,Indirect,2025,15,1,0.09
70050,Store,2025,15,1,0.12
70050,Ecom,2025,16,4,0.14
70050,Indirect,2025,16,2,0.07
70050,Store,2025,16,1,0.13
70050,Ecom,2025,17,3,0.18
70050,Indirect,2025,17,2,0.01
70050,Store,2025,17,1,0.08
70050,Ecom,2025,18,3,0.02
70050,Indirect,2025,18,2,0.2
70050,Store,2025,18,1,0.14
70050,Ecom,2025,19,4,0.17
70050,Indirect,2025,19,2,0.1
70050,Store,2025,19,1,0.08
70050,Ecom,2025,20,4,0.08
70050,Indirect,2025,20,2,0.05
70050,Store,2025,20,1,0.03
70050,Ecom,2025,21,3,0.17
70050,Indirect,2025,21,1,0.18
70050,Store,2025,21,1,0.13
70050,Ecom,2025,22,3,0.14
70050,Indirect,2025,22,2,0.17
70050,Store,2025,22,1,0.13
70050,Ecom,2025,23,3,0.09
70050,Indirect,2025,23,1,0.09
70050,Store,2025,23,1,0.03
70050,Ecom,2025,24,2,0.17
70050,Indirect,2025,24,1,0.18
70050,Store,2025,24,1,0.15
70050,Ecom,2025,25,2,0.13
70050,Indirect,2025,25,1,0.01
70050,Store,2025,25,0,0.02
70050,Ecom,2025,26,4,0.15
70050,Indirect,2025,26,2,0.02
70050,Store,2025,26,1,0.17
70050,Ecom,2025,27,4,0.11
70050,Indirect,2025,27,2,0.11
70050,Store,2025,27,1,0.07
70050,Ecom,2025,28,3,0.1
70050,Indirect,2025,28,1,0.18
70050,Store,2025,28,1,0.09
70050,Ecom,2025,29,3,0.14
70050,Indirect,2025,29,2,0.12
70050,Store,2025,29,1,0.12
70050,Ecom,2025,30,2,0.13
70050,Indirect,2025,30,1,0.19
70050,Store,2025,30,0,0.01
70050,Ecom,2025,31,3,0.04
70050,Indirect,2025,31,2,0.15
70050,Store,2025,31,1,0.14
70050,Ecom,2025,32,2,0.14
70050,Indirect,2025,32,1,0.11
70050,Store,2025,32,0,0.15
70050,Ecom,2025,33,3,0.03
70050,Indirect,2025,33,2,0.17
70050,Store,2025,33,1,0.03
70050,Ecom,2025,34,3,0.16
70050,Indirect,2025,34,2,0.15
70050,Store,2025,34,1,0.19
70050,Ecom,2025,35,2,0.2
70050,Indirect,2025,35,1,0.07
70050,Store,2025,35,1,0.08
70050,Ecom,2025,36,3,0.06
70050,Indirect,2025,36,2,0.04
70050,Store,2025,36,1,0.04
70050,Ecom,2025,37,3,0.16
70050,Indirect,2025,37,2,0.19
70050,Store,2025,37,1,0.07
70050,Ecom,2025,38,2,0.05
70050,Indirect,2025,38,1,0.03
70050,Store,2025,38,1,0.08
70050,Ecom,2025,39,2,0.04
70050,Indirect,2025,39,1,0.19
70050,Store,2025,39,0,0.05
70050,Ecom,2025,40,3,0.18
70050,Indirect,2025,40,1,0.16
70050,Store,2025,40,1,0.15
70050,Ecom,2025,41,2,0.02
70050,Indirect,2025,41,1,0.06
70050,Store,2025,41,1,0.19
70050,Ecom,2025,42,3,0.15
70050,Indirect,2025,42,2,0.17
70050,Store,2025,42,1,0.01
70050,Ecom,2025,43,2,0.04
70050,Indirect,2025,43,1,0.19
70050,Store,2025,43,1,0.17
70050,Ecom,2025,44,2,0.01
70050,Indirect,2025,44,1,0.19
70050,Store,2025,44,0,0.08
70050,Ecom,2025,45,2,0.16
70050,Indirect,2025,45,1,0.06
70050,Store,2025,45,1,0.1
70050,Ecom,2025,46,3,0.15
70050,Indirect,2025,46,1,0.03
70050,Store,2025,46,1,0.03
70050,Ecom,2025,47,3,0.07
70050,Indirect,2025,47,2,0.13
70050,Store,2025,47,1,0.16
70050,Ecom,2025,48,3,0.09
70050,Indirect,2025,48,2,0.08
70050,Store,2025,48,1,0.2
70050,Ecom,2025,49,2,0.06
70050,Indirect,2025,49,1,0.05
70050,Store,2025,49,1,0.02
70050,Ecom,2025,50,2,0.05
70050,Indirect,2025,50,1,0.02
70050,Store,2025,50,1,0.2
70050,Ecom,2025,51,2,0.02
70050,Indirect,2025,51,1,0.18
70050,Store,2025,51,1,0.09
70050,Ecom,2025,52,3,0.14
70050,Indirect,2025,52,2,0.06
70050,Store,2025,52,1,0.13
70051,Ecom,2024,1,6,0.2
70051,Indirect,2024,1,3,0.19
70051,Store,2024,1,2,0.17
70051,Ecom,2024,2,10,0.07
70051,Indirect,2024,2,6,0.17
70051,Store,2024,2,4,0.03
70051,Ecom,2024,3,9,0.13
70051,Indirect,2024,3,5,0.07
70051,Store,2024,3,3,0.1
70051,Ecom,2024,4,5,0.16
70051,Indirect,2024,4,3,0.13
70051,Store,2024,4,2,0.19
70051,Ecom,2024,5,7,0.07
70051,Indirect,2024,5,4,0.01
70051,Store,2024,5,3,0.01
70051,Ecom,2024,6,10,0.16
70051,Indirect,2024,6,6,0.14
70051,Store,2024,6,4,0.02
70051,Ecom,2024,7,9,0.03
70051,Indirect,2024,7,5,0.17
70051,Store,2024,7,3,0.05
70051,Ecom,2024,8,8,0.16
70051,Indirect,2024,8,4,0.02
70051,Store,2024,8,3,0.02
70051,Ecom,2024,9,7,0.02
70051,Indirect,2024,9,4,0.14
70051,Store,2024,9,2,0.09
70051,Ecom,2024,10,7,0.19
70051,Indirect,2024,10,4,0.12
70051,Store,2024,10,3,0.18
70051,Ecom,2024,11,6,0.14
70051,Indirect,2024,11,3,0.04
70051,Store,2024,11,2,0.12
70051,Ecom,2024,12,8,0.11
70051,Indirect,2024,12,4,0.09
70051,Store,2024,12,3,0.03
70051,Ecom,2024,13,9,0.13
70051,Indirect,2024,13,5,0.15
70051,Store,2024,13,3,0.01
70051,Ecom,2024,14,6,0.19
70051,Indirect,2024,14,3,0.12
70051,Store,2024,14,2,0.02
70051,Ecom,2024,15,9,0.19
70051,Indirect,2024,15,5,0.14
70051,Store,2024,15,3,0.1
70051,Ecom,2024,16,7,0.02
70051,Indirect,2024,16,4,0.07
70051,Store,2024,16,2,0.2
70051,Ecom,2024,17,8,0.07
70051,Indirect,2024,17,5,0.09
70051,Store,2024,17,3,0.11
70051,Ecom,2024,18,6,0.2
70051,Indirect,2024,18,3,0.07
70051,Store,2024,18,2,0.19
70051,Ecom,2024,19,7,0.07
70051,Indirect,2024,19,4,0.1
70051,Store,2024,19,3,0.11
70051,Ecom,2024,20,5,0.15
70051,Indirect,2024,20,3,0.19
70051,Store,2024,20,2,0.11
70051,Ecom,2024,21,5,0.01
70051,Indirect,2024,21,3,0.16
70051,Store,2024,21,2,0.0
70051,Ecom,2024,22,7,0.17
70051,Indirect,2024,22,4,0.09
70051,Store,2024,22,3,0.05
70051,Ecom,2024,23,8,0.12
70051,Indirect,2024,23,4,0.05
70051,Store,2024,23,3,0.18
70051,Ecom,2024,24,5,0.02
70051,Indirect,2024,24,3,0.12
70051,Store,2024,24,2,0.09
70051,Ecom,2024,25,9,0.04
70051,Indirect,2024,25,5,0.13
70051,Store,2024,25,3,0.08
70051,Ecom,2024,26,6,0.12
70051,Indirect,2024,26,3,0.17
70051,Store,2024,26,2,0.13
70051,Ecom,2024,27,6,0.18
70051,Indirect,2024,27,3,0.13
70051,Store,2024,27,2,0.16
70051,Ecom,2024,28,7,0.11
70051,Indirect,2024,28,4,0.0
70051,Store,2024,28,2,0.14
70051,Ecom,2024,29,8,0.09
70051,Indirect,2024,29,5,0.08
70051,Store,2024,29,3,0.12
70051,Ecom,2024,30,9,0.04
70051,Indirect,2024,30,5,0.19
70051,Store,2024,30,3,0.07
70051,Ecom,2024,31,8,0.09
70051,Indirect,2024,31,4,0.16
70051,Store,2024,31,3,0.1
70051,Ecom,2024,32,7,0.01
70051,Indirect,2024,32,4,0.12
70051,Store,2024,32,2,0.18
70051,Ecom,2024,33,10,0.04
70051,Indirect,2024,33,6,0.13
70051,Store,2024,33,4,0.19
70051,Ecom,2024,34,9,0.02
70051,Indirect,2024,34,5,0.15
70051,Store,2024,34,3,0.17
70051,Ecom,2024,35,5,0.05
70051,Indirect,2024,35,3,0.08
70051,Store,2024,35,2,0.01
70051,Ecom,2024,36,9,0.12
70051,Indirect,2024,36,5,0.12
70051,Store,2024,36,3,0.13
70051,Ecom,2024,37,7,0.06
70051,Indirect,2024,37,4,0.0
70051,Store,2024,37,2,0.1
70051,Ecom,2024,38,6,0.05
70051,Indirect,2024,38,3,0.17
70051,Store,2024,38,2,0.08
70051,Ecom,2024,39,6,0.11
70051,Indirect,2024,39,3,0.09
70051,Store,2024,39,2,0.17
70051,Ecom,2024,40,6,0.03
70051,Indirect,2024,40,3,0.1
70051,Store,2024,40,2,0.07
70051,Ecom,2024,41,6,0.12
70051,Indirect,2024,41,3,0.17
70051,Store,2024,41,2,0.18
70051,Ecom,2024,42,5,0.17
70051,Indirect,2024,42,3,0.03
70051,Store,2024,42,2,0.18
70051,Ecom,2024,43,6,0.06
70051,Indirect,2024,43,3,0.11
70051,Store,2024,43,2,0.13
70051,Ecom,2024,44,5,0.02
70051,Indirect,2024,44,3,0.16
70051,Store,2024,44,2,0.1
70051,Ecom,2024,45,7,0.12
70051,Indirect,2024,45,4,0.17
70051,Store,2024,45,2,0.03
70051,Ecom,2024,46,6,0.15
70051,Indirect,2024,46,3,0.05
70051,Store,2024,46,2,0.17
70051,Ecom,2024,47,9,0.07
70051,Indirect,2024,47,5,0.18
70051,Store,2024,47,3,0.19
70051,Ecom,2024,48,7,0.01
70051,Indirect,2024,48,4,0.06
70051,Store,2024,48,2,0.12
70051,Ecom,2024,49,6,0.09
70051,Indirect,2024,49,3,0.15
70051,Store,2024,49,2,0.03
70051,Ecom,2024,50,6,0.07
70051,Indirect,2024,50,3,0.02
70051,Store,2024,50,2,0.07
70051,Ecom,2024,51,5,0.17
70051,Indirect,2024,51,3,0.05
70051,Store,2024,51,2,0.17
70051,Ecom,2024,52,6,0.15
70051,Indirect,2024,52,3,0.07
70051,Store,2024,52,2,0.05
70051,Ecom,2025,1,5,0.13
70051,Indirect,2025,1,3,0.05
70051,Store,2025,1,2,0.11
70051,Ecom,2025,2,7,0.02
70051,Indirect,2025,2,4,0.12
70051,Store,2025,2,3,0.01
70051,Ecom,2025,3,7,0.16
70051,Indirect,2025,3,4,0.09
70051,Store,2025,3,2,0.15
70051,Ecom,2025,4,8,0.05
70051,Indirect,2025,4,5,0.11
70051,Store,2025,4,3,0.17
70051,Ecom,2025,5,9,0.17
70051,Indirect,2025,5,5,0.16
70051,Store,2025,5,3,0.15
70051,Ecom,2025,6,6,0.05
70051,Indirect,2025,6,3,0.02
70051,Store,2025,6,2,0.16
70051,Ecom,2025,7,7,0.1
70051,Indirect,2025,7,4,0.14
70051,Store,2025,7,2,0.13
70051,Ecom,2025,8,10,0.09
70051,Indirect,2025,8,6,0.04
70051,Store,2025,8,4,0.03
70051,Ecom,2025,9,7,0.11
70051,Indirect,2025,9,4,0.17
70051,Store,2025,9,2,0.09
70051,Ecom,2025,10,8,0.09
70051,Indirect,2025,10,5,0.16
70051,Store,2025,10,3,0.09
70051,Ecom,2025,11,5,0.19
70051,Indirect,2025,11,3,0.06
70051,Store,2025,11,2,0.04
70051,Ecom,2025,12,6,0.02
70051,Indirect,2025,12,3,0.1
70051,Store,2025,12,2,0.14
70051,Ecom,2025,13,8,0.01
70051,Indirect,2025,13,5,0.07
70051,Store,2025,13,3,0.05
70051,Ecom,2025,14,7,0.19
70051,Indirect,2025,14,4,0.07
70051,Store,2025,14,2,0.17
70051,Ecom,2025,15,9,0.14
70051,Indirect,2025,15,5,0.08
70051,Store,2025,15,3,0.14
70051,Ecom,2025,16,9,0.18
70051,Indirect,2025,16,5,0.07
70051,Store,2025,16,3,0.1
70051,Ecom,2025,17,8,0.08
70051,Indirect,2025,17,5,0.0
70051,Store,2025,17,3,0.11
70051,Ecom,2025,18,8,0.18
70051,Indirect,2025,18,5,0.17
70051,Store,2025,18,3,0.08
70051,Ecom,2025,19,10,0.17
70051,Indirect,2025,19,6,0.03
70051,Store,2025,19,4,0.04
70051,Ecom,2025,20,10,0.03
70051,Indirect,2025,20,6,0.1
70051,Store,2025,20,4,0.07
70051,Ecom,2025,21,7,0.2
70051,Indirect,2025,21,4,0.03
70051,Store,2025,21,3,0.12
70051,Ecom,2025,22,9,0.11
70051,Indirect,2025,22,5,0.06
70051,Store,2025,22,3,0.15
70051,Ecom,2025,23,10,0.05
70051,Indirect,2025,23,6,0.17
70051,Store,2025,23,4,0.19
70051,Ecom,2025,24,6,0.11
70051,Indirect,2025,24,3,0.18
70051,Store,2025,24,2,0.02
70051,Ecom,2025,25,9,0.17
70051,Indirect,2025,25,5,0.04
70051,Store,2025,25,3,0.07
70051,Ecom,2025,26,8,0.15
70051,Indirect,2025,26,5,0.19
70051,Store,2025,26,3,0.06
70051,Ecom,2025,27,9,0.09
70051,Indirect,2025,27,5,0.08
70051,Store,2025,27,3,0.2
70051,Ecom,2025,28,5,0.08
70051,Indirect,2025,28,3,0.09
70051,Store,2025,28,2,0.14
70051,Ecom,2025,29,5,0.16
70051,Indirect,2025,29,3,0.13
70051,Store,2025,29,2,0.01
70051,Ecom,2025,30,8,0.02
70051,Indirect,2025,30,4,0.03
70051,Store,2025,30,3,0.02
70051,Ecom,2025,31,7,0.11
70051,Indirect,2025,31,4,0.14
70051,Store,2025,31,2,0.19
70051,Ecom,2025,32,8,0.13
70051,Indirect,2025,32,5,0.17
70051,Store,2025,32,3,0.0
70051,Ecom,2025,33,6,0.11
70051,Indirect,2025,33,3,0.02
70051,Store,2025,33,2,0.11
70051,Ecom,2025,34,5,0.08
70051,Indirect,2025,34,3,0.14
70051,Store,2025,34,2,0.19
70051,Ecom,2025,35,5,0.13
70051,Indirect,2025,35,3,0.15
70051,Store,2025,35,2,0.06
70051,Ecom,2025,36,8,0.13
70051,Indirect,2025,36,4,0.19
70051,Store,2025,36,3,0.01
70051,Ecom,2025,37,9,0.03
70051,Indirect,2025,37,5,0.08
70051,Store,2025,37,3,0.13
70051,Ecom,2025,38,8,0.12
70051,Indirect,2025,38,5,0.05
70051,Store,2025,38,3,0.06
70051,Ecom,2025,39,6,0.18
70051,Indirect,2025,39,3,0.07
70051,Store,2025,39,2,0.18
70051,Ecom,2025,40,6,0.11
70051,Indirect,2025,40,3,0.02
70051,Store,2025,40,2,0.03
70051,Ecom,2025,41,6,0.08
70051,Indirect,2025,41,3,0.2
70051,Store,2025,41,2,0.08
70051,Ecom,2025,42,6,0.01
70051,Indirect,2025,42,3,0.1
70051,Store,2025,42,2,0.04
70051,Ecom,2025,43,9,0.17
70051,Indirect,2025,43,5,0.12
70051,Store,2025,43,3,0.03
70051,Ecom,2025,44,7,0.09
70051,Indirect,2025,44,4,0.16
70051,Store,2025,44,2,0.07
70051,Ecom,2025,45,6,0.15
70051,Indirect,2025,45,3,0.12
70051,Store,2025,45,2,0.15
70051,Ecom,2025,46,9,0.07
70051,Indirect,2025,46,5,0.14
70051,Store,2025,46,3,0.02
70051,Ecom,2025,47,7,0.01
70051,Indirect,2025,47,4,0.05
70051,Store,2025,47,2,0.08
70051,Ecom,2025,48,9,0.05
70051,Indirect,2025,48,5,0.19
70051,Store,2025,48,3,0.08
70051,Ecom,2025,49,9,0.02
70051,Indirect,2025,49,5,0.06
70051,Store,2025,49,3,0.07
70051,Ecom,2025,50,9,0.14
70051,Indirect,2025,50,5,0.08
70051,Store,2025,50,3,0.08
70051,Ecom,2025,51,8,0.17
70051,Indirect,2025,51,5,0.19
70051,Store,2025,51,3,0.02
70051,Ecom,2025,52,7,0.04
70051,Indirect,2025,52,4,0.08
70051,Store,2025,52,3,0.19
70052,Ecom,2024,1,6,0.04
70052,Indirect,2024,1,3,0.02
70052,Store,2024,1,2,0.02
70052,Ecom,2024,2,8,0.07
70052,Indirect,2024,2,4,0.19
70052,Store,2024,2,3,0.2
70052,Ecom,2024,3,7,0.15
70052,Indirect,2024,3,4,0.13
70052,Store,2024,3,2,0.04
70052,Ecom,2024,4,4,0.05
70052,Indirect,2024,4,2,0.03
70052,Store,2024,4,1,0.06
70052,Ecom,2024,5,8,0.12
70052,Indirect,2024,5,4,0.05
70052,Store,2024,5,3,0.06
70052,Ecom,2024,6,5,0.01
70052,Indirect,2024,6,3,0.14
70052,Store,2024,6,2,0.08
70052,Ecom,2024,7,5,0.03
70052,Indirect,2024,7,3,0.04
70052,Store,2024,7,2,0.06
70052,Ecom,2024,8,7,0.09
70052,Indirect,2024,8,4,0.13
70052,Store,2024,8,3,0.09
70052,Ecom,2024,9,6,0.15
70052,Indirect,2024,9,3,0.16
70052,Store,2024,9,2,0.0
70052,Ecom,2024,10,7,0.08
70052,Indirect,2024,10,4,0.09
70052,Store,2024,10,3,0.16
70052,Ecom,2024,11,7,0.15
70052,Indirect,2024,11,4,0.04
70052,Store,2024,11,3,0.12
70052,Ecom,2024,12,4,0.11
70052,Indirect,2024,12,2,0.13
70052,Store,2024,12,1,0.1
70052,Ecom,2024,13,6,0.04
70052,Indirect,2024,13,3,0.11
70052,Store,2024,13,2,0.03
70052,Ecom,2024,14,4,0.15
70052,Indirect,2024,14,2,0.08
70052,Store,2024,14,1,0.05
70052,Ecom,2024,15,7,0.15
70052,Indirect,2024,15,4,0.17
70052,Store,2024,15,2,0.1
70052,Ecom,2024,16,6,0.03
70052,Indirect,2024,16,3,0.12
70052,Store,2024,16,2,0.12
70052,Ecom,2024,17,5,0.08
70052,Indirect,2024,17,3,0.19
70052,Store,2024,17,2,0.03
70052,Ecom,2024,18,5,0.02
70052,Indirect,2024,18,3,0.01
70052,Store,2024,18,2,0.15
70052,Ecom,2024,19,5,0.07
70052,Indirect,2024,19,3,0.18
70052,Store,2024,19,2,0.04
70052,Ecom,2024,20,5,0.11
70052,Indirect,2024,20,3,0.12
70052,Store,2024,20,2,0.13
70052,Ecom,2024,21,7,0.03
70052,Indirect,2024,21,4,0.02
70052,Store,2024,21,3,0.0
70052,Ecom,2024,22,5,0.09
70052,Indirect,2024,22,3,0.03
70052,Store,2024,22,2,0.18
70052,Ecom,2024,23,6,0.12
70052,Indirect,2024,23,3,0.13
70052,Store,2024,23,2,0.04
70052,Ecom,2024,24,6,0.07
70052,Indirect,2024,24,3,0.13
70052,Store,2024,24,2,0.15
70052,Ecom,2024,25,6,0.05
70052,Indirect,2024,25,3,0.05
70052,Store,2024,25,2,0.16
70052,Ecom,2024,26,7,0.02
70052,Indirect,2024,26,4,0.08
70052,Store,2024,26,2,0.19
70052,Ecom,2024,27,5,0.13
70052,Indirect,2024,27,3,0.15
70052,Store,2024,27,2,0.15
70052,Ecom,2024,28,4,0.15
70052,Indirect,2024,28,2,0.02
70052,Store,2024,28,1,0.17
70052,Ecom,2024,29,6,0.14
70052,Indirect,2024,29,3,0.05
70052,Store,2024,29,2,0.15
70052,Ecom,2024,30,5,0.1
70052,Indirect,2024,30,3,0.01
70052,Store,2024,30,2,0.2
70052,Ecom,2024,31,5,0.12
70052,Indirect,2024,31,3,0.06
70052,Store,2024,31,2,0.03
70052,Ecom,2024,32,7,0.02
70052,Indirect,2024,32,4,0.08
70052,Store,2024,32,2,0.16
70052,Ecom,2024,33,5,0.13
70052,Indirect,2024,33,3,0.01
70052,Store,2024,33,2,0.13
70052,Ecom,2024,34,6,0.1
70052,Indirect,2024,34,3,0.15
70052,Store,2024,34,2,0.16
70052,Ecom,2024,35,6,0.06
70052,Indirect,2024,35,3,0.18
70052,Store,2024,35,2,0.16
70052,Ecom,2024,36,7,0.15
70052,Indirect,2024,36,4,0.15
70052,Store,2024,36,3,0.03
70052,Ecom,2024,37,8,0.08
70052,Indirect,2024,37,4,0.0
70052,Store,2024,37,3,0.01
70052,Ecom,2024,38,5,0.01
70052,Indirect,2024,38,3,0.03
70052,Store,2024,38,2,0.06
70052,Ecom,2024,39,5,0.08
70052,Indirect,2024,39,3,0.03
70052,Store,2024,39,2,0.01
70052,Ecom,2024,40,6,0.1
70052,Indirect,2024,40,3,0.11
70052,Store,2024,40,2,0.04
70052,Ecom,2024,41,7,0.04
70052,Indirect,2024,41,4,0.1
70052,Store,2024,41,3,0.11
70052,Ecom,2024,42,7,0.1
70052,Indirect,2024,42,4,0.16
70052,Store,2024,42,2,0.13
70052,Ecom,2024,43,6,0.16
70052,Indirect,2024,43,3,0.18
70052,Store,2024,43,2,0.14
70052,Ecom,2024,44,5,0.01
70052,Indirect,2024,44,3,0.19
70052,Store,2024,44,2,0.19
70052,Ecom,2024,45,6,0.18
70052,Indirect,2024,45,3,0.19
70052,Store,2024,45,2,0.06
70052,Ecom,2024,46,7,0.1
70052,Indirect,2024,46,4,0.0
70052,Store,2024,46,2,0.02
70052,Ecom,2024,47,7,0.11
70052,Indirect,2024,47,4,0.08
70052,Store,2024,47,2,0.02
70052,Ecom,2024,48,4,0.03
70052,Indirect,2024,48,2,0.14
70052,Store,2024,48,1,0.12
70052,Ecom,2024,49,5,0.08
70052,Indirect,2024,49,3,0.15
70052,Store,2024,49,2,0.1
70052,Ecom,2024,50,5,0.11
70052,Indirect,2024,50,3,0.14
70052,Store,2024,50,2,0.13
70052,Ecom,2024,51,5,0.19
70052,Indirect,2024,51,3,0.07
70052,Store,2024,51,2,0.16
70052,Ecom,2024,52,7,0.08
70052,Indirect,2024,52,4,0.05
70052,Store,2024,52,2,0.17
70052,Ecom,2025,1,7,0.04
70052,Indirect,2025,1,4,0.12
70052,Store,2025,1,2,0.03
70052,Ecom,2025,2,7,0.15
70052,Indirect,2025,2,4,0.14
70052,Store,2025,2,3,0.16
70052,Ecom,2025,3,8,0.08
70052,Indirect,2025,3,4,0.08
70052,Store,2025,3,3,0.13
70052,Ecom,2025,4,5,0.12
70052,Indirect,2025,4,3,0.15
70052,Store,2025,4,2,0.19
70052,Ecom,2025,5,7,0.18
70052,Indirect,2025,5,4,0.17
70052,Store,2025,5,3,0.03
70052,Ecom,2025,6,8,0.07
70052,Indirect,2025,6,4,0.15
70052,Store,2025,6,3,0.05
70052,Ecom,2025,7,6,0.08
70052,Indirect,2025,7,3,0.14
70052,Store,2025,7,2,0.08
70052,Ecom,2025,8,7,0.01
70052,Indirect,2025,8,4,0.03
70052,Store,2025,8,3,0.1
70052,Ecom,2025,9,6,0.1
70052,Indirect,2025,9,3,0.05
70052,Store,2025,9,2,0.07
70052,Ecom,2025,10,8,0.15
70052,Indirect,2025,10,4,0.07
70052,Store,2025,10,3,0.19
70052,Ecom,2025,11,8,0.05
70052,Indirect,2025,11,4,0.07
70052,Store,2025,11,3,0.05
70052,Ecom,2025,12,8,0.09
70052,Indirect,2025,12,4,0.0
70052,Store,2025,12,3,0.16
70052,Ecom,2025,13,8,0.11
70052,Indirect,2025,13,4,0.16
70052,Store,2025,13,3,0.18
70052,Ecom,2025,14,4,0.14
70052,Indirect,2025,14,2,0.17
70052,Store,2025,14,1,0.14
70052,Ecom,2025,15,5,0.19
70052,Indirect,2025,15,3,0.06
70052,Store,2025,15,2,0.08
70052,Ecom,2025,16,4,0.02
70052,Indirect,2025,16,2,0.06
70052,Store,2025,16,1,0.0
70052,Ecom,2025,17,4,0.04
70052,Indirect,2025,17,2,0.17
70052,Store,2025,17,1,0.2
70052,Ecom,2025,18,6,0.05
70052,Indirect,2025,18,3,0.15
70052,Store,2025,18,2,0.13
70052,Ecom,2025,19,7,0.17
70052,Indirect,2025,19,4,0.08
70052,Store,2025,19,2,0.18
70052,Ecom,2025,20,6,0.07
70052,Indirect,2025,20,3,0.06
70052,Store,2025,20,2,0.19
70052,Ecom,2025,21,5,0.17
70052,Indirect,2025,21,3,0.14
70052,Store,2025,21,2,0.0
70052,Ecom,2025,22,7,0.03
70052,Indirect,2025,22,4,0.03
70052,Store,2025,22,3,0.12
70052,Ecom,2025,23,7,0.09
70052,Indirect,2025,23,4,0.17
70052,Store,2025,23,3,0.16
70052,Ecom,2025,24,5,0.15
70052,Indirect,2025,24,3,0.15
70052,Store,2025,24,2,0.11
70052,Ecom,2025,25,6,0.11
70052,Indirect,2025,25,3,0.02
70052,Store,2025,25,2,0.09
70052,Ecom,2025,26,7,0.01
70052,Indirect,2025,26,4,0.05
70052,Store,2025,26,2,0.09
70052,Ecom,2025,27,5,0.16
70052,Indirect,2025,27,3,0.07
70052,Store,2025,27,2,0.05
70052,Ecom,2025,28,7,0.14
70052,Indirect,2025,28,4,0.02
70052,Store,2025,28,2,0.16
70052,Ecom,2025,29,4,0.02
70052,Indirect,2025,29,2,0.11
70052,Store,2025,29,1,0.15
70052,Ecom,2025,30,5,0.19
70052,Indirect,2025,30,3,0.17
70052,Store,2025,30,2,0.16
70052,Ecom,2025,31,5,0.06
70052,Indirect,2025,31,3,0.14
70052,Store,2025,31,2,0.13
70052,Ecom,2025,32,7,0.18
70052,Indirect,2025,32,4,0.17
70052,Store,2025,32,2,0.03
70052,Ecom,2025,33,4,0.12
70052,Indirect,2025,33,2,0.15
70052,Store,2025,33,1,0.02
70052,Ecom,2025,34,5,0.16
70052,Indirect,2025,34,3,0.17
70052,Store,2025,34,2,0.13
70052,Ecom,2025,35,8,0.06
70052,Indirect,2025,35,4,0.09
70052,Store,2025,35,3,0.02
70052,Ecom,2025,36,8,0.12
70052,Indirect,2025,36,4,0.15
70052,Store,2025,36,3,0.05
70052,Ecom,2025,37,7,0.2
70052,Indirect,2025,37,4,0.2
70052,Store,2025,37,2,0.13
70052,Ecom,2025,38,6,0.19
70052,Indirect,2025,38,3,0.07
70052,Store,2025,38,2,0.04
70052,Ecom,2025,39,5,0.11
70052,Indirect,2025,39,3,0.0
70052,Store,2025,39,2,0.12
70052,Ecom,2025,40,7,0.2
70052,Indirect,2025,40,4,0.04
70052,Store,2025,40,2,0.02
70052,Ecom,2025,41,5,0.04
70052,Indirect,2025,41,3,0.04
70052,Store,2025,41,2,0.0
70052,Ecom,2025,42,5,0.04
70052,Indirect,2025,42,3,0.09
70052,Store,2025,42,2,0.14
70052,Ecom,2025,43,6,0.12
70052,Indirect,2025,43,3,0.03
70052,Store,2025,43,2,0.08
70052,Ecom,2025,44,7,0.16
70052,Indirect,2025,44,4,0.02
70052,Store,2025,44,2,0.12
70052,Ecom,2025,45,8,0.18
70052,Indirect,2025,45,4,0.06
70052,Store,2025,45,3,0.19
70052,Ecom,2025,46,7,0.15
70052,Indirect,2025,46,4,0.15
70052,Store,2025,46,3,0.18
70052,Ecom,2025,47,5,0.06
70052,Indirect,2025,47,3,0.08
70052,Store,2025,47,2,0.08
70052,Ecom,2025,48,4,0.07
70052,Indirect,2025,48,2,0.16
70052,Store,2025,48,1,0.19
70052,Ecom,2025,49,7,0.1
70052,Indirect,2025,49,4,0.04
70052,Store,2025,49,2,0.15
70052,Ecom,2025,50,5,0.2
70052,Indirect,2025,50,3,0.16
70052,Store,2025,50,2,0.18
70052,Ecom,2025,51,6,0.0
70052,Indirect,2025,51,3,0.03
70052,Store,2025,51,2,0.06
70052,Ecom,2025,52,6,0.1
70052,Indirect,2025,52,3,0.18
70052,Store,2025,52,2,0.05
